CustomerID,CustomerName,Age,Gender,City,PurchaseDate,PurchaseTime,ProductCategory,ProductName,Quantity,UnitPrice(INR),TotalAmount(INR),PaymentMethod,Rating
CUST00001,Manish Verma,65,Female,Ahmedabad,2025-07-12,10:37,Groceries,Wheat Flour 10kg,6,457.37,2744.22,Cash,1
CUST00002,Sneha Patel,31,Male,Vadodara,2025-12-19,17:26,Home & Kitchen,Table Lamp,2,5770.75,11541.5,Debit Card,5
CUST00003,Shalini Sharma,28,Female,Surat,2025-01-24,10:22,Electronics,Laptop,3,5317.69,15953.07,UPI,4
CUST00004,Anjali Kulkarni,52,Male,Nagpur,2025-01-05,18:12,Groceries,Toor Dal 1kg,6,390.19,2341.14,Walmart Gift Card,2
CUST00005,Anjali Rao,36,Male,Ahmedabad,2025-01-08,11:23,Toys & Baby,Board Game,3,1868.3,5604.9,UPI,4
CUST00006,Varun Kumar,56,Male,Ludhiana,2025-10-17,20:35,Personal Care,Face Wash,4,378.74,1514.96,Debit Card,5
CUST00007,Neha Rao,20,Female,Nagpur,2024-11-18,12:41,Electronics,Laptop,5,39535.45,197677.25,Cash,5
CUST00008,Vishal Iyer,34,Male,Ahmedabad,2025-03-14,18:25,Personal Care,Soap Bar Pack,3,687.49,2062.47,UPI,4
CUST00009,Meera Nagar,49,Male,Delhi,2025-11-27,15:38,Toys & Baby,Toy Car,6,723.93,4343.58,Credit Card,5
CUST00010,Rakesh Thakur,47,Female,Ludhiana,2025-11-29,17:48,Toys & Baby,Baby Diapers Pack,6,2910.82,17464.92,UPI,5
CUST00011,Manish Bhatt,45,Male,Bhopal,2025-06-03,10:55,Groceries,Toor Dal 1kg,5,469.08,2345.4,Walmart Gift Card,4
CUST00012,Rajendra Thakur,30,Male,Kanpur,2025-09-05,14:31,Personal Care,Soap Bar Pack,5,831.53,4157.65,Credit Card,2
CUST00013,Abhishek Pandey,33,Male,Ahmedabad,2024-03-11,21:34,Toys & Baby,Baby Wipes,1,2954.44,2954.44,Debit Card,3
CUST00014,Tarun Dutta,28,Female,Vadodara,2025-12-07,12:45,Toys & Baby,Board Game,2,3722.76,7445.52,UPI,5
CUST00015,Komal Rathore,51,Female,Hyderabad,2025-07-21,12:37,Groceries,Wheat Flour 10kg,3,61.57,184.71,Debit Card,1
CUST00016,Pooja Singh,32,Male,Delhi,2025-11-16,16:13,Toys & Baby,Baby Wipes,5,1028.22,5141.1,Net Banking,3
CUST00017,Tarun Desai,48,Female,Pune,2025-04-23,20:03,Groceries,Bread Loaf,3,282.97,848.91,Walmart Gift Card,2
CUST00018,Neha Das,64,Female,Hyderabad,2025-03-08,11:17,Groceries,Sugar 1kg,5,296.74,1483.7,Cash,4
CUST00019,Pooja Rathore,53,Male,Delhi,2024-08-30,11:26,Home & Kitchen,Table Lamp,1,7756.62,7756.62,Cash,5
CUST00020,Preeti Das,21,Male,Nagpur,2025-04-10,13:27,Groceries,Bread Loaf,3,559.58,1678.74,Walmart Gift Card,5
CUST00021,Shreya Kapoor,36,Male,Delhi,2024-02-28,09:37,Home & Kitchen,Table Lamp,1,6021.61,6021.61,Cash,3
CUST00022,Neha Nagar,23,Male,Bangalore,2025-08-06,12:37,Home & Kitchen,Curtains,4,1091.11,4364.44,Net Banking,1
CUST00023,Arjun Menon,60,Female,Jaipur,2024-05-14,19:41,Groceries,Milk 1L,2,196.09,392.18,UPI,5
CUST00024,Siddharth Kumar,18,Female,Nashik,2025-06-02,13:08,Sports & Fitness,Dumbbells Set,1,8156.99,8156.99,UPI,2
CUST00025,Kritika Chauhan,36,Male,Bhopal,2025-10-31,17:00,Toys & Baby,Feeding Bottle,5,3937.03,19685.15,Walmart Gift Card,4
CUST00026,Kavita Nair,34,Male,Hyderabad,2024-08-03,20:21,Personal Care,Face Wash,3,296.68,890.04,Debit Card,4
CUST00027,Rajendra Trivedi,34,Male,Bangalore,2024-05-13,19:16,Home & Kitchen,Dinner Set,1,177.83,177.83,Debit Card,5
CUST00028,Sandeep Dutta,18,Male,Bangalore,2025-01-13,18:35,Sports & Fitness,Cricket Bat,5,733.22,3666.1,Debit Card,5
CUST00029,Suresh Gupta,37,Female,Delhi,2024-04-15,14:49,Furniture,Sofa Set,6,7363.95,44183.7,Net Banking,5
CUST00030,Shreya Desai,28,Male,Indore,2024-09-11,13:10,Groceries,Milk 1L,4,491.23,1964.92,Walmart Gift Card,2
CUST00031,Rakesh Gupta,48,Male,Pune,2024-08-21,12:01,Toys & Baby,Soft Toy,3,1290.24,3870.72,Walmart Gift Card,4
CUST00032,Kiran Mishra,35,Male,Jaipur,2025-07-03,14:01,Electronics,Air Conditioner,4,30834.7,123338.8,Credit Card,4
CUST00033,Vivek Kaur,34,Male,Hyderabad,2025-03-22,18:32,Home & Kitchen,Water Bottle,6,6323.46,37940.76,Credit Card,5
CUST00034,Rajesh Bose,20,Female,Mumbai,2025-11-17,12:23,Clothing,School Uniform,6,2228.43,13370.58,Cash,2
CUST00035,Mohit Chandra,38,Male,Kochi,2024-11-30,15:44,Furniture,Shoe Rack,3,17171.98,51515.94,UPI,3
CUST00036,Rajesh Menon,60,Female,Coimbatore,2025-02-19,17:53,Personal Care,Face Wash,5,538.05,2690.25,Credit Card,4
CUST00037,Rajat Joshi,45,Female,Bhopal,2024-06-22,19:05,Clothing,Winter Jacket,5,1551.26,7756.3,UPI,5
CUST00038,Divya Desai,61,Female,Ahmedabad,2025-05-01,18:54,Toys & Baby,Toy Car,1,280.23,280.23,Credit Card,5
CUST00039,Neelam Ghosh,30,Female,Patna,2024-04-19,21:27,Electronics,Smartphone,6,31192.91,187157.46,Debit Card,3
CUST00040,Mahesh Kulkarni,21,Male,Hyderabad,2025-07-26,18:20,Clothing,Casual Sneakers,6,1710.61,10263.66,Cash,5
CUST00041,Madhuri Chopra,65,Female,Bhopal,2025-06-17,16:40,Electronics,Laptop,6,13057.16,78342.96,Debit Card,4
CUST00042,Pankaj Kumar,63,Female,Ahmedabad,2024-06-03,12:24,Electronics,Washing Machine,5,4361.53,21807.65,Walmart Gift Card,3
CUST00043,Preeti Kumar,44,Female,Surat,2025-03-06,15:57,Clothing,Sports Shoes,1,818.79,818.79,Net Banking,1
CUST00044,Rakesh Bansal,18,Female,Lucknow,2025-07-13,21:38,Personal Care,Sanitary Pads,5,687.91,3439.55,Debit Card,5
CUST00045,Gaurav Agarwal,45,Female,Mumbai,2025-04-23,11:39,Electronics,Refrigerator,6,8094.98,48569.88,Net Banking,1
CUST00046,Ravi Kaur,54,Male,Bangalore,2024-09-23,15:20,Home & Kitchen,Bed Sheet Set,4,1576.57,6306.28,Debit Card,5
CUST00047,Ishita Mishra,42,Female,Indore,2025-07-06,09:22,Electronics,Bluetooth Headphones,4,1656.74,6626.96,Debit Card,2
CUST00048,Anjali Verma,33,Male,Mumbai,2024-04-27,18:13,Home & Kitchen,Curtains,2,3867.45,7734.9,Cash,4
CUST00049,Komal Chopra,56,Male,Kolkata,2024-11-15,18:43,Sports & Fitness,Dumbbells Set,5,580.04,2900.2,Cash,5
CUST00050,Anita Kumar,55,Male,Hyderabad,2024-05-03,21:36,Personal Care,Hair Oil,6,564.35,3386.1,Credit Card,5
CUST00051,Sunil Pillai,60,Female,Bangalore,2025-05-16,10:27,Clothing,Cotton Saree,1,2586.33,2586.33,UPI,5
CUST00052,Shreya Pillai,29,Female,Nashik,2025-08-29,13:20,Toys & Baby,Baby Powder,4,1913.01,7652.04,Debit Card,2
CUST00053,Shalini Rathore,33,Female,Agra,2024-11-28,11:31,Home & Kitchen,Storage Containers,3,375.29,1125.87,Debit Card,5
CUST00054,Pallavi Mishra,35,Female,Ludhiana,2025-02-20,16:35,Groceries,Sugar 1kg,1,182.75,182.75,Debit Card,5
CUST00055,Ashish Rathore,19,Male,Lucknow,2025-01-12,16:35,Groceries,Sugar 1kg,3,415.18,1245.54,Net Banking,5
CUST00056,Sandeep Dutta,39,Female,Visakhapatnam,2024-07-16,14:07,Clothing,Formal Shirt,3,883.98,2651.94,Walmart Gift Card,3
CUST00057,Rajesh Joshi,65,Female,Jaipur,2024-04-12,12:18,Personal Care,Soap Bar Pack,5,297.72,1488.6,Debit Card,5
CUST00058,Vivek Pandey,18,Male,Jaipur,2024-05-09,19:55,Groceries,Basmati Rice 5kg,5,210.68,1053.4,Cash,2
CUST00059,Priya Ghosh,36,Female,Patna,2025-05-04,10:52,Clothing,Kids Jeans,1,944.32,944.32,Credit Card,5
CUST00060,Ashish Kumar,54,Male,Chennai,2024-09-11,10:35,Groceries,Coffee 200g,3,96.85,290.55,Cash,4
CUST00061,Mahesh Saxena,46,Female,Lucknow,2024-03-02,18:47,Toys & Baby,Board Game,3,2317.65,6952.95,Credit Card,4
CUST00062,Preeti Bose,60,Male,Kolkata,2025-02-22,16:44,Groceries,Tea Powder 500g,1,136.09,136.09,Net Banking,5
CUST00063,Aarti Gupta,32,Female,Visakhapatnam,2024-09-27,21:50,Electronics,Mixer Grinder,1,31182.41,31182.41,Walmart Gift Card,4
CUST00064,Sandeep Reddy,52,Male,Chandigarh,2024-06-18,21:19,Groceries,Toor Dal 1kg,2,89.28,178.56,Net Banking,4
CUST00065,Pankaj Reddy,47,Female,Visakhapatnam,2025-03-24,10:38,Clothing,Formal Shirt,5,1734.95,8674.75,Credit Card,5
CUST00066,Ishita Thakur,34,Male,Bangalore,2025-11-19,13:36,Groceries,Coffee 200g,5,572.93,2864.65,Credit Card,3
CUST00067,Tarun Sinha,59,Female,Jaipur,2025-05-18,10:30,Groceries,Coffee 200g,4,399.13,1596.52,UPI,5
CUST00068,Mohit Yadav,60,Male,Kolkata,2025-02-14,21:35,Electronics,Mixer Grinder,3,30086.19,90258.57,Credit Card,5
CUST00069,Divya Yadav,34,Female,Hyderabad,2024-01-02,19:55,Sports & Fitness,Skipping Rope,5,12408.92,62044.6,Net Banking,5
CUST00070,Ajay Singh,30,Female,Nashik,2025-07-16,11:59,Personal Care,Razor Pack,1,230.99,230.99,UPI,5
CUST00071,Ashish Reddy,19,Male,Visakhapatnam,2024-04-05,12:53,Groceries,Tea Powder 500g,1,353.74,353.74,Credit Card,5
CUST00072,Ritu Iyer,49,Female,Vadodara,2024-09-06,16:35,Personal Care,Sanitary Pads,4,883.41,3533.64,Debit Card,5
CUST00073,Rajesh Thakur,50,Male,Bangalore,2025-06-03,13:52,Electronics,Refrigerator,3,42093.78,126281.34,Credit Card,4
CUST00074,Naveen Kaur,55,Female,Chennai,2025-07-10,15:29,Clothing,Casual Sneakers,3,1164.21,3492.63,UPI,4
CUST00075,Aditya Ghosh,42,Male,Indore,2025-01-25,15:42,Groceries,Eggs (12 pack),6,552.39,3314.34,Walmart Gift Card,3
CUST00076,Jyoti Gupta,26,Female,Hyderabad,2025-04-12,09:46,Toys & Baby,Soft Toy,1,2151.21,2151.21,Debit Card,5
CUST00077,Shreya Kumar,48,Female,Surat,2024-12-02,19:54,Home & Kitchen,Storage Containers,6,780.48,4682.88,Net Banking,5
CUST00078,Siddharth Trivedi,52,Male,Nashik,2025-03-20,10:48,Groceries,Toor Dal 1kg,2,460.72,921.44,Walmart Gift Card,2
CUST00079,Pankaj Chopra,62,Female,Mumbai,2025-03-17,11:15,Groceries,Basmati Rice 5kg,3,247.15,741.45,Net Banking,5
CUST00080,Swati Chopra,29,Male,Nashik,2025-08-20,11:14,Toys & Baby,Kids Bicycle,6,1039.24,6235.44,Cash,4
CUST00081,Vishal Bose,60,Male,Bhopal,2024-12-19,18:19,Furniture,Shoe Rack,2,3235.75,6471.5,Walmart Gift Card,5
CUST00082,Harsh Kulkarni,37,Male,Nagpur,2025-01-02,18:18,Toys & Baby,Baby Wipes,2,1587.32,3174.64,Walmart Gift Card,4
CUST00083,Rahul Das,35,Male,Agra,2024-10-20,21:51,Toys & Baby,Baby Diapers Pack,5,3006.17,15030.85,Debit Card,5
CUST00084,Gaurav Kapoor,57,Female,Coimbatore,2025-10-04,19:02,Personal Care,Face Wash,6,141.62,849.72,UPI,5
CUST00085,Vikram Kaur,41,Male,Bangalore,2024-07-24,11:50,Furniture,Dining Table,6,11264.32,67585.92,Net Banking,5
CUST00086,Seema Nagar,35,Male,Jaipur,2024-12-12,21:07,Furniture,Wardrobe,3,19044.14,57132.42,Cash,2
CUST00087,Ankit Rao,61,Female,Ludhiana,2024-05-06,16:23,Electronics,Refrigerator,1,12489.07,12489.07,Walmart Gift Card,4
CUST00088,Rakesh Chauhan,24,Male,Patna,2024-08-14,19:04,Groceries,Tea Powder 500g,3,553.39,1660.17,Walmart Gift Card,5
CUST00089,Naveen Menon,25,Male,Delhi,2024-08-28,17:08,Sports & Fitness,Badminton Racket,4,1918.58,7674.32,Cash,5
CUST00090,Komal Shetty,44,Male,Indore,2024-10-13,09:44,Home & Kitchen,Vacuum Cleaner,5,3353.71,16768.55,UPI,4
CUST00091,Pankaj Rathore,33,Female,Hyderabad,2025-10-22,14:03,Sports & Fitness,Treadmill,5,13545.1,67725.5,Cash,4
CUST00092,Rajesh Reddy,47,Male,Coimbatore,2024-12-07,12:08,Groceries,Coffee 200g,1,77.82,77.82,Net Banking,4
CUST00093,Karan Dutta,31,Male,Ahmedabad,2024-05-28,11:34,Electronics,Smartphone,5,925.33,4626.65,UPI,3
CUST00094,Manish Verma,26,Male,Kanpur,2024-06-27,13:03,Personal Care,Body Lotion,5,331.97,1659.85,Debit Card,5
CUST00095,Seema Reddy,65,Male,Patna,2025-04-07,17:14,Clothing,Cotton Saree,5,1882.58,9412.9,Net Banking,1
CUST00096,Mahesh Pandey,47,Male,Delhi,2025-05-17,20:58,Sports & Fitness,Skipping Rope,4,10354.24,41416.96,Cash,2
CUST00097,Arjun Yadav,56,Male,Bangalore,2025-12-30,14:24,Groceries,Coffee 200g,6,371.95,2231.7,Net Banking,4
CUST00098,Vishal Nagar,56,Female,Hyderabad,2025-07-18,20:55,Personal Care,Toothpaste,6,606.77,3640.62,Debit Card,5
CUST00099,Madhuri Rao,44,Female,Bhopal,2025-11-12,13:23,Electronics,Bluetooth Headphones,3,19662.97,58988.91,Debit Card,5
CUST00100,Karan Patel,23,Male,Indore,2025-08-23,17:35,Groceries,Milk 1L,2,356.0,712.0,UPI,2
CUST00101,Ajay Tiwari,60,Female,Kochi,2024-04-16,18:32,Groceries,Toor Dal 1kg,5,221.85,1109.25,Debit Card,3
CUST00102,Payal Rao,24,Female,Ludhiana,2025-03-15,17:49,Electronics,Microwave Oven,5,10796.23,53981.15,Net Banking,1
CUST00103,Varun Verma,29,Female,Visakhapatnam,2024-05-26,18:42,Personal Care,Deodorant,3,65.13,195.39,Cash,2
CUST00104,Ankit Verma,23,Male,Nagpur,2024-11-28,21:36,Clothing,Cotton Saree,2,1267.65,2535.3,Net Banking,2
CUST00105,Rohan Iyer,28,Male,Coimbatore,2025-09-13,16:26,Groceries,Eggs (12 pack),6,283.21,1699.26,UPI,4
CUST00106,Usha Reddy,40,Female,Hyderabad,2024-11-11,09:14,Electronics,Smartwatch,4,24090.49,96361.96,Cash,1
CUST00107,Amit Joshi,37,Male,Chennai,2025-05-24,20:27,Personal Care,Hair Oil,3,160.79,482.37,Debit Card,3
CUST00108,Rakesh Shetty,63,Male,Vadodara,2024-02-13,15:01,Home & Kitchen,Water Bottle,1,3267.01,3267.01,Cash,2
CUST00109,Siddharth Ghosh,45,Female,Visakhapatnam,2024-11-28,11:51,Home & Kitchen,Dinner Set,1,3329.5,3329.5,Net Banking,5
CUST00110,Abhishek Patel,45,Male,Ahmedabad,2024-11-13,20:21,Clothing,Sports Shoes,5,466.28,2331.4,Debit Card,5
CUST00111,Nisha Kumar,50,Male,Vadodara,2025-10-22,11:15,Clothing,Cotton Saree,3,2250.29,6750.87,Credit Card,3
CUST00112,Harsh Kapoor,29,Male,Chandigarh,2025-08-16,16:43,Groceries,Eggs (12 pack),4,464.95,1859.8,Net Banking,5
CUST00113,Siddharth Iyer,46,Male,Patna,2024-12-26,17:04,Clothing,Formal Shirt,3,1876.4,5629.2,UPI,5
CUST00114,Madhuri Gupta,21,Female,Lucknow,2025-01-28,16:37,Groceries,Wheat Flour 10kg,5,376.74,1883.7,Net Banking,1
CUST00115,Madhuri Ghosh,59,Male,Surat,2025-04-06,10:51,Home & Kitchen,Table Lamp,2,7668.12,15336.24,UPI,2
CUST00116,Rajendra Malhotra,20,Male,Visakhapatnam,2024-06-11,14:23,Clothing,Casual Sneakers,5,1687.56,8437.8,UPI,5
CUST00117,Ajay Mishra,61,Male,Chandigarh,2025-11-25,15:18,Home & Kitchen,Pressure Cooker,3,891.87,2675.61,UPI,3
CUST00118,Mohit Patel,55,Male,Kanpur,2024-03-27,13:35,Electronics,Refrigerator,2,27100.82,54201.64,Cash,5
CUST00119,Suresh Sinha,23,Female,Vadodara,2024-08-07,14:49,Electronics,Washing Machine,3,8767.62,26302.86,Cash,4
CUST00120,Gaurav Nair,27,Male,Lucknow,2025-06-23,09:42,Toys & Baby,Baby Wipes,5,3106.41,15532.05,UPI,3
CUST00121,Rakesh Iyer,28,Male,Visakhapatnam,2025-02-24,14:43,Personal Care,Face Wash,6,427.65,2565.9,Walmart Gift Card,4
CUST00122,Pankaj Chandra,36,Female,Ahmedabad,2024-07-17,14:43,Clothing,Formal Shirt,4,2735.93,10943.72,Net Banking,5
CUST00123,Alka Bhatt,42,Female,Kolkata,2024-02-23,19:30,Toys & Baby,Kids Bicycle,2,3504.71,7009.42,UPI,2
CUST00124,Mahesh Reddy,36,Male,Kolkata,2024-04-03,12:52,Electronics,Air Conditioner,2,37532.26,75064.52,Cash,5
CUST00125,Sneha Menon,21,Female,Vadodara,2024-01-29,14:59,Electronics,Refrigerator,1,17371.14,17371.14,Credit Card,5
CUST00126,Ankit Nair,20,Female,Patna,2025-09-22,09:57,Personal Care,Face Wash,6,454.05,2724.3,Credit Card,1
CUST00127,Harsh Joshi,27,Female,Hyderabad,2024-09-01,15:40,Personal Care,Body Lotion,3,162.35,487.05,Net Banking,5
CUST00128,Karan Reddy,49,Male,Chandigarh,2025-03-15,09:39,Clothing,Winter Jacket,6,644.84,3869.04,UPI,4
CUST00129,Neelam Malhotra,60,Male,Vadodara,2025-06-03,17:01,Sports & Fitness,Dumbbells Set,5,8252.41,41262.05,Cash,5
CUST00130,Anjali Saxena,41,Female,Kochi,2025-11-03,19:06,Groceries,Wheat Flour 10kg,3,182.62,547.86,Net Banking,5
CUST00131,Meera Gupta,40,Female,Chandigarh,2024-07-05,21:08,Groceries,Eggs (12 pack),6,313.19,1879.14,Credit Card,5
CUST00132,Vikram Bhatt,30,Male,Pune,2025-07-10,16:16,Furniture,Dining Table,3,13611.51,40834.53,Credit Card,4
CUST00133,Rajat Tiwari,21,Female,Jaipur,2025-03-26,15:21,Groceries,Milk 1L,4,539.22,2156.88,Debit Card,5
CUST00134,Jyoti Chauhan,51,Female,Bangalore,2024-07-03,17:18,Personal Care,Toothpaste,4,566.06,2264.24,UPI,2
CUST00135,Arjun Yadav,60,Female,Lucknow,2024-12-25,16:02,Clothing,Sports Shoes,2,2146.85,4293.7,Walmart Gift Card,5
CUST00136,Rekha Agarwal,58,Male,Bangalore,2025-11-26,11:01,Personal Care,Sanitary Pads,3,490.99,1472.97,Debit Card,5
CUST00137,Vikram Nair,22,Male,Chandigarh,2024-06-06,19:28,Electronics,Refrigerator,5,2231.43,11157.15,UPI,5
CUST00138,Pankaj Kumar,54,Male,Vadodara,2024-04-26,09:47,Electronics,Washing Machine,6,13118.09,78708.54,Debit Card,5
CUST00139,Mahesh Saxena,53,Male,Jaipur,2024-10-19,20:58,Personal Care,Razor Pack,2,896.95,1793.9,Cash,4
CUST00140,Ritu Nair,22,Female,Kolkata,2024-11-23,19:22,Furniture,Wardrobe,1,20547.06,20547.06,Walmart Gift Card,2
CUST00141,Vandana Bhatt,37,Male,Visakhapatnam,2024-05-04,12:50,Personal Care,Face Wash,3,487.35,1462.05,Debit Card,4
CUST00142,Jyoti Verma,41,Female,Bhopal,2024-03-29,10:19,Toys & Baby,Baby Powder,2,2486.6,4973.2,Cash,5
CUST00143,Seema Menon,44,Male,Chennai,2025-06-13,14:08,Sports & Fitness,Dumbbells Set,4,7094.33,28377.32,Net Banking,3
CUST00144,Suresh Pillai,50,Male,Hyderabad,2025-12-27,12:22,Clothing,Formal Shirt,2,695.41,1390.82,Net Banking,4
CUST00145,Arjun Bose,30,Female,Chennai,2025-10-18,11:37,Home & Kitchen,Wall Clock,5,883.41,4417.05,Net Banking,3
CUST00146,Nisha Chandra,64,Female,Agra,2025-10-18,21:36,Groceries,Basmati Rice 5kg,1,75.0,75.0,UPI,4
CUST00147,Neelam Chandra,58,Male,Patna,2024-11-05,16:15,Furniture,Shoe Rack,3,16584.82,49754.46,Walmart Gift Card,5
CUST00148,Naveen Kulkarni,22,Male,Kolkata,2025-09-13,11:20,Clothing,Casual Sneakers,4,811.06,3244.24,Walmart Gift Card,5
CUST00149,Yash Das,26,Female,Vadodara,2024-09-30,16:15,Home & Kitchen,Water Bottle,2,3811.81,7623.62,Debit Card,2
CUST00150,Rohan Bhatt,42,Female,Ahmedabad,2024-11-16,12:48,Sports & Fitness,Cricket Bat,3,14019.52,42058.56,Debit Card,5
CUST00151,Usha Kulkarni,49,Female,Patna,2024-09-03,12:37,Groceries,Bread Loaf,5,301.48,1507.4,UPI,1
CUST00152,Rohan Bhatt,49,Female,Lucknow,2024-09-27,20:23,Clothing,Women's Kurti,4,618.32,2473.28,Cash,5
CUST00153,Anjali Das,21,Male,Kanpur,2025-07-17,13:52,Home & Kitchen,Pressure Cooker,4,4108.41,16433.64,Net Banking,2
CUST00154,Suresh Mehta,43,Female,Surat,2025-06-05,15:32,Home & Kitchen,Water Bottle,2,1712.6,3425.2,Credit Card,1
CUST00155,Vikram Nair,63,Female,Patna,2024-05-23,14:59,Clothing,Kids Jeans,5,2706.11,13530.55,Net Banking,5
CUST00156,Deepak Das,57,Female,Agra,2025-07-30,13:30,Electronics,Air Conditioner,5,22451.22,112256.1,Credit Card,5
CUST00157,Mohit Reddy,44,Female,Kochi,2025-11-02,21:49,Toys & Baby,Baby Diapers Pack,5,1950.9,9754.5,Net Banking,4
CUST00158,Rohan Kaur,48,Male,Vadodara,2025-11-28,12:02,Home & Kitchen,Wall Clock,4,1310.04,5240.16,Net Banking,2
CUST00159,Rajesh Verma,46,Female,Indore,2025-09-18,16:55,Groceries,Sugar 1kg,4,326.0,1304.0,Walmart Gift Card,1
CUST00160,Meera Sinha,31,Female,Coimbatore,2025-04-15,17:21,Clothing,Sports Shoes,3,2880.89,8642.67,Net Banking,5
CUST00161,Pallavi Chandra,48,Male,Ahmedabad,2024-10-31,21:18,Electronics,Microwave Oven,2,42413.66,84827.32,Walmart Gift Card,4
CUST00162,Ashish Yadav,48,Female,Ludhiana,2025-11-23,17:24,Furniture,Bed Frame,3,4364.04,13092.12,Cash,5
CUST00163,Ankit Bhatt,20,Female,Visakhapatnam,2025-05-05,12:12,Groceries,Eggs (12 pack),6,191.04,1146.24,Net Banking,4
CUST00164,Varun Nair,24,Male,Ahmedabad,2024-02-23,10:26,Groceries,Tea Powder 500g,2,400.87,801.74,UPI,5
CUST00165,Sanjay Nair,18,Male,Indore,2024-10-21,14:18,Home & Kitchen,Vacuum Cleaner,4,5256.73,21026.92,Walmart Gift Card,1
CUST00166,Divya Ghosh,32,Male,Kolkata,2025-02-10,21:31,Clothing,Kids Jeans,1,2992.22,2992.22,Debit Card,4
CUST00167,Vikram Sharma,37,Male,Surat,2024-05-17,17:29,Electronics,Air Conditioner,5,22630.93,113154.65,UPI,4
CUST00168,Manish Mishra,28,Female,Chandigarh,2024-10-29,18:43,Electronics,Smartphone,1,33358.51,33358.51,Debit Card,3
CUST00169,Kiran Pillai,50,Female,Bangalore,2025-05-03,14:59,Clothing,Women's Kurti,2,2949.63,5899.26,Debit Card,1
CUST00170,Pallavi Saxena,33,Female,Jaipur,2024-01-12,13:41,Sports & Fitness,Badminton Racket,5,10898.66,54493.3,UPI,4
CUST00171,Neha Reddy,47,Female,Kolkata,2025-12-07,10:40,Clothing,School Uniform,6,2367.06,14202.36,UPI,5
CUST00172,Gaurav Rao,26,Female,Chennai,2025-07-16,16:48,Clothing,Innerwear Pack,3,1393.58,4180.74,Net Banking,4
CUST00173,Kritika Thakur,23,Female,Vadodara,2025-07-14,17:12,Personal Care,Toothpaste,5,154.26,771.3,Net Banking,3
CUST00174,Nisha Yadav,51,Female,Hyderabad,2025-06-06,16:51,Personal Care,Sunscreen,4,136.39,545.56,Credit Card,5
CUST00175,Suresh Nagar,44,Female,Agra,2024-01-23,15:16,Groceries,Eggs (12 pack),6,493.8,2962.8,Credit Card,4
CUST00176,Pooja Gupta,45,Female,Visakhapatnam,2025-04-28,09:18,Groceries,Basmati Rice 5kg,1,592.38,592.38,Cash,3
CUST00177,Meera Menon,41,Female,Bhopal,2025-11-08,17:08,Toys & Baby,Board Game,4,412.97,1651.88,Walmart Gift Card,5
CUST00178,Ritu Malhotra,52,Female,Vadodara,2024-11-01,16:43,Groceries,Sugar 1kg,1,465.9,465.9,Walmart Gift Card,5
CUST00179,Sunil Saxena,32,Male,Bhopal,2024-04-25,09:51,Electronics,Microwave Oven,2,42233.54,84467.08,Walmart Gift Card,5
CUST00180,Rahul Desai,31,Male,Hyderabad,2024-02-19,12:47,Home & Kitchen,Vacuum Cleaner,5,5425.39,27126.95,Credit Card,5
CUST00181,Pankaj Rao,52,Male,Delhi,2025-08-12,14:36,Groceries,Toor Dal 1kg,2,498.68,997.36,Net Banking,5
CUST00182,Aditya Pandey,27,Male,Indore,2024-06-28,19:43,Electronics,LED TV 43-inch,5,42724.6,213623.0,Cash,5
CUST00183,Rohan Tiwari,59,Female,Vadodara,2025-01-20,11:48,Electronics,Refrigerator,4,7395.42,29581.68,Net Banking,5
CUST00184,Aditya Rao,37,Male,Bhopal,2025-07-24,17:08,Furniture,Shoe Rack,4,24242.98,96971.92,Cash,4
CUST00185,Harsh Joshi,39,Male,Bhopal,2024-07-14,09:17,Toys & Baby,Baby Wipes,5,2925.88,14629.4,Cash,1
CUST00186,Pooja Kapoor,55,Male,Patna,2024-01-16,12:59,Groceries,Milk 1L,3,576.36,1729.08,Debit Card,2
CUST00187,Payal Desai,62,Male,Nagpur,2025-01-24,16:34,Furniture,Shoe Rack,3,19724.58,59173.74,Walmart Gift Card,5
CUST00188,Bhavna Bose,41,Female,Bhopal,2025-01-14,14:26,Groceries,Eggs (12 pack),3,552.88,1658.64,Credit Card,4
CUST00189,Ankit Verma,34,Female,Lucknow,2024-09-08,16:35,Groceries,Milk 1L,2,258.91,517.82,Walmart Gift Card,5
CUST00190,Harsh Trivedi,64,Female,Bhopal,2025-07-13,16:11,Groceries,Milk 1L,2,126.98,253.96,Net Banking,1
CUST00191,Seema Gupta,22,Male,Mumbai,2024-01-10,12:32,Clothing,Winter Jacket,1,2194.72,2194.72,Cash,5
CUST00192,Neha Chandra,58,Female,Coimbatore,2024-01-13,09:33,Clothing,Men's T-Shirt,5,1767.02,8835.1,Walmart Gift Card,4
CUST00193,Sunil Bhatt,19,Female,Kolkata,2024-07-15,18:33,Groceries,Wheat Flour 10kg,5,131.89,659.45,UPI,5
CUST00194,Varun Das,23,Female,Nagpur,2025-12-01,10:41,Clothing,Winter Jacket,6,871.11,5226.66,Walmart Gift Card,1
CUST00195,Divya Das,42,Female,Ludhiana,2025-05-26,15:41,Clothing,Men's T-Shirt,6,721.3,4327.8,UPI,2
CUST00196,Seema Gupta,32,Male,Visakhapatnam,2024-03-17,19:59,Furniture,Wardrobe,3,2594.21,7782.63,UPI,1
CUST00197,Vivek Yadav,19,Male,Agra,2025-07-31,12:36,Groceries,Bread Loaf,1,214.6,214.6,Cash,5
CUST00198,Sunita Nair,62,Male,Vadodara,2024-08-25,10:21,Personal Care,Deodorant,1,142.06,142.06,Net Banking,5
CUST00199,Ishita Verma,58,Female,Bhopal,2025-03-18,11:43,Clothing,Cotton Saree,5,2838.14,14190.7,Net Banking,5
CUST00200,Arjun Chandra,36,Male,Visakhapatnam,2025-10-11,11:47,Groceries,Toor Dal 1kg,2,259.0,518.0,Cash,5
CUST00201,Abhishek Mehta,23,Male,Lucknow,2024-07-10,15:28,Clothing,Formal Shirt,1,614.39,614.39,Net Banking,5
CUST00202,Kavita Verma,23,Female,Ludhiana,2024-01-13,13:26,Groceries,Coffee 200g,3,525.04,1575.12,Cash,2
CUST00203,Kritika Ghosh,51,Male,Coimbatore,2025-05-19,11:04,Electronics,Smartphone,3,14110.0,42330.0,Debit Card,5
CUST00204,Shalini Menon,37,Female,Bangalore,2025-08-31,18:12,Electronics,Laptop,6,28426.49,170558.94,Cash,2
CUST00205,Meera Pandey,18,Female,Surat,2025-03-16,19:38,Toys & Baby,Board Game,3,1816.87,5450.61,Debit Card,4
CUST00206,Ishita Thakur,62,Male,Patna,2025-12-12,19:31,Electronics,Refrigerator,3,13682.01,41046.03,Net Banking,4
CUST00207,Ishita Saxena,35,Female,Kanpur,2025-07-12,11:43,Groceries,Coffee 200g,2,375.72,751.44,Net Banking,1
CUST00208,Alka Joshi,46,Female,Visakhapatnam,2025-10-10,13:15,Groceries,Bread Loaf,6,324.62,1947.72,UPI,3
CUST00209,Sandeep Saxena,22,Female,Nashik,2025-12-09,15:34,Clothing,Sports Shoes,5,1643.18,8215.9,Credit Card,5
CUST00210,Sunil Thakur,58,Male,Hyderabad,2024-02-15,18:41,Personal Care,Deodorant,2,603.48,1206.96,Walmart Gift Card,5
CUST00211,Mohit Pillai,24,Male,Hyderabad,2025-08-17,20:36,Electronics,Air Conditioner,6,23730.86,142385.16,Debit Card,5
CUST00212,Komal Das,47,Male,Kanpur,2024-03-28,10:53,Sports & Fitness,Gym Gloves,1,4572.4,4572.4,Walmart Gift Card,3
CUST00213,Yash Pandey,39,Female,Pune,2025-12-14,16:20,Clothing,Cotton Saree,4,518.46,2073.84,Credit Card,4
CUST00214,Anjali Reddy,19,Female,Chandigarh,2024-06-27,17:10,Groceries,Cooking Oil 1L,6,184.15,1104.9,UPI,5
CUST00215,Alka Rao,43,Male,Kolkata,2025-09-20,12:28,Home & Kitchen,Storage Containers,4,379.16,1516.64,Net Banking,5
CUST00216,Sunita Sharma,63,Male,Pune,2025-07-03,11:23,Electronics,Bluetooth Headphones,5,5297.44,26487.2,UPI,4
CUST00217,Vishal Reddy,34,Female,Vadodara,2025-02-05,18:07,Sports & Fitness,Treadmill,5,5951.86,29759.3,UPI,5
CUST00218,Vishal Chandra,29,Female,Nashik,2024-11-08,10:11,Home & Kitchen,Bed Sheet Set,3,1075.21,3225.63,UPI,3
CUST00219,Usha Saxena,44,Male,Agra,2025-12-11,19:59,Electronics,Smartphone,4,28889.17,115556.68,Debit Card,3
CUST00220,Ashish Bhatt,26,Male,Surat,2024-01-10,16:08,Toys & Baby,Kids Bicycle,1,3475.54,3475.54,Debit Card,5
CUST00221,Rajendra Trivedi,44,Female,Indore,2025-08-01,09:50,Personal Care,Razor Pack,4,200.49,801.96,Debit Card,4
CUST00222,Vikram Agarwal,32,Female,Kolkata,2025-05-22,17:32,Personal Care,Sunscreen,6,708.94,4253.64,Credit Card,2
CUST00223,Varun Shetty,41,Male,Kochi,2025-10-31,21:15,Clothing,Winter Jacket,4,531.65,2126.6,UPI,1
CUST00224,Madhuri Bose,40,Male,Bhopal,2025-08-25,20:22,Toys & Baby,Baby Wipes,2,918.52,1837.04,Walmart Gift Card,5
CUST00225,Nisha Chandra,26,Male,Pune,2025-09-03,17:10,Toys & Baby,Kids Bicycle,3,2175.9,6527.7,UPI,4
CUST00226,Aarti Ghosh,35,Male,Chennai,2025-11-02,11:44,Sports & Fitness,Skipping Rope,1,14888.8,14888.8,Debit Card,4
CUST00227,Ankit Yadav,33,Female,Patna,2025-04-07,10:40,Groceries,Toor Dal 1kg,6,277.82,1666.92,Credit Card,5
CUST00228,Usha Agarwal,62,Female,Bhopal,2024-04-05,20:29,Sports & Fitness,Treadmill,5,236.6,1183.0,Walmart Gift Card,5
CUST00229,Karan Shetty,43,Male,Indore,2024-10-17,14:35,Toys & Baby,Soft Toy,3,1359.17,4077.51,Net Banking,3
CUST00230,Ashish Mishra,61,Male,Delhi,2024-06-10,16:29,Groceries,Eggs (12 pack),1,118.33,118.33,Credit Card,5
CUST00231,Anita Nair,59,Female,Kolkata,2024-09-13,10:23,Toys & Baby,Feeding Bottle,1,2652.89,2652.89,Walmart Gift Card,3
CUST00232,Rohan Das,58,Female,Kochi,2025-12-21,10:00,Personal Care,Body Lotion,4,610.61,2442.44,Debit Card,5
CUST00233,Pooja Nair,55,Male,Vadodara,2024-05-03,15:44,Personal Care,Shampoo 340ml,1,644.3,644.3,Debit Card,5
CUST00234,Pooja Rao,42,Male,Kochi,2024-11-02,11:24,Toys & Baby,Baby Wipes,3,1533.49,4600.47,Debit Card,3
CUST00235,Karan Sinha,54,Male,Nashik,2025-10-05,20:09,Home & Kitchen,Vacuum Cleaner,3,5821.09,17463.27,Cash,5
CUST00236,Preeti Patel,24,Male,Hyderabad,2024-11-18,21:08,Home & Kitchen,Storage Containers,3,7711.5,23134.5,Debit Card,4
CUST00237,Arjun Desai,53,Female,Visakhapatnam,2025-06-05,12:47,Groceries,Toor Dal 1kg,2,334.76,669.52,Cash,4
CUST00238,Rohan Desai,49,Female,Hyderabad,2024-01-13,14:59,Groceries,Coffee 200g,1,340.56,340.56,UPI,3
CUST00239,Sunita Ghosh,44,Female,Ludhiana,2024-03-10,09:16,Personal Care,Razor Pack,1,74.02,74.02,Debit Card,1
CUST00240,Neha Das,50,Female,Chandigarh,2024-03-25,19:34,Personal Care,Sanitary Pads,4,649.52,2598.08,Net Banking,3
CUST00241,Shalini Patel,37,Male,Vadodara,2025-08-23,19:48,Furniture,Bookshelf,5,9178.63,45893.15,Walmart Gift Card,2
CUST00242,Bhavna Pillai,64,Male,Delhi,2025-09-15,09:19,Groceries,Bread Loaf,1,299.35,299.35,Walmart Gift Card,3
CUST00243,Ritu Sharma,63,Male,Visakhapatnam,2024-09-22,11:23,Groceries,Eggs (12 pack),3,337.65,1012.95,Debit Card,4
CUST00244,Ritu Verma,39,Female,Jaipur,2025-10-04,10:31,Clothing,Formal Shirt,6,2931.39,17588.34,Cash,5
CUST00245,Neha Trivedi,54,Male,Kanpur,2024-04-28,12:47,Groceries,Wheat Flour 10kg,5,420.77,2103.85,Net Banking,1
CUST00246,Anjali Sharma,33,Male,Patna,2024-02-06,17:51,Electronics,Smartphone,2,41957.28,83914.56,Walmart Gift Card,5
CUST00247,Gaurav Yadav,33,Female,Kochi,2025-05-29,19:57,Electronics,Bluetooth Headphones,5,17278.12,86390.6,Credit Card,3
CUST00248,Gaurav Sinha,20,Female,Bangalore,2025-07-20,16:00,Toys & Baby,Feeding Bottle,3,1376.47,4129.41,UPI,4
CUST00249,Aarti Ghosh,37,Male,Bhopal,2025-07-13,21:50,Electronics,Mixer Grinder,2,33174.88,66349.76,Debit Card,3
CUST00250,Amit Menon,19,Male,Ludhiana,2025-11-04,15:54,Electronics,LED TV 43-inch,3,864.62,2593.86,Walmart Gift Card,4
CUST00251,Kavita Joshi,51,Male,Indore,2024-04-05,09:58,Clothing,Men's T-Shirt,2,2207.04,4414.08,Debit Card,5
CUST00252,Komal Kulkarni,65,Male,Agra,2024-03-17,18:36,Groceries,Cooking Oil 1L,6,500.98,3005.88,Credit Card,5
CUST00253,Suresh Desai,36,Female,Surat,2024-11-30,14:28,Furniture,TV Unit,6,21049.65,126297.9,UPI,4
CUST00254,Pooja Kapoor,26,Male,Chennai,2024-05-03,17:22,Groceries,Eggs (12 pack),4,222.72,890.88,Debit Card,5
CUST00255,Bhavna Kulkarni,34,Male,Bangalore,2024-02-11,12:53,Groceries,Toor Dal 1kg,6,433.28,2599.68,UPI,3
CUST00256,Divya Desai,40,Female,Vadodara,2024-06-27,09:25,Groceries,Toor Dal 1kg,3,501.05,1503.15,Cash,4
CUST00257,Sanjay Kulkarni,24,Male,Hyderabad,2025-02-14,14:43,Groceries,Sugar 1kg,2,158.97,317.94,Walmart Gift Card,2
CUST00258,Pallavi Kumar,19,Male,Pune,2024-12-05,10:02,Furniture,Wardrobe,2,3661.5,7323.0,Cash,1
CUST00259,Nisha Ghosh,45,Female,Patna,2024-07-10,13:17,Groceries,Bread Loaf,2,244.67,489.34,Cash,3
CUST00260,Vikram Chandra,57,Male,Chandigarh,2024-03-30,13:24,Electronics,Refrigerator,5,21973.17,109865.85,Debit Card,5
CUST00261,Anita Sinha,33,Male,Nagpur,2025-05-11,14:58,Personal Care,Deodorant,4,517.39,2069.56,Net Banking,5
CUST00262,Sunita Agarwal,29,Male,Surat,2025-04-28,17:22,Home & Kitchen,Non-stick Pan,3,609.94,1829.82,Net Banking,4
CUST00263,Deepak Mehta,33,Male,Jaipur,2025-02-01,14:59,Clothing,Men's T-Shirt,2,1833.15,3666.3,Debit Card,3
CUST00264,Aditya Kaur,38,Female,Agra,2025-07-30,12:53,Groceries,Milk 1L,5,359.98,1799.9,Cash,4
CUST00265,Vivek Trivedi,20,Male,Delhi,2024-01-01,14:58,Groceries,Sugar 1kg,1,339.55,339.55,Net Banking,4
CUST00266,Suresh Mishra,63,Male,Surat,2024-05-25,21:07,Groceries,Cooking Oil 1L,5,437.58,2187.9,Net Banking,5
CUST00267,Pooja Chauhan,63,Female,Agra,2024-06-10,20:27,Groceries,Toor Dal 1kg,3,125.05,375.15,Walmart Gift Card,5
CUST00268,Siddharth Malhotra,63,Female,Ahmedabad,2025-12-06,13:08,Home & Kitchen,Bed Sheet Set,4,2558.56,10234.24,Debit Card,1
CUST00269,Ravi Ghosh,20,Male,Nashik,2024-04-16,16:09,Electronics,Smartwatch,2,29072.39,58144.78,UPI,2
CUST00270,Aditya Tiwari,38,Male,Chandigarh,2024-12-09,16:00,Furniture,Office Chair,6,17245.58,103473.48,UPI,4
CUST00271,Kritika Kumar,40,Female,Hyderabad,2025-03-05,11:56,Personal Care,Shampoo 340ml,4,428.1,1712.4,Cash,5
CUST00272,Rakesh Tiwari,52,Female,Hyderabad,2024-08-18,11:28,Toys & Baby,Kids Bicycle,6,3057.15,18342.9,Credit Card,1
CUST00273,Aarti Verma,38,Female,Hyderabad,2024-03-17,17:57,Groceries,Cooking Oil 1L,4,138.5,554.0,Credit Card,5
CUST00274,Payal Verma,45,Male,Nashik,2024-07-29,12:26,Furniture,Bookshelf,1,3879.56,3879.56,Walmart Gift Card,4
CUST00275,Rajat Pandey,33,Male,Delhi,2025-01-04,09:27,Electronics,Air Conditioner,4,7588.68,30354.72,Credit Card,4
CUST00276,Payal Kapoor,24,Male,Pune,2024-04-28,13:50,Groceries,Toor Dal 1kg,1,310.46,310.46,Cash,5
CUST00277,Ashish Bose,23,Female,Kolkata,2024-02-15,13:28,Electronics,Refrigerator,3,9046.97,27140.91,Cash,4
CUST00278,Gaurav Agarwal,54,Male,Chennai,2025-07-08,15:48,Personal Care,Toothpaste,1,621.24,621.24,Net Banking,4
CUST00279,Neha Saxena,51,Female,Ludhiana,2025-05-02,13:05,Personal Care,Razor Pack,5,800.59,4002.95,Cash,1
CUST00280,Rajendra Ghosh,51,Male,Hyderabad,2024-06-20,12:51,Sports & Fitness,Gym Gloves,2,14246.11,28492.22,Debit Card,3
CUST00281,Anjali Pillai,23,Female,Pune,2024-03-09,10:24,Sports & Fitness,Cricket Bat,5,4016.72,20083.6,Net Banking,5
CUST00282,Ishita Agarwal,51,Female,Mumbai,2025-03-05,10:26,Personal Care,Sunscreen,5,498.95,2494.75,Debit Card,3
CUST00283,Sanjay Mehta,54,Male,Lucknow,2025-11-01,16:36,Toys & Baby,Stroller,4,1130.13,4520.52,Net Banking,5
CUST00284,Vikram Malhotra,35,Female,Chennai,2024-12-05,20:15,Home & Kitchen,Storage Containers,1,3256.97,3256.97,Credit Card,5
CUST00285,Varun Chauhan,19,Female,Lucknow,2024-08-21,11:19,Electronics,Mixer Grinder,6,31070.46,186422.76,Walmart Gift Card,5
CUST00286,Ishita Agarwal,64,Female,Nashik,2025-02-20,20:31,Home & Kitchen,Curtains,4,1809.42,7237.68,Net Banking,5
CUST00287,Neha Nagar,28,Male,Lucknow,2025-06-20,18:01,Personal Care,Sanitary Pads,2,715.63,1431.26,Debit Card,4
CUST00288,Anita Singh,33,Male,Bhopal,2025-01-12,16:32,Groceries,Milk 1L,6,159.51,957.06,Cash,2
CUST00289,Sneha Desai,41,Female,Nashik,2024-12-18,11:53,Clothing,Casual Sneakers,5,1766.17,8830.85,UPI,2
CUST00290,Rajat Verma,42,Male,Kolkata,2025-11-24,12:17,Toys & Baby,Building Blocks,2,2624.78,5249.56,Walmart Gift Card,5
CUST00291,Usha Verma,61,Male,Patna,2024-08-17,13:38,Furniture,Bookshelf,5,20320.32,101601.6,UPI,4
CUST00292,Sandeep Saxena,40,Female,Jaipur,2025-09-30,15:37,Groceries,Toor Dal 1kg,6,336.35,2018.1,Credit Card,1
CUST00293,Usha Chauhan,53,Female,Lucknow,2024-10-10,19:20,Personal Care,Razor Pack,1,342.48,342.48,UPI,4
CUST00294,Naveen Kapoor,27,Male,Delhi,2025-11-28,11:46,Toys & Baby,Kids Bicycle,4,2676.07,10704.28,Credit Card,5
CUST00295,Aarti Bose,44,Female,Nagpur,2024-07-13,14:46,Personal Care,Sunscreen,6,895.59,5373.54,Walmart Gift Card,4
CUST00296,Sunil Bansal,60,Female,Vadodara,2024-07-04,13:06,Electronics,Smartphone,6,39541.07,237246.42,Cash,3
CUST00297,Pallavi Dutta,29,Female,Chandigarh,2024-11-10,15:50,Groceries,Milk 1L,2,459.32,918.64,UPI,5
CUST00298,Pallavi Kaur,36,Female,Hyderabad,2024-03-13,16:56,Clothing,Innerwear Pack,5,2846.83,14234.15,Debit Card,2
CUST00299,Rakesh Sinha,37,Female,Delhi,2024-12-16,15:36,Toys & Baby,Toy Car,2,3970.16,7940.32,Cash,3
CUST00300,Siddharth Malhotra,23,Female,Surat,2024-01-05,16:17,Home & Kitchen,Bed Sheet Set,3,5130.82,15392.46,Debit Card,3
CUST00301,Deepak Trivedi,23,Male,Nashik,2025-05-03,15:00,Clothing,Sports Shoes,4,1429.82,5719.28,Credit Card,4
CUST00302,Komal Sharma,38,Male,Mumbai,2024-12-18,13:08,Personal Care,Body Lotion,2,642.56,1285.12,Credit Card,5
CUST00303,Rajendra Kaur,37,Male,Bangalore,2025-06-16,18:33,Toys & Baby,Feeding Bottle,3,1878.11,5634.33,UPI,5
CUST00304,Meera Mishra,49,Female,Pune,2024-05-14,12:46,Groceries,Bread Loaf,1,175.63,175.63,Credit Card,3
CUST00305,Ritu Chauhan,63,Male,Nagpur,2025-08-31,09:42,Toys & Baby,Feeding Bottle,5,2530.23,12651.15,Credit Card,1
CUST00306,Rohan Reddy,44,Female,Nagpur,2024-07-29,20:43,Groceries,Toor Dal 1kg,4,436.03,1744.12,Walmart Gift Card,1
CUST00307,Naveen Menon,60,Male,Coimbatore,2025-03-04,10:32,Clothing,Innerwear Pack,5,2177.0,10885.0,Walmart Gift Card,2
CUST00308,Rajat Reddy,24,Female,Pune,2025-01-01,20:26,Home & Kitchen,Dinner Set,5,7788.99,38944.95,UPI,3
CUST00309,Anjali Dutta,49,Male,Visakhapatnam,2025-11-18,10:58,Furniture,Dining Table,2,1564.34,3128.68,Credit Card,5
CUST00310,Shreya Patel,50,Male,Kochi,2024-10-30,13:29,Personal Care,Hair Oil,6,254.17,1525.02,Credit Card,2
CUST00311,Vivek Gupta,36,Female,Coimbatore,2024-02-16,09:54,Electronics,Bluetooth Headphones,1,38425.07,38425.07,Debit Card,3
CUST00312,Mohit Tiwari,46,Female,Kochi,2025-02-13,16:17,Groceries,Milk 1L,2,112.61,225.22,Cash,5
CUST00313,Neelam Chopra,25,Male,Visakhapatnam,2025-08-27,16:51,Personal Care,Face Wash,1,409.46,409.46,Net Banking,5
CUST00314,Swati Chandra,42,Female,Nashik,2024-04-25,15:28,Groceries,Cooking Oil 1L,4,556.22,2224.88,Credit Card,2
CUST00315,Pallavi Yadav,18,Male,Coimbatore,2025-09-25,10:27,Toys & Baby,Baby Powder,5,2784.14,13920.7,Walmart Gift Card,4
CUST00316,Payal Tiwari,60,Female,Chennai,2025-10-20,11:32,Toys & Baby,Baby Powder,5,312.81,1564.05,Cash,5
CUST00317,Nisha Kumar,49,Female,Ahmedabad,2025-07-17,19:24,Electronics,Microwave Oven,1,23206.28,23206.28,Cash,4
CUST00318,Arjun Kulkarni,46,Female,Bangalore,2025-05-24,20:41,Toys & Baby,Soft Toy,3,562.96,1688.88,Credit Card,2
CUST00319,Kiran Menon,20,Male,Bangalore,2025-06-04,17:13,Personal Care,Sunscreen,6,315.86,1895.16,Walmart Gift Card,5
CUST00320,Tanvi Chauhan,21,Male,Bhopal,2025-11-03,14:45,Electronics,Smartwatch,5,21712.51,108562.55,Cash,2
CUST00321,Sanjay Rao,18,Female,Kanpur,2025-12-19,10:02,Toys & Baby,Feeding Bottle,5,2135.74,10678.7,Debit Card,5
CUST00322,Meera Menon,24,Female,Nashik,2024-07-14,20:21,Groceries,Wheat Flour 10kg,4,168.57,674.28,Credit Card,5
CUST00323,Anjali Kaur,25,Female,Bhopal,2024-01-05,17:47,Home & Kitchen,Table Lamp,2,7716.26,15432.52,Credit Card,5
CUST00324,Payal Nagar,29,Male,Kochi,2025-09-12,14:32,Toys & Baby,Baby Wipes,4,2664.34,10657.36,Cash,5
CUST00325,Kritika Agarwal,43,Female,Lucknow,2025-12-17,20:32,Clothing,Kids Jeans,2,1385.05,2770.1,UPI,5
CUST00326,Preeti Kapoor,31,Female,Coimbatore,2024-07-01,17:34,Electronics,Smartphone,6,29533.82,177202.92,Walmart Gift Card,5
CUST00327,Manish Tiwari,53,Female,Agra,2025-06-30,13:56,Home & Kitchen,Storage Containers,6,6020.77,36124.62,Cash,1
CUST00328,Mahesh Mehta,19,Female,Chennai,2024-06-13,13:43,Groceries,Basmati Rice 5kg,2,196.84,393.68,UPI,3
CUST00329,Neha Bhatt,31,Male,Kanpur,2025-07-29,12:47,Toys & Baby,Baby Wipes,5,3485.34,17426.7,Walmart Gift Card,5
CUST00330,Aditya Nagar,62,Female,Visakhapatnam,2025-12-02,14:35,Home & Kitchen,Storage Containers,4,3420.04,13680.16,Credit Card,1
CUST00331,Harsh Kapoor,57,Female,Ahmedabad,2025-09-09,12:49,Furniture,Dining Table,5,14345.46,71727.3,Walmart Gift Card,4
CUST00332,Aarti Rathore,29,Male,Kolkata,2025-03-14,13:35,Sports & Fitness,Cycling Helmet,1,5782.53,5782.53,UPI,3
CUST00333,Deepak Kaur,34,Male,Surat,2024-11-26,18:03,Clothing,Kids Jeans,1,672.68,672.68,Walmart Gift Card,4
CUST00334,Ashish Ghosh,53,Female,Bangalore,2024-07-07,17:04,Personal Care,Deodorant,5,244.77,1223.85,Net Banking,3
CUST00335,Neelam Shetty,52,Female,Bangalore,2025-01-04,13:13,Electronics,Laptop,6,15469.25,92815.5,Net Banking,5
CUST00336,Priya Reddy,60,Female,Bhopal,2024-02-10,19:56,Groceries,Coffee 200g,5,184.1,920.5,UPI,5
CUST00337,Manish Saxena,34,Female,Mumbai,2025-04-01,16:02,Furniture,Dining Table,5,20366.19,101830.95,UPI,4
CUST00338,Ishita Nagar,23,Male,Kolkata,2024-03-08,12:42,Sports & Fitness,Cycling Helmet,5,308.49,1542.45,Walmart Gift Card,4
CUST00339,Sandeep Mehta,31,Female,Chandigarh,2024-01-25,16:45,Toys & Baby,Baby Wipes,6,2775.57,16653.42,UPI,1
CUST00340,Divya Kumar,21,Male,Jaipur,2025-02-21,15:28,Home & Kitchen,Wall Clock,2,7301.24,14602.48,Walmart Gift Card,5
CUST00341,Rekha Yadav,19,Female,Coimbatore,2024-03-05,21:47,Groceries,Basmati Rice 5kg,6,446.16,2676.96,Net Banking,1
CUST00342,Pooja Tiwari,50,Male,Lucknow,2025-03-24,15:25,Personal Care,Hair Oil,5,132.66,663.3,Walmart Gift Card,1
CUST00343,Tarun Chopra,52,Male,Chennai,2024-05-27,13:43,Personal Care,Soap Bar Pack,3,866.51,2599.53,Walmart Gift Card,5
CUST00344,Priya Dutta,53,Male,Hyderabad,2025-07-14,10:19,Groceries,Coffee 200g,5,266.74,1333.7,Debit Card,5
CUST00345,Preeti Menon,59,Male,Kolkata,2024-07-04,19:51,Groceries,Coffee 200g,3,156.88,470.64,Net Banking,1
CUST00346,Alka Dutta,22,Female,Coimbatore,2025-05-13,14:22,Groceries,Wheat Flour 10kg,2,449.07,898.14,Debit Card,4
CUST00347,Sanjay Bhatt,57,Male,Pune,2024-11-09,20:37,Electronics,Mixer Grinder,3,28042.34,84127.02,Debit Card,5
CUST00348,Siddharth Pillai,28,Male,Surat,2025-03-22,13:53,Groceries,Sugar 1kg,6,456.9,2741.4,UPI,3
CUST00349,Mohit Bansal,47,Female,Kanpur,2025-10-23,18:05,Personal Care,Razor Pack,5,151.42,757.1,UPI,3
CUST00350,Sunil Kapoor,34,Male,Kochi,2025-08-18,18:25,Groceries,Basmati Rice 5kg,5,397.39,1986.95,Net Banking,4
CUST00351,Vikram Dutta,34,Female,Chandigarh,2025-08-26,20:54,Personal Care,Deodorant,4,247.58,990.32,UPI,3
CUST00352,Alka Nagar,50,Male,Nagpur,2025-09-20,19:10,Electronics,LED TV 43-inch,6,11358.53,68151.18,Net Banking,3
CUST00353,Madhuri Chopra,29,Male,Kochi,2025-05-14,12:04,Personal Care,Deodorant,1,243.81,243.81,UPI,5
CUST00354,Simran Gupta,60,Male,Vadodara,2025-04-10,09:02,Furniture,Dining Table,4,12537.34,50149.36,Walmart Gift Card,5
CUST00355,Kavita Sinha,58,Female,Kochi,2025-10-31,15:23,Electronics,Air Conditioner,5,8484.16,42420.8,Net Banking,2
CUST00356,Mahesh Bose,42,Male,Vadodara,2025-09-10,09:32,Clothing,Cotton Saree,4,2429.81,9719.24,Debit Card,5
CUST00357,Nisha Rao,22,Female,Pune,2024-05-01,19:14,Groceries,Cooking Oil 1L,3,381.11,1143.33,Cash,5
CUST00358,Manish Bansal,61,Female,Patna,2024-01-23,12:02,Groceries,Cooking Oil 1L,6,508.35,3050.1,Debit Card,3
CUST00359,Meera Nagar,20,Male,Delhi,2025-09-05,18:40,Groceries,Cooking Oil 1L,5,577.03,2885.15,Credit Card,4
CUST00360,Arjun Joshi,46,Female,Patna,2025-08-19,21:11,Groceries,Bread Loaf,5,128.49,642.45,Net Banking,4
CUST00361,Nisha Mishra,47,Male,Ahmedabad,2025-06-19,17:43,Electronics,Smartphone,1,1532.07,1532.07,Cash,3
CUST00362,Sanjay Malhotra,48,Male,Ludhiana,2024-05-13,18:34,Clothing,Women's Kurti,1,1576.16,1576.16,Credit Card,5
CUST00363,Mahesh Menon,41,Male,Visakhapatnam,2025-01-25,14:37,Clothing,Winter Jacket,4,2421.28,9685.12,Walmart Gift Card,2
CUST00364,Sandeep Nair,34,Female,Ahmedabad,2025-07-10,15:16,Furniture,Office Chair,3,15559.87,46679.61,Debit Card,1
CUST00365,Amit Ghosh,51,Male,Vadodara,2025-02-22,14:06,Groceries,Sugar 1kg,6,492.36,2954.16,Debit Card,5
CUST00366,Harsh Bose,52,Female,Agra,2024-07-27,15:35,Electronics,Microwave Oven,6,18367.47,110204.82,Net Banking,5
CUST00367,Vivek Chauhan,53,Female,Jaipur,2025-02-11,20:08,Sports & Fitness,Water Bottle Sports,3,11658.08,34974.24,Walmart Gift Card,2
CUST00368,Simran Rathore,62,Male,Hyderabad,2025-09-20,20:43,Groceries,Bread Loaf,3,490.47,1471.41,Walmart Gift Card,1
CUST00369,Deepak Saxena,58,Male,Bangalore,2024-03-06,13:14,Toys & Baby,Soft Toy,5,1797.97,8989.85,UPI,2
CUST00370,Vikram Saxena,43,Female,Visakhapatnam,2025-03-25,09:12,Sports & Fitness,Yoga Mat,2,9676.31,19352.62,Walmart Gift Card,4
CUST00371,Rajesh Gupta,56,Male,Nashik,2024-01-01,11:05,Groceries,Basmati Rice 5kg,3,181.59,544.77,UPI,5
CUST00372,Radhika Das,43,Male,Vadodara,2025-07-26,18:22,Groceries,Wheat Flour 10kg,1,352.28,352.28,UPI,4
CUST00373,Gaurav Thakur,30,Female,Nagpur,2024-04-19,17:04,Home & Kitchen,Dinner Set,2,3346.01,6692.02,Net Banking,4
CUST00374,Tanvi Reddy,50,Female,Ludhiana,2025-01-21,18:30,Toys & Baby,Kids Bicycle,3,2807.35,8422.05,Debit Card,5
CUST00375,Vishal Kulkarni,55,Male,Patna,2024-08-13,19:44,Groceries,Wheat Flour 10kg,4,398.51,1594.04,Debit Card,5
CUST00376,Ajay Tiwari,51,Male,Visakhapatnam,2025-11-20,20:52,Toys & Baby,Building Blocks,3,462.74,1388.22,UPI,2
CUST00377,Vivek Bansal,38,Female,Pune,2025-11-30,12:31,Furniture,Bed Frame,2,23757.28,47514.56,Walmart Gift Card,4
CUST00378,Aditya Desai,34,Male,Ahmedabad,2024-04-19,10:58,Groceries,Sugar 1kg,5,245.82,1229.1,Credit Card,5
CUST00379,Amit Shetty,20,Female,Kanpur,2025-05-17,11:48,Home & Kitchen,Vacuum Cleaner,5,6969.84,34849.2,Net Banking,4
CUST00380,Ravi Rao,54,Male,Delhi,2024-02-03,17:22,Clothing,Sports Shoes,4,2834.05,11336.2,Cash,3
CUST00381,Vishal Reddy,62,Female,Surat,2025-08-17,10:20,Personal Care,Shampoo 340ml,6,237.03,1422.18,UPI,4
CUST00382,Swati Dutta,34,Male,Jaipur,2025-05-25,15:13,Clothing,Innerwear Pack,3,1256.29,3768.87,Cash,5
CUST00383,Abhishek Das,35,Female,Kolkata,2024-04-12,20:17,Home & Kitchen,Wall Clock,6,1944.25,11665.5,Debit Card,5
CUST00384,Rakesh Kapoor,27,Male,Patna,2025-10-07,17:34,Toys & Baby,Toy Car,4,2048.43,8193.72,Walmart Gift Card,5
CUST00385,Ashish Pandey,34,Male,Nagpur,2024-09-17,16:53,Groceries,Cooking Oil 1L,1,168.51,168.51,Walmart Gift Card,2
CUST00386,Madhuri Mishra,34,Female,Kanpur,2024-05-04,14:55,Home & Kitchen,Dinner Set,3,305.71,917.13,Walmart Gift Card,4
CUST00387,Sunil Malhotra,36,Female,Surat,2024-03-21,15:39,Personal Care,Razor Pack,6,435.42,2612.52,UPI,5
CUST00388,Ankit Chopra,58,Female,Indore,2024-03-14,10:10,Home & Kitchen,Wall Clock,4,6813.87,27255.48,UPI,4
CUST00389,Siddharth Yadav,59,Female,Visakhapatnam,2025-01-06,20:37,Electronics,Refrigerator,3,40035.98,120107.94,Net Banking,5
CUST00390,Ajay Chopra,29,Male,Chennai,2024-03-22,12:10,Personal Care,Hair Oil,6,648.59,3891.54,Cash,2
CUST00391,Sanjay Kumar,48,Male,Mumbai,2025-09-24,11:05,Personal Care,Soap Bar Pack,1,147.3,147.3,Walmart Gift Card,5
CUST00392,Bhavna Rao,33,Female,Bhopal,2024-01-30,09:42,Home & Kitchen,Bed Sheet Set,5,6732.36,33661.8,UPI,5
CUST00393,Tarun Kulkarni,52,Female,Ludhiana,2025-04-12,19:47,Clothing,School Uniform,2,1874.79,3749.58,Walmart Gift Card,5
CUST00394,Seema Shetty,37,Female,Patna,2025-02-26,13:09,Clothing,Women's Kurti,4,1096.64,4386.56,UPI,1
CUST00395,Amit Sinha,26,Female,Lucknow,2025-05-03,13:00,Clothing,Men's T-Shirt,6,2785.74,16714.44,Cash,4
CUST00396,Simran Sharma,53,Female,Pune,2024-06-16,20:47,Clothing,School Uniform,4,1335.57,5342.28,Walmart Gift Card,5
CUST00397,Rakesh Rao,34,Male,Indore,2025-12-02,13:18,Home & Kitchen,Table Lamp,5,6489.46,32447.3,Walmart Gift Card,4
CUST00398,Ajay Kapoor,22,Male,Chennai,2025-12-18,18:31,Electronics,Mixer Grinder,5,20812.31,104061.55,Debit Card,5
CUST00399,Rahul Iyer,21,Male,Kolkata,2025-03-24,20:00,Sports & Fitness,Badminton Racket,3,2050.58,6151.74,Debit Card,2
CUST00400,Shreya Sharma,49,Male,Surat,2024-02-02,14:05,Clothing,Casual Sneakers,3,1525.13,4575.39,Debit Card,1
CUST00401,Varun Das,22,Female,Kolkata,2024-05-04,21:45,Groceries,Toor Dal 1kg,4,505.54,2022.16,Debit Card,5
CUST00402,Pankaj Desai,65,Male,Pune,2024-08-01,16:24,Clothing,Women's Kurti,5,2081.52,10407.6,Walmart Gift Card,4
CUST00403,Ishita Chopra,58,Male,Kochi,2025-10-15,13:12,Furniture,Shoe Rack,1,7452.85,7452.85,UPI,1
CUST00404,Preeti Reddy,33,Female,Surat,2024-09-05,09:02,Groceries,Toor Dal 1kg,5,115.81,579.05,Net Banking,5
CUST00405,Shreya Chauhan,23,Male,Kolkata,2025-10-02,09:03,Clothing,Innerwear Pack,3,2809.83,8429.49,UPI,3
CUST00406,Sunil Mehta,26,Female,Ahmedabad,2025-03-25,20:12,Electronics,Air Conditioner,6,34246.03,205476.18,Credit Card,5
CUST00407,Radhika Nair,34,Male,Patna,2025-05-16,12:36,Personal Care,Soap Bar Pack,3,515.9,1547.7,Debit Card,5
CUST00408,Ishita Kulkarni,35,Male,Bangalore,2025-07-08,14:29,Clothing,Casual Sneakers,3,2503.4,7510.2,Credit Card,5
CUST00409,Swati Verma,57,Female,Nashik,2025-01-31,12:33,Groceries,Wheat Flour 10kg,6,581.94,3491.64,Walmart Gift Card,5
CUST00410,Shreya Chandra,36,Female,Indore,2024-03-09,09:53,Home & Kitchen,Pressure Cooker,1,4257.12,4257.12,Debit Card,3
CUST00411,Vikram Kapoor,24,Female,Pune,2025-11-04,16:33,Groceries,Coffee 200g,6,509.96,3059.76,Net Banking,4
CUST00412,Rohan Chauhan,32,Male,Mumbai,2024-03-22,16:51,Furniture,Sofa Set,6,13048.03,78288.18,Walmart Gift Card,1
CUST00413,Abhishek Dutta,65,Female,Kanpur,2024-02-11,20:04,Personal Care,Shampoo 340ml,5,283.29,1416.45,UPI,2
CUST00414,Preeti Sinha,24,Male,Kochi,2025-11-03,12:36,Groceries,Bread Loaf,2,156.22,312.44,Walmart Gift Card,3
CUST00415,Neelam Mehta,58,Female,Coimbatore,2024-07-03,17:25,Clothing,Sports Shoes,1,708.73,708.73,Net Banking,5
CUST00416,Deepak Shetty,56,Female,Kanpur,2025-02-26,21:40,Furniture,Shoe Rack,3,21354.07,64062.21,Cash,5
CUST00417,Aditya Ghosh,52,Male,Nagpur,2025-04-03,15:00,Personal Care,Hair Oil,3,867.79,2603.37,Walmart Gift Card,1
CUST00418,Rajat Thakur,19,Male,Lucknow,2024-01-23,21:52,Groceries,Sugar 1kg,2,520.65,1041.3,Walmart Gift Card,4
CUST00419,Usha Dutta,54,Male,Hyderabad,2025-01-10,18:15,Groceries,Milk 1L,2,126.12,252.24,Debit Card,4
CUST00420,Naveen Patel,54,Female,Agra,2025-05-09,11:31,Furniture,Office Chair,6,9130.26,54781.56,Walmart Gift Card,2
CUST00421,Naveen Gupta,64,Female,Bangalore,2025-03-20,15:59,Personal Care,Deodorant,3,799.03,2397.09,Credit Card,4
CUST00422,Priya Saxena,21,Female,Vadodara,2025-05-29,20:14,Groceries,Tea Powder 500g,5,132.27,661.35,Debit Card,1
CUST00423,Ravi Rathore,56,Male,Ahmedabad,2024-03-25,16:36,Clothing,Sports Shoes,2,613.52,1227.04,Walmart Gift Card,1
CUST00424,Kiran Bose,23,Female,Vadodara,2024-07-21,16:25,Clothing,Kids Jeans,2,1572.54,3145.08,Walmart Gift Card,4
CUST00425,Seema Desai,33,Male,Jaipur,2024-04-01,10:42,Personal Care,Deodorant,6,836.28,5017.68,Cash,5
CUST00426,Abhishek Tiwari,30,Female,Kanpur,2024-12-24,18:52,Home & Kitchen,Non-stick Pan,3,1478.65,4435.95,Cash,3
CUST00427,Pankaj Gupta,32,Male,Coimbatore,2024-09-05,18:59,Electronics,Bluetooth Headphones,1,33489.51,33489.51,Debit Card,4
CUST00428,Priya Mishra,62,Male,Lucknow,2025-07-04,12:13,Clothing,Men's T-Shirt,3,824.78,2474.34,Net Banking,4
CUST00429,Payal Chandra,64,Male,Visakhapatnam,2025-11-10,17:02,Personal Care,Shampoo 340ml,4,549.72,2198.88,UPI,3
CUST00430,Neha Bhatt,30,Female,Delhi,2024-10-04,19:54,Clothing,Men's T-Shirt,1,1318.77,1318.77,Walmart Gift Card,5
CUST00431,Kavita Verma,36,Female,Ahmedabad,2024-11-19,16:55,Sports & Fitness,Cycling Helmet,6,1674.13,10044.78,Net Banking,2
CUST00432,Swati Kapoor,50,Female,Ludhiana,2025-06-26,13:21,Furniture,Study Table,1,7313.72,7313.72,Cash,5
CUST00433,Deepak Verma,40,Female,Kanpur,2024-03-04,19:16,Home & Kitchen,Curtains,5,2315.64,11578.2,Cash,1
CUST00434,Shalini Rao,27,Female,Nagpur,2025-11-25,18:55,Home & Kitchen,Pressure Cooker,6,3150.33,18901.98,Walmart Gift Card,4
CUST00435,Neelam Desai,54,Male,Indore,2024-05-14,12:41,Sports & Fitness,Water Bottle Sports,3,6847.7,20543.1,Debit Card,4
CUST00436,Meera Pandey,62,Male,Indore,2024-06-10,14:04,Sports & Fitness,Cricket Bat,6,14008.84,84053.04,Net Banking,2
CUST00437,Swati Yadav,27,Male,Surat,2025-10-14,20:17,Furniture,TV Unit,4,8628.68,34514.72,Debit Card,4
CUST00438,Kavita Nair,29,Male,Nashik,2025-09-02,12:14,Home & Kitchen,Wall Clock,5,4957.04,24785.2,Walmart Gift Card,1
CUST00439,Radhika Patel,62,Female,Chennai,2025-01-17,11:54,Clothing,Innerwear Pack,4,2208.05,8832.2,Cash,5
CUST00440,Tarun Nair,28,Male,Ahmedabad,2024-08-15,20:42,Groceries,Basmati Rice 5kg,3,572.61,1717.83,Debit Card,4
CUST00441,Karan Malhotra,46,Female,Visakhapatnam,2024-02-12,18:47,Electronics,Mixer Grinder,2,19697.96,39395.92,Cash,5
CUST00442,Ravi Chandra,65,Male,Vadodara,2024-09-08,17:34,Groceries,Eggs (12 pack),1,532.78,532.78,Cash,1
CUST00443,Sunita Sinha,58,Male,Pune,2024-10-19,16:10,Electronics,Refrigerator,3,34996.52,104989.56,Cash,4
CUST00444,Rohan Sinha,27,Female,Chandigarh,2025-08-22,20:34,Clothing,School Uniform,1,744.37,744.37,Debit Card,5
CUST00445,Ajay Yadav,46,Male,Kolkata,2024-11-27,20:41,Clothing,Winter Jacket,4,497.99,1991.96,Walmart Gift Card,3
CUST00446,Ritu Patel,25,Female,Chandigarh,2025-06-07,18:10,Electronics,Air Conditioner,6,17776.66,106659.96,Cash,5
CUST00447,Anjali Chopra,39,Male,Kolkata,2024-11-11,13:46,Toys & Baby,Toy Car,6,300.11,1800.66,Cash,4
CUST00448,Swati Reddy,26,Male,Mumbai,2025-05-25,17:51,Home & Kitchen,Dinner Set,1,3750.34,3750.34,Credit Card,5
CUST00449,Aditya Joshi,55,Female,Bhopal,2024-09-07,17:17,Clothing,Women's Kurti,5,1900.28,9501.4,Net Banking,4
CUST00450,Rohan Malhotra,27,Male,Chandigarh,2025-09-09,13:21,Electronics,Smartphone,1,30281.25,30281.25,Credit Card,1
CUST00451,Kavita Menon,29,Male,Coimbatore,2024-06-30,16:47,Electronics,Smartwatch,5,35599.0,177995.0,Net Banking,5
CUST00452,Vikram Patel,37,Female,Kanpur,2024-03-07,13:30,Furniture,Office Chair,4,21317.78,85271.12,Debit Card,2
CUST00453,Shalini Mishra,51,Female,Vadodara,2025-08-08,20:40,Groceries,Sugar 1kg,5,82.0,410.0,Net Banking,2
CUST00454,Payal Thakur,63,Female,Indore,2025-09-30,14:59,Home & Kitchen,Water Bottle,3,4274.32,12822.96,Debit Card,5
CUST00455,Mahesh Trivedi,49,Male,Nashik,2024-01-25,16:40,Groceries,Toor Dal 1kg,2,50.87,101.74,Credit Card,4
CUST00456,Neelam Menon,20,Female,Kanpur,2025-12-07,13:16,Home & Kitchen,Curtains,1,5178.85,5178.85,Credit Card,4
CUST00457,Naveen Nagar,53,Female,Mumbai,2025-08-05,18:01,Groceries,Milk 1L,3,267.83,803.49,Debit Card,4
CUST00458,Mohit Mishra,61,Female,Patna,2025-04-16,17:57,Personal Care,Face Wash,4,190.52,762.08,UPI,5
CUST00459,Ajay Singh,51,Female,Agra,2024-08-01,18:43,Personal Care,Deodorant,5,510.14,2550.7,UPI,5
CUST00460,Karan Iyer,35,Male,Surat,2025-02-02,11:38,Sports & Fitness,Cycling Helmet,2,8650.53,17301.06,Credit Card,4
CUST00461,Siddharth Gupta,35,Female,Bangalore,2024-11-05,12:33,Clothing,Winter Jacket,3,1492.74,4478.22,UPI,3
CUST00462,Manish Chauhan,20,Male,Bangalore,2024-06-06,12:21,Clothing,Men's T-Shirt,4,2738.63,10954.52,Cash,4
CUST00463,Ishita Iyer,24,Male,Pune,2025-06-18,10:00,Personal Care,Razor Pack,4,659.49,2637.96,UPI,1
CUST00464,Divya Mishra,47,Male,Hyderabad,2024-11-15,19:57,Clothing,Formal Shirt,1,1838.29,1838.29,Debit Card,5
CUST00465,Anita Kapoor,36,Female,Ludhiana,2024-06-01,11:17,Electronics,Mixer Grinder,6,6000.17,36001.02,Credit Card,1
CUST00466,Usha Mehta,31,Female,Ludhiana,2025-08-10,12:10,Electronics,Smartphone,6,36336.93,218021.58,Credit Card,4
CUST00467,Tanvi Shetty,46,Male,Chennai,2024-03-29,15:25,Groceries,Basmati Rice 5kg,1,260.98,260.98,Debit Card,5
CUST00468,Radhika Pandey,39,Male,Visakhapatnam,2025-04-21,18:08,Personal Care,Soap Bar Pack,1,877.89,877.89,Credit Card,5
CUST00469,Sanjay Kulkarni,37,Female,Patna,2025-09-23,13:58,Groceries,Sugar 1kg,2,523.6,1047.2,UPI,5
CUST00470,Swati Mishra,38,Female,Patna,2025-04-17,11:18,Groceries,Eggs (12 pack),1,243.29,243.29,UPI,3
CUST00471,Usha Mehta,43,Male,Surat,2025-02-14,18:26,Home & Kitchen,Pressure Cooker,3,4332.05,12996.15,Debit Card,4
CUST00472,Deepak Bansal,42,Male,Surat,2025-03-21,18:50,Groceries,Coffee 200g,4,481.37,1925.48,UPI,4
CUST00473,Vivek Kumar,65,Female,Hyderabad,2025-03-31,11:19,Home & Kitchen,Vacuum Cleaner,3,4507.44,13522.32,Cash,2
CUST00474,Kavita Thakur,42,Female,Patna,2024-05-22,18:57,Home & Kitchen,Non-stick Pan,1,1858.25,1858.25,Walmart Gift Card,1
CUST00475,Ankit Iyer,46,Female,Nagpur,2024-11-20,13:36,Home & Kitchen,Vacuum Cleaner,2,1764.44,3528.88,Walmart Gift Card,4
CUST00476,Rekha Tiwari,23,Male,Nashik,2024-03-04,14:57,Sports & Fitness,Skipping Rope,2,12817.08,25634.16,Net Banking,1
CUST00477,Amit Dutta,40,Male,Lucknow,2025-02-07,19:20,Toys & Baby,Building Blocks,4,2838.67,11354.68,Walmart Gift Card,5
CUST00478,Kiran Saxena,45,Male,Coimbatore,2025-01-03,15:09,Groceries,Cooking Oil 1L,2,355.48,710.96,UPI,3
CUST00479,Meera Sharma,22,Male,Chennai,2024-05-19,10:08,Personal Care,Razor Pack,6,426.86,2561.16,Walmart Gift Card,5
CUST00480,Vishal Thakur,45,Male,Bhopal,2024-08-19,11:27,Clothing,School Uniform,4,1307.97,5231.88,Net Banking,1
CUST00481,Jyoti Desai,63,Female,Indore,2024-02-08,18:30,Furniture,Recliner,3,2286.35,6859.05,Walmart Gift Card,5
CUST00482,Manish Kaur,48,Male,Chennai,2024-03-21,17:56,Personal Care,Soap Bar Pack,3,450.55,1351.65,Net Banking,2
CUST00483,Kritika Bansal,58,Male,Coimbatore,2024-12-17,17:49,Home & Kitchen,Wall Clock,3,4962.36,14887.08,Credit Card,5
CUST00484,Vishal Nagar,48,Female,Indore,2025-12-12,18:47,Electronics,Microwave Oven,3,8203.86,24611.58,UPI,4
CUST00485,Neha Bansal,55,Male,Agra,2024-10-20,16:05,Groceries,Toor Dal 1kg,6,393.37,2360.22,Debit Card,2
CUST00486,Shalini Bose,26,Female,Jaipur,2024-06-27,18:47,Toys & Baby,Baby Diapers Pack,6,535.04,3210.24,Debit Card,5
CUST00487,Komal Malhotra,34,Male,Patna,2024-03-27,11:38,Groceries,Tea Powder 500g,1,238.57,238.57,Debit Card,5
CUST00488,Ajay Saxena,33,Female,Kochi,2024-12-19,09:41,Home & Kitchen,Curtains,5,5914.73,29573.65,UPI,2
CUST00489,Rohan Chopra,47,Female,Patna,2025-12-23,15:30,Electronics,Air Conditioner,2,17587.2,35174.4,UPI,3
CUST00490,Seema Pillai,18,Female,Bhopal,2024-02-12,10:58,Electronics,Washing Machine,5,30983.13,154915.65,Net Banking,5
CUST00491,Rekha Chandra,59,Female,Surat,2025-02-04,16:49,Electronics,Bluetooth Headphones,3,29721.97,89165.91,Walmart Gift Card,4
CUST00492,Rajesh Sinha,39,Male,Surat,2024-04-10,17:06,Clothing,Men's T-Shirt,1,282.89,282.89,Walmart Gift Card,5
CUST00493,Yash Rao,64,Female,Jaipur,2025-08-31,19:57,Groceries,Basmati Rice 5kg,5,100.57,502.85,Debit Card,2
CUST00494,Ritu Patel,56,Male,Nagpur,2025-12-13,11:16,Home & Kitchen,Wall Clock,2,7183.61,14367.22,UPI,5
CUST00495,Pooja Kulkarni,35,Female,Visakhapatnam,2024-03-16,13:49,Furniture,Dining Table,3,5306.2,15918.6,Credit Card,5
CUST00496,Sunita Mishra,21,Female,Jaipur,2024-07-24,18:25,Groceries,Wheat Flour 10kg,4,588.68,2354.72,Debit Card,5
CUST00497,Kavita Iyer,52,Female,Pune,2024-04-15,09:04,Home & Kitchen,Pressure Cooker,4,5765.89,23063.56,Credit Card,4
CUST00498,Madhuri Verma,49,Male,Chandigarh,2024-06-04,20:21,Home & Kitchen,Non-stick Pan,6,3215.3,19291.8,Cash,1
CUST00499,Usha Trivedi,48,Female,Nagpur,2025-01-28,20:52,Toys & Baby,Baby Wipes,5,980.8,4904.0,Cash,2
CUST00500,Sunil Tiwari,39,Female,Nagpur,2024-12-14,10:53,Groceries,Wheat Flour 10kg,3,344.04,1032.12,Cash,4
CUST00501,Anita Malhotra,53,Male,Nagpur,2024-04-19,19:44,Home & Kitchen,Dinner Set,6,3212.32,19273.92,UPI,5
CUST00502,Arjun Rathore,65,Male,Chennai,2024-09-01,16:24,Groceries,Basmati Rice 5kg,6,598.01,3588.06,Credit Card,4
CUST00503,Jyoti Shetty,46,Male,Delhi,2024-05-01,12:51,Electronics,Washing Machine,6,2692.4,16154.4,Walmart Gift Card,5
CUST00504,Sunil Iyer,65,Male,Bangalore,2025-04-27,18:02,Groceries,Cooking Oil 1L,4,409.61,1638.44,Debit Card,3
CUST00505,Priya Malhotra,58,Male,Lucknow,2025-08-28,10:52,Toys & Baby,Baby Wipes,4,2483.78,9935.12,Credit Card,2
CUST00506,Jyoti Thakur,57,Male,Bangalore,2025-11-25,15:20,Toys & Baby,Board Game,3,3264.93,9794.79,Credit Card,3
CUST00507,Ishita Joshi,20,Male,Surat,2024-06-21,20:23,Groceries,Toor Dal 1kg,2,466.65,933.3,Net Banking,3
CUST00508,Pankaj Desai,55,Male,Chennai,2024-01-17,16:05,Groceries,Coffee 200g,4,477.71,1910.84,Credit Card,1
CUST00509,Vivek Patel,63,Female,Indore,2024-05-26,19:17,Personal Care,Razor Pack,6,166.59,999.54,Net Banking,5
CUST00510,Ajay Desai,29,Male,Nashik,2025-10-04,21:19,Groceries,Eggs (12 pack),5,572.66,2863.3,UPI,5
CUST00511,Amit Dutta,33,Male,Hyderabad,2025-07-06,17:14,Sports & Fitness,Dumbbells Set,5,5556.14,27780.7,Cash,4
CUST00512,Shalini Singh,30,Male,Chennai,2025-11-17,09:03,Personal Care,Razor Pack,4,208.11,832.44,Walmart Gift Card,5
CUST00513,Rajat Joshi,45,Female,Surat,2024-02-23,17:11,Home & Kitchen,Vacuum Cleaner,1,969.71,969.71,Debit Card,1
CUST00514,Ashish Nagar,25,Male,Ahmedabad,2024-07-22,20:43,Personal Care,Sunscreen,5,333.82,1669.1,UPI,4
CUST00515,Manish Yadav,32,Male,Ahmedabad,2024-03-16,16:37,Personal Care,Body Lotion,4,808.75,3235.0,Cash,1
CUST00516,Rekha Iyer,31,Female,Kolkata,2025-10-09,14:17,Electronics,Smartphone,4,32616.1,130464.4,Debit Card,5
CUST00517,Suresh Gupta,62,Male,Jaipur,2024-12-17,12:56,Groceries,Eggs (12 pack),4,280.02,1120.08,UPI,3
CUST00518,Nisha Ghosh,53,Male,Bangalore,2024-08-09,18:30,Clothing,School Uniform,4,2621.05,10484.2,Cash,4
CUST00519,Priya Pillai,65,Male,Ahmedabad,2025-08-28,11:58,Electronics,Smartwatch,2,40218.56,80437.12,Net Banking,1
CUST00520,Neelam Gupta,20,Female,Kochi,2025-05-05,21:51,Personal Care,Shampoo 340ml,4,506.14,2024.56,Walmart Gift Card,2
CUST00521,Madhuri Trivedi,33,Male,Ludhiana,2024-10-29,12:41,Personal Care,Sanitary Pads,2,171.48,342.96,Credit Card,1
CUST00522,Payal Pandey,28,Female,Agra,2024-05-21,20:25,Personal Care,Shampoo 340ml,4,449.56,1798.24,Debit Card,5
CUST00523,Alka Sharma,58,Male,Nagpur,2025-03-12,21:17,Furniture,Dining Table,5,2268.78,11343.9,Walmart Gift Card,4
CUST00524,Arjun Chandra,39,Male,Vadodara,2025-01-09,16:39,Sports & Fitness,Treadmill,1,1842.3,1842.3,Credit Card,5
CUST00525,Abhishek Malhotra,59,Male,Ludhiana,2024-09-01,17:07,Personal Care,Body Lotion,2,884.25,1768.5,Walmart Gift Card,5
CUST00526,Nikhil Rao,38,Female,Jaipur,2025-01-16,14:28,Clothing,Sports Shoes,3,399.76,1199.28,Cash,2
CUST00527,Tarun Shetty,61,Female,Bhopal,2025-04-13,10:05,Home & Kitchen,Pressure Cooker,2,7151.44,14302.88,Cash,3
CUST00528,Rajat Kumar,24,Male,Jaipur,2024-07-28,17:40,Groceries,Cooking Oil 1L,4,132.77,531.08,Credit Card,4
CUST00529,Neelam Shetty,26,Female,Kanpur,2024-01-23,21:14,Clothing,Men's T-Shirt,3,769.92,2309.76,Net Banking,5
CUST00530,Ajay Kaur,39,Female,Patna,2024-11-07,18:08,Home & Kitchen,Table Lamp,5,3645.26,18226.3,UPI,3
CUST00531,Pallavi Rao,48,Female,Lucknow,2025-04-11,11:39,Personal Care,Shampoo 340ml,2,356.62,713.24,Debit Card,4
CUST00532,Swati Malhotra,63,Male,Kolkata,2025-03-27,13:23,Groceries,Basmati Rice 5kg,3,365.99,1097.97,Debit Card,4
CUST00533,Vikram Yadav,40,Male,Kanpur,2024-01-26,15:59,Clothing,Kids Jeans,5,1079.29,5396.45,Cash,3
CUST00534,Vishal Yadav,27,Male,Kochi,2024-10-29,16:57,Clothing,School Uniform,3,2029.92,6089.76,UPI,3
CUST00535,Pankaj Mishra,62,Male,Kochi,2024-04-29,13:01,Clothing,Men's T-Shirt,2,2114.52,4229.04,Cash,4
CUST00536,Madhuri Tiwari,23,Female,Delhi,2024-10-11,12:01,Home & Kitchen,Curtains,5,4282.51,21412.55,Credit Card,5
CUST00537,Divya Nagar,43,Male,Patna,2025-11-13,14:25,Electronics,Smartwatch,5,42498.38,212491.9,Debit Card,5
CUST00538,Komal Saxena,41,Male,Lucknow,2024-03-30,12:46,Electronics,Microwave Oven,4,39444.14,157776.56,Cash,5
CUST00539,Pankaj Bhatt,28,Female,Kochi,2024-05-27,12:19,Furniture,Bookshelf,5,15551.49,77757.45,Cash,5
CUST00540,Karan Kaur,42,Male,Mumbai,2025-04-18,20:36,Clothing,Formal Shirt,4,730.96,2923.84,Debit Card,4
CUST00541,Swati Saxena,36,Female,Delhi,2025-07-26,20:29,Toys & Baby,Feeding Bottle,5,1285.27,6426.35,Debit Card,1
CUST00542,Amit Iyer,34,Female,Chandigarh,2024-10-21,15:11,Toys & Baby,Soft Toy,1,2649.87,2649.87,Cash,4
CUST00543,Sneha Reddy,35,Female,Bangalore,2025-03-22,13:40,Home & Kitchen,Water Bottle,5,3921.81,19609.05,Walmart Gift Card,5
CUST00544,Ritu Chauhan,50,Male,Jaipur,2025-12-10,11:22,Groceries,Basmati Rice 5kg,2,225.82,451.64,Debit Card,1
CUST00545,Varun Chauhan,44,Female,Delhi,2025-06-10,12:49,Electronics,Air Conditioner,6,42185.21,253111.26,Walmart Gift Card,3
CUST00546,Sanjay Thakur,28,Female,Surat,2025-12-05,14:06,Toys & Baby,Feeding Bottle,3,2773.23,8319.69,Net Banking,5
CUST00547,Ankit Sharma,26,Female,Kanpur,2024-06-15,10:13,Personal Care,Sanitary Pads,3,833.56,2500.68,Debit Card,4
CUST00548,Rajesh Dutta,57,Male,Indore,2024-01-18,16:22,Clothing,Women's Kurti,1,2501.82,2501.82,UPI,5
CUST00549,Meera Rathore,56,Female,Kolkata,2024-08-15,11:54,Personal Care,Shampoo 340ml,6,744.24,4465.44,Walmart Gift Card,3
CUST00550,Simran Pandey,26,Male,Chennai,2024-04-24,10:01,Sports & Fitness,Skipping Rope,6,11492.75,68956.5,Cash,5
CUST00551,Anjali Kapoor,24,Male,Coimbatore,2024-09-16,09:04,Clothing,Men's T-Shirt,4,577.04,2308.16,UPI,1
CUST00552,Sanjay Reddy,56,Male,Agra,2024-04-02,11:54,Furniture,Bookshelf,6,9761.04,58566.24,Walmart Gift Card,4
CUST00553,Yash Tiwari,28,Male,Vadodara,2025-06-25,12:45,Home & Kitchen,Pressure Cooker,5,6141.47,30707.35,Debit Card,4
CUST00554,Nisha Shetty,18,Male,Pune,2024-07-08,16:43,Furniture,Wardrobe,3,17906.12,53718.36,Credit Card,3
CUST00555,Radhika Saxena,45,Male,Vadodara,2024-04-22,17:08,Groceries,Wheat Flour 10kg,3,117.99,353.97,Cash,5
CUST00556,Rajat Dutta,64,Male,Bangalore,2025-09-06,20:19,Electronics,Bluetooth Headphones,4,13335.63,53342.52,Walmart Gift Card,5
CUST00557,Gaurav Dutta,44,Female,Indore,2025-01-11,11:00,Groceries,Wheat Flour 10kg,4,566.5,2266.0,Walmart Gift Card,5
CUST00558,Kavita Das,46,Male,Hyderabad,2024-04-14,20:59,Groceries,Bread Loaf,6,374.81,2248.86,Debit Card,2
CUST00559,Abhishek Kapoor,39,Male,Nashik,2025-03-10,20:31,Toys & Baby,Board Game,1,1008.19,1008.19,UPI,4
CUST00560,Kiran Tiwari,48,Female,Patna,2024-09-13,16:31,Clothing,Kids Jeans,4,547.1,2188.4,Debit Card,3
CUST00561,Sneha Mehta,65,Male,Bangalore,2025-11-26,14:09,Clothing,Men's T-Shirt,2,1302.24,2604.48,UPI,2
CUST00562,Pooja Sinha,49,Female,Pune,2025-07-09,14:51,Electronics,Mixer Grinder,4,23111.93,92447.72,Net Banking,1
CUST00563,Vikram Pillai,25,Female,Bhopal,2024-02-03,11:35,Electronics,Refrigerator,4,21116.81,84467.24,Walmart Gift Card,4
CUST00564,Nisha Trivedi,45,Male,Lucknow,2025-05-17,19:35,Personal Care,Razor Pack,1,537.84,537.84,Walmart Gift Card,5
CUST00565,Tarun Dutta,28,Male,Nagpur,2024-12-27,21:18,Electronics,Smartwatch,4,28068.73,112274.92,UPI,1
CUST00566,Sneha Kaur,20,Male,Kanpur,2025-10-02,14:24,Electronics,Smartwatch,1,34621.58,34621.58,Credit Card,5
CUST00567,Yash Tiwari,44,Female,Delhi,2025-08-29,10:58,Home & Kitchen,Curtains,2,5237.45,10474.9,Walmart Gift Card,2
CUST00568,Bhavna Reddy,39,Male,Mumbai,2025-03-08,18:32,Clothing,Men's T-Shirt,4,2058.86,8235.44,Cash,4
CUST00569,Rahul Bansal,55,Male,Surat,2025-05-15,10:44,Electronics,Refrigerator,3,26106.21,78318.63,Walmart Gift Card,4
CUST00570,Tanvi Trivedi,50,Female,Kolkata,2025-10-12,21:04,Home & Kitchen,Water Bottle,4,1733.81,6935.24,Net Banking,4
CUST00571,Rajat Bose,21,Female,Agra,2024-04-04,20:54,Clothing,Winter Jacket,5,2292.94,11464.7,Net Banking,2
CUST00572,Tanvi Agarwal,22,Female,Indore,2025-05-31,21:19,Groceries,Wheat Flour 10kg,6,503.06,3018.36,Cash,5
CUST00573,Anita Menon,43,Female,Nashik,2025-10-04,20:33,Clothing,School Uniform,2,2672.47,5344.94,Debit Card,5
CUST00574,Preeti Kulkarni,35,Female,Agra,2025-04-18,11:15,Personal Care,Shampoo 340ml,5,228.54,1142.7,Debit Card,4
CUST00575,Rekha Menon,38,Male,Chandigarh,2025-10-23,11:16,Groceries,Bread Loaf,3,503.04,1509.12,Walmart Gift Card,4
CUST00576,Kiran Desai,25,Male,Pune,2025-03-22,15:41,Groceries,Toor Dal 1kg,4,316.96,1267.84,Credit Card,4
CUST00577,Deepak Agarwal,26,Male,Jaipur,2025-10-21,09:46,Personal Care,Hair Oil,6,522.59,3135.54,Cash,1
CUST00578,Neha Patel,38,Female,Bangalore,2024-04-02,15:53,Furniture,TV Unit,3,17284.29,51852.87,Walmart Gift Card,3
CUST00579,Aditya Reddy,54,Male,Vadodara,2024-04-02,12:38,Home & Kitchen,Wall Clock,5,2126.69,10633.45,Credit Card,5
CUST00580,Mohit Kaur,65,Female,Kochi,2024-06-28,12:17,Personal Care,Sanitary Pads,2,181.19,362.38,Cash,5
CUST00581,Harsh Kaur,21,Female,Ludhiana,2025-05-01,19:15,Electronics,Bluetooth Headphones,3,24921.93,74765.79,UPI,3
CUST00582,Abhishek Bansal,63,Female,Lucknow,2025-11-09,21:03,Groceries,Coffee 200g,1,512.81,512.81,Walmart Gift Card,4
CUST00583,Harsh Dutta,42,Female,Chandigarh,2024-08-30,16:24,Sports & Fitness,Treadmill,6,2006.4,12038.4,Credit Card,5
CUST00584,Harsh Pandey,23,Male,Lucknow,2025-10-21,15:50,Groceries,Cooking Oil 1L,4,397.24,1588.96,Credit Card,4
CUST00585,Arjun Trivedi,48,Female,Surat,2025-06-02,10:22,Personal Care,Toothpaste,2,646.73,1293.46,Cash,5
CUST00586,Vishal Verma,21,Male,Chandigarh,2025-10-05,13:20,Clothing,Kids Jeans,1,1351.82,1351.82,Net Banking,2
CUST00587,Manish Chopra,33,Male,Nashik,2024-05-16,13:11,Personal Care,Deodorant,4,461.83,1847.32,Walmart Gift Card,5
CUST00588,Rajat Kapoor,23,Female,Kanpur,2024-01-24,17:41,Groceries,Bread Loaf,5,173.47,867.35,Net Banking,4
CUST00589,Divya Kulkarni,30,Female,Visakhapatnam,2025-09-06,13:09,Toys & Baby,Baby Diapers Pack,4,2510.22,10040.88,Credit Card,5
CUST00590,Nisha Ghosh,25,Male,Visakhapatnam,2024-08-17,20:13,Clothing,Casual Sneakers,6,1608.91,9653.46,Debit Card,4
CUST00591,Rajat Trivedi,42,Male,Indore,2024-10-16,20:43,Toys & Baby,Kids Bicycle,2,3981.31,7962.62,Debit Card,5
CUST00592,Swati Menon,27,Male,Lucknow,2024-09-11,14:37,Sports & Fitness,Football,5,6874.46,34372.3,Walmart Gift Card,5
CUST00593,Arjun Sharma,48,Male,Surat,2025-01-27,20:27,Sports & Fitness,Skipping Rope,6,3340.82,20044.92,Walmart Gift Card,4
CUST00594,Pooja Mehta,53,Male,Delhi,2025-09-12,19:51,Electronics,Laptop,4,40943.61,163774.44,Net Banking,1
CUST00595,Amit Bose,50,Female,Lucknow,2025-07-26,09:37,Sports & Fitness,Treadmill,2,14527.26,29054.52,Debit Card,4
CUST00596,Nisha Nagar,49,Female,Bhopal,2024-05-25,13:07,Groceries,Milk 1L,6,341.73,2050.38,UPI,1
CUST00597,Suresh Trivedi,35,Female,Indore,2024-09-27,17:20,Electronics,Microwave Oven,5,37467.84,187339.2,Cash,3
CUST00598,Siddharth Trivedi,27,Female,Delhi,2025-04-26,13:10,Groceries,Basmati Rice 5kg,2,150.73,301.46,Walmart Gift Card,5
CUST00599,Rekha Reddy,49,Male,Bhopal,2024-04-25,20:55,Electronics,Air Conditioner,4,21032.98,84131.92,Debit Card,2
CUST00600,Yash Patel,31,Female,Kolkata,2025-11-10,18:13,Toys & Baby,Baby Powder,3,2296.66,6889.98,Net Banking,1
CUST00601,Seema Ghosh,29,Female,Bangalore,2024-12-02,09:18,Groceries,Eggs (12 pack),6,101.87,611.22,Walmart Gift Card,2
CUST00602,Ravi Chauhan,55,Male,Surat,2025-11-06,16:29,Groceries,Wheat Flour 10kg,4,506.88,2027.52,Walmart Gift Card,4
CUST00603,Amit Mishra,20,Female,Surat,2024-02-19,21:41,Sports & Fitness,Water Bottle Sports,2,3328.23,6656.46,UPI,5
CUST00604,Neha Kumar,53,Female,Bangalore,2025-02-12,10:01,Electronics,Smartphone,2,43455.18,86910.36,Debit Card,3
CUST00605,Sunita Das,36,Male,Hyderabad,2024-11-13,19:38,Electronics,Refrigerator,6,36440.81,218644.86,Debit Card,5
CUST00606,Sanjay Chauhan,50,Male,Patna,2025-09-06,15:05,Clothing,Sports Shoes,4,988.32,3953.28,Cash,5
CUST00607,Swati Pillai,58,Female,Bangalore,2025-10-25,19:45,Groceries,Milk 1L,4,422.04,1688.16,Debit Card,5
CUST00608,Seema Sinha,23,Female,Bhopal,2024-05-10,19:57,Clothing,Casual Sneakers,3,658.67,1976.01,UPI,4
CUST00609,Mahesh Pillai,36,Male,Ludhiana,2025-03-11,15:06,Groceries,Basmati Rice 5kg,5,109.2,546.0,Cash,4
CUST00610,Radhika Bose,55,Male,Vadodara,2025-02-06,09:05,Groceries,Eggs (12 pack),2,482.4,964.8,Cash,4
CUST00611,Siddharth Kaur,64,Female,Coimbatore,2024-07-10,12:11,Clothing,Formal Shirt,3,2908.48,8725.44,Credit Card,4
CUST00612,Kavita Pillai,52,Male,Mumbai,2025-04-16,20:25,Electronics,LED TV 43-inch,2,29786.4,59572.8,Walmart Gift Card,5
CUST00613,Naveen Chandra,57,Female,Visakhapatnam,2024-05-18,09:12,Personal Care,Sanitary Pads,3,133.61,400.83,Credit Card,1
CUST00614,Rajesh Verma,31,Female,Chandigarh,2025-07-05,12:05,Groceries,Sugar 1kg,4,513.15,2052.6,UPI,5
CUST00615,Ankit Bansal,45,Male,Hyderabad,2025-05-11,16:01,Groceries,Cooking Oil 1L,6,436.43,2618.58,Cash,4
CUST00616,Anita Bhatt,54,Female,Delhi,2025-03-18,15:54,Electronics,Bluetooth Headphones,6,38265.23,229591.38,Cash,4
CUST00617,Vikram Trivedi,43,Female,Vadodara,2025-05-14,12:45,Home & Kitchen,Wall Clock,6,7254.82,43528.92,Credit Card,1
CUST00618,Sandeep Ghosh,38,Male,Jaipur,2025-09-29,19:22,Furniture,TV Unit,4,4248.11,16992.44,Cash,5
CUST00619,Rahul Chopra,36,Male,Patna,2025-12-02,14:58,Electronics,Laptop,5,10510.84,52554.2,Net Banking,5
CUST00620,Suresh Bhatt,64,Female,Indore,2024-06-14,18:13,Toys & Baby,Stroller,4,3219.04,12876.16,UPI,2
CUST00621,Payal Nair,29,Male,Kolkata,2025-05-20,13:15,Home & Kitchen,Pressure Cooker,4,7552.98,30211.92,Debit Card,1
CUST00622,Rahul Tiwari,34,Female,Coimbatore,2024-12-11,15:07,Groceries,Tea Powder 500g,1,493.75,493.75,Net Banking,4
CUST00623,Ritu Dutta,32,Female,Jaipur,2025-07-24,13:57,Sports & Fitness,Treadmill,1,11597.4,11597.4,Debit Card,2
CUST00624,Rohan Rathore,47,Male,Hyderabad,2024-02-12,17:06,Personal Care,Sunscreen,1,751.83,751.83,Debit Card,2
CUST00625,Nikhil Chauhan,28,Female,Visakhapatnam,2024-04-11,11:41,Clothing,School Uniform,4,2264.52,9058.08,UPI,5
CUST00626,Meera Reddy,30,Female,Indore,2025-04-30,14:18,Personal Care,Shampoo 340ml,2,761.24,1522.48,Net Banking,3
CUST00627,Arjun Agarwal,41,Female,Kanpur,2025-06-26,15:50,Home & Kitchen,Curtains,2,6062.67,12125.34,Debit Card,3
CUST00628,Sandeep Menon,44,Female,Vadodara,2024-01-11,20:51,Personal Care,Deodorant,1,431.77,431.77,Net Banking,2
CUST00629,Arjun Mishra,38,Female,Kolkata,2025-10-18,11:57,Clothing,Sports Shoes,1,2065.48,2065.48,Net Banking,1
CUST00630,Mahesh Bhatt,44,Female,Coimbatore,2024-12-18,09:52,Personal Care,Hair Oil,6,683.87,4103.22,UPI,3
CUST00631,Kiran Rathore,59,Male,Ludhiana,2024-12-19,21:50,Home & Kitchen,Wall Clock,6,3620.83,21724.98,Walmart Gift Card,5
CUST00632,Anita Pandey,23,Male,Ludhiana,2024-10-17,12:05,Electronics,Smartphone,5,44643.04,223215.2,Net Banking,4
CUST00633,Mahesh Mishra,58,Male,Mumbai,2024-11-07,20:27,Groceries,Tea Powder 500g,5,192.28,961.4,Net Banking,2
CUST00634,Neha Chauhan,34,Female,Hyderabad,2024-01-06,16:21,Groceries,Wheat Flour 10kg,4,213.88,855.52,Debit Card,4
CUST00635,Yash Pandey,36,Male,Visakhapatnam,2025-08-19,12:52,Electronics,Laptop,1,15290.84,15290.84,UPI,5
CUST00636,Sanjay Iyer,63,Female,Indore,2025-05-02,12:28,Groceries,Basmati Rice 5kg,4,538.68,2154.72,Credit Card,5
CUST00637,Seema Das,55,Female,Jaipur,2025-05-16,20:26,Home & Kitchen,Storage Containers,4,5558.79,22235.16,Debit Card,3
CUST00638,Rajendra Nair,49,Female,Chennai,2024-08-05,16:30,Sports & Fitness,Cycling Helmet,5,1947.26,9736.3,Credit Card,3
CUST00639,Komal Reddy,56,Female,Hyderabad,2024-06-05,10:23,Groceries,Coffee 200g,3,72.16,216.48,UPI,5
CUST00640,Naveen Bhatt,49,Male,Chennai,2024-11-08,13:13,Groceries,Coffee 200g,4,76.76,307.04,Debit Card,5
CUST00641,Amit Reddy,53,Female,Bangalore,2025-08-02,16:57,Toys & Baby,Board Game,4,2334.93,9339.72,UPI,5
CUST00642,Tarun Thakur,26,Male,Vadodara,2024-11-29,10:51,Home & Kitchen,Vacuum Cleaner,6,3675.24,22051.44,Net Banking,5
CUST00643,Sunita Rao,43,Female,Ludhiana,2024-03-31,11:45,Groceries,Eggs (12 pack),6,202.56,1215.36,Credit Card,4
CUST00644,Ritu Dutta,23,Male,Nashik,2025-05-02,17:57,Clothing,Men's T-Shirt,5,1684.82,8424.1,Credit Card,2
CUST00645,Sunil Malhotra,19,Female,Pune,2025-06-30,18:20,Groceries,Coffee 200g,4,96.56,386.24,Cash,1
CUST00646,Ashish Verma,39,Female,Kolkata,2024-04-03,10:06,Clothing,School Uniform,3,1300.53,3901.59,Net Banking,3
CUST00647,Rajat Iyer,29,Female,Bangalore,2025-09-21,14:11,Groceries,Bread Loaf,6,143.06,858.36,Credit Card,1
CUST00648,Naveen Saxena,24,Female,Chennai,2024-05-03,09:12,Clothing,Cotton Saree,3,1282.66,3847.98,Debit Card,4
CUST00649,Jyoti Nagar,50,Female,Hyderabad,2024-03-08,16:01,Electronics,Washing Machine,4,25247.95,100991.8,Cash,4
CUST00650,Rahul Agarwal,53,Male,Ahmedabad,2025-04-01,10:54,Personal Care,Face Wash,3,537.33,1611.99,Walmart Gift Card,4
CUST00651,Ankit Chauhan,52,Male,Ahmedabad,2024-01-02,16:53,Clothing,Sports Shoes,5,1492.29,7461.45,Net Banking,4
CUST00652,Nisha Sharma,21,Female,Jaipur,2024-08-05,18:53,Home & Kitchen,Storage Containers,3,6763.14,20289.42,Net Banking,4
CUST00653,Anjali Chopra,65,Male,Lucknow,2024-10-13,15:13,Groceries,Wheat Flour 10kg,2,448.79,897.58,Net Banking,5
CUST00654,Tanvi Bose,63,Female,Jaipur,2025-09-05,14:01,Groceries,Milk 1L,3,165.84,497.52,Walmart Gift Card,3
CUST00655,Amit Thakur,48,Male,Mumbai,2025-12-21,16:48,Personal Care,Sanitary Pads,5,812.03,4060.15,Cash,2
CUST00656,Pooja Shetty,19,Female,Coimbatore,2024-06-30,21:51,Groceries,Bread Loaf,5,246.88,1234.4,Walmart Gift Card,1
CUST00657,Ritu Kulkarni,41,Male,Bhopal,2025-12-27,14:12,Groceries,Basmati Rice 5kg,3,424.3,1272.9,Credit Card,4
CUST00658,Gaurav Rao,49,Female,Delhi,2025-10-15,15:07,Electronics,Smartwatch,2,1115.38,2230.76,UPI,5
CUST00659,Nisha Dutta,30,Male,Bangalore,2025-08-06,12:56,Home & Kitchen,Pressure Cooker,2,2188.05,4376.1,Net Banking,4
CUST00660,Rajesh Verma,62,Female,Coimbatore,2025-10-18,19:41,Home & Kitchen,Vacuum Cleaner,1,7512.44,7512.44,Credit Card,5
CUST00661,Rekha Menon,35,Male,Coimbatore,2024-02-14,20:14,Clothing,Casual Sneakers,3,1672.46,5017.38,Credit Card,4
CUST00662,Neelam Shetty,46,Female,Mumbai,2024-01-26,20:14,Electronics,Washing Machine,1,39700.35,39700.35,Walmart Gift Card,5
CUST00663,Pooja Desai,30,Male,Surat,2024-01-25,18:51,Electronics,Bluetooth Headphones,1,22014.52,22014.52,Walmart Gift Card,5
CUST00664,Harsh Desai,24,Female,Ahmedabad,2024-08-30,10:49,Sports & Fitness,Yoga Mat,3,7891.19,23673.57,Net Banking,5
CUST00665,Sanjay Rathore,55,Male,Bangalore,2025-12-11,10:50,Sports & Fitness,Yoga Mat,4,4836.54,19346.16,Debit Card,1
CUST00666,Pankaj Singh,37,Female,Bangalore,2025-01-25,15:06,Groceries,Basmati Rice 5kg,5,78.71,393.55,Net Banking,5
CUST00667,Simran Thakur,60,Male,Bhopal,2024-12-13,19:43,Electronics,Refrigerator,5,28169.99,140849.95,Credit Card,5
CUST00668,Mahesh Mishra,55,Male,Hyderabad,2024-07-17,18:08,Groceries,Coffee 200g,6,87.15,522.9,Walmart Gift Card,4
CUST00669,Radhika Menon,48,Female,Kolkata,2025-08-21,15:32,Groceries,Basmati Rice 5kg,1,120.22,120.22,Walmart Gift Card,5
CUST00670,Bhavna Kaur,52,Male,Chennai,2024-01-09,17:37,Clothing,Innerwear Pack,3,1050.43,3151.29,Walmart Gift Card,3
CUST00671,Neha Desai,50,Male,Indore,2024-03-11,14:12,Electronics,Laptop,6,40955.71,245734.26,Walmart Gift Card,5
CUST00672,Alka Thakur,62,Female,Agra,2024-12-02,11:06,Home & Kitchen,Water Bottle,5,2502.11,12510.55,Cash,1
CUST00673,Jyoti Rao,18,Male,Visakhapatnam,2024-12-05,21:47,Groceries,Coffee 200g,2,181.46,362.92,Cash,4
CUST00674,Kiran Malhotra,18,Female,Mumbai,2024-10-24,16:12,Groceries,Basmati Rice 5kg,5,113.35,566.75,Walmart Gift Card,5
CUST00675,Anjali Verma,30,Male,Lucknow,2025-07-21,12:11,Groceries,Toor Dal 1kg,6,145.86,875.16,Debit Card,1
CUST00676,Vivek Bose,24,Male,Coimbatore,2024-11-08,16:15,Groceries,Wheat Flour 10kg,3,564.86,1694.58,UPI,5
CUST00677,Nisha Sinha,57,Female,Visakhapatnam,2024-07-15,17:24,Groceries,Cooking Oil 1L,2,487.19,974.38,Walmart Gift Card,5
CUST00678,Siddharth Thakur,45,Male,Delhi,2024-10-28,21:09,Personal Care,Sunscreen,2,777.73,1555.46,UPI,4
CUST00679,Rohan Agarwal,26,Female,Pune,2024-06-20,17:24,Personal Care,Razor Pack,6,576.5,3459.0,Walmart Gift Card,5
CUST00680,Jyoti Sinha,47,Male,Surat,2025-05-21,16:17,Personal Care,Soap Bar Pack,6,465.97,2795.82,Net Banking,5
CUST00681,Vikram Joshi,32,Male,Bhopal,2025-01-21,18:10,Toys & Baby,Board Game,2,1293.4,2586.8,UPI,4
CUST00682,Arjun Nair,23,Female,Bhopal,2025-06-08,18:21,Clothing,Winter Jacket,5,363.14,1815.7,Cash,5
CUST00683,Alka Pillai,44,Female,Patna,2024-08-27,13:41,Electronics,Refrigerator,1,8736.81,8736.81,Credit Card,5
CUST00684,Arjun Bhatt,50,Male,Jaipur,2024-02-09,17:12,Furniture,Office Chair,1,3176.69,3176.69,UPI,4
CUST00685,Mohit Bose,37,Female,Pune,2024-09-24,09:49,Personal Care,Face Wash,6,681.45,4088.7,UPI,4
CUST00686,Yash Das,43,Male,Patna,2024-08-02,16:14,Home & Kitchen,Bed Sheet Set,4,1936.49,7745.96,Net Banking,5
CUST00687,Alka Mishra,23,Female,Pune,2025-07-25,09:23,Clothing,Sports Shoes,2,1456.37,2912.74,Debit Card,3
CUST00688,Bhavna Sharma,49,Female,Surat,2025-12-08,17:19,Groceries,Bread Loaf,6,463.94,2783.64,UPI,1
CUST00689,Vikram Nair,27,Female,Agra,2025-02-04,15:13,Home & Kitchen,Wall Clock,5,4654.95,23274.75,Cash,2
CUST00690,Sunil Saxena,30,Female,Hyderabad,2024-04-05,11:06,Electronics,Mixer Grinder,6,40347.68,242086.08,Walmart Gift Card,3
CUST00691,Vikram Thakur,49,Male,Kolkata,2024-10-25,19:33,Groceries,Bread Loaf,3,163.24,489.72,Credit Card,5
CUST00692,Neha Chauhan,51,Male,Kolkata,2024-04-23,11:34,Electronics,Refrigerator,4,7740.97,30963.88,Cash,5
CUST00693,Karan Saxena,31,Male,Pune,2024-11-13,18:12,Electronics,Mixer Grinder,2,27483.96,54967.92,Net Banking,5
CUST00694,Shalini Kapoor,18,Male,Bhopal,2025-06-22,14:58,Groceries,Bread Loaf,5,494.16,2470.8,Net Banking,5
CUST00695,Vishal Kulkarni,54,Male,Kochi,2025-12-29,21:19,Groceries,Eggs (12 pack),3,435.17,1305.51,Cash,3
CUST00696,Neelam Desai,29,Female,Bhopal,2025-02-06,20:02,Electronics,Smartphone,6,25932.79,155596.74,Debit Card,3
CUST00697,Shalini Shetty,36,Male,Visakhapatnam,2025-07-20,10:23,Personal Care,Body Lotion,4,405.47,1621.88,Credit Card,2
CUST00698,Rajendra Yadav,44,Female,Kolkata,2024-03-15,19:44,Electronics,Air Conditioner,1,21227.8,21227.8,Walmart Gift Card,5
CUST00699,Rakesh Mishra,65,Female,Pune,2024-05-19,14:42,Electronics,LED TV 43-inch,3,5868.98,17606.94,Walmart Gift Card,5
CUST00700,Ashish Kulkarni,22,Male,Ludhiana,2024-10-12,11:10,Home & Kitchen,Vacuum Cleaner,2,3845.68,7691.36,Credit Card,2
CUST00701,Vivek Bhatt,25,Female,Kolkata,2025-03-27,14:11,Groceries,Basmati Rice 5kg,6,200.29,1201.74,Debit Card,1
CUST00702,Sunil Joshi,46,Male,Chandigarh,2025-03-30,09:38,Toys & Baby,Baby Wipes,4,2792.35,11169.4,Credit Card,1
CUST00703,Rakesh Kapoor,33,Female,Ahmedabad,2024-01-15,14:52,Groceries,Basmati Rice 5kg,4,65.37,261.48,Debit Card,2
CUST00704,Gaurav Mehta,60,Male,Kochi,2024-11-30,14:35,Groceries,Bread Loaf,5,109.23,546.15,Walmart Gift Card,4
CUST00705,Nikhil Shetty,43,Female,Hyderabad,2024-01-16,15:41,Groceries,Wheat Flour 10kg,3,227.85,683.55,UPI,1
CUST00706,Sunita Joshi,47,Male,Bangalore,2024-02-14,10:56,Home & Kitchen,Dinner Set,6,5047.69,30286.14,Debit Card,5
CUST00707,Naveen Thakur,49,Male,Visakhapatnam,2024-04-07,18:20,Clothing,Innerwear Pack,2,942.84,1885.68,Walmart Gift Card,5
CUST00708,Meera Mishra,29,Female,Coimbatore,2025-08-22,16:24,Clothing,Cotton Saree,1,1923.47,1923.47,Net Banking,4
CUST00709,Rajendra Kaur,63,Male,Ahmedabad,2025-03-14,21:15,Groceries,Wheat Flour 10kg,3,180.02,540.06,Net Banking,2
CUST00710,Neha Nair,41,Female,Lucknow,2024-08-31,20:38,Groceries,Bread Loaf,2,403.12,806.24,Cash,5
CUST00711,Meera Agarwal,38,Male,Vadodara,2024-01-25,12:54,Personal Care,Sanitary Pads,6,742.68,4456.08,Walmart Gift Card,5
CUST00712,Tanvi Desai,31,Male,Coimbatore,2025-06-17,14:11,Sports & Fitness,Football,5,13116.05,65580.25,Cash,1
CUST00713,Karan Trivedi,22,Male,Delhi,2024-06-26,18:35,Home & Kitchen,Bed Sheet Set,2,1135.65,2271.3,Debit Card,4
CUST00714,Rajendra Patel,45,Female,Lucknow,2025-09-12,12:19,Groceries,Sugar 1kg,2,283.21,566.42,UPI,5
CUST00715,Anita Agarwal,48,Male,Kanpur,2025-06-01,18:47,Electronics,Smartphone,4,20308.82,81235.28,Cash,3
CUST00716,Payal Verma,42,Female,Bangalore,2025-07-20,20:11,Personal Care,Hair Oil,5,511.25,2556.25,UPI,5
CUST00717,Alka Pandey,47,Female,Nagpur,2025-04-25,12:09,Home & Kitchen,Vacuum Cleaner,1,2765.89,2765.89,Debit Card,1
CUST00718,Priya Nagar,64,Female,Patna,2025-01-17,15:31,Clothing,Sports Shoes,4,2918.85,11675.4,UPI,2
CUST00719,Ajay Gupta,25,Female,Agra,2024-12-22,17:45,Groceries,Bread Loaf,3,474.2,1422.6,Cash,5
CUST00720,Neha Saxena,45,Male,Ahmedabad,2024-01-29,20:42,Clothing,Cotton Saree,6,2193.04,13158.24,Walmart Gift Card,3
CUST00721,Pallavi Thakur,47,Male,Jaipur,2024-01-13,10:49,Groceries,Coffee 200g,6,512.83,3076.98,Credit Card,5
CUST00722,Ravi Kaur,23,Male,Indore,2025-05-27,17:42,Groceries,Bread Loaf,3,430.51,1291.53,Cash,4
CUST00723,Ajay Patel,24,Female,Chennai,2024-11-11,09:10,Electronics,Laptop,6,18390.28,110341.68,Cash,1
CUST00724,Sanjay Kumar,62,Female,Vadodara,2024-06-29,14:11,Clothing,Formal Shirt,6,1435.11,8610.66,Walmart Gift Card,3
CUST00725,Anita Trivedi,29,Male,Bhopal,2024-07-06,21:48,Home & Kitchen,Curtains,2,1727.39,3454.78,Debit Card,4
CUST00726,Ajay Rathore,58,Male,Chandigarh,2024-10-10,10:21,Groceries,Toor Dal 1kg,1,257.75,257.75,Credit Card,4
CUST00727,Payal Trivedi,61,Male,Mumbai,2024-02-12,10:13,Groceries,Basmati Rice 5kg,6,370.34,2222.04,Net Banking,1
CUST00728,Rakesh Thakur,51,Female,Patna,2025-01-14,19:56,Clothing,Cotton Saree,5,1431.0,7155.0,UPI,5
CUST00729,Aditya Chauhan,60,Female,Nagpur,2024-01-04,16:55,Home & Kitchen,Water Bottle,3,6479.22,19437.66,Walmart Gift Card,5
CUST00730,Meera Verma,56,Male,Vadodara,2025-12-03,19:55,Electronics,Laptop,3,20774.78,62324.34,Cash,5
CUST00731,Rajesh Sharma,58,Female,Mumbai,2025-03-30,12:38,Home & Kitchen,Non-stick Pan,6,2705.37,16232.22,Cash,5
CUST00732,Arjun Tiwari,45,Female,Coimbatore,2025-09-13,12:45,Toys & Baby,Baby Wipes,6,1600.95,9605.7,Debit Card,1
CUST00733,Suresh Trivedi,23,Female,Coimbatore,2024-04-28,16:42,Sports & Fitness,Gym Gloves,2,13466.85,26933.7,Net Banking,4
CUST00734,Kritika Joshi,28,Male,Hyderabad,2024-11-30,15:49,Clothing,Men's T-Shirt,2,2804.76,5609.52,UPI,4
CUST00735,Harsh Bansal,60,Male,Coimbatore,2024-04-02,21:44,Groceries,Tea Powder 500g,6,448.98,2693.88,UPI,4
CUST00736,Karan Mishra,42,Female,Chandigarh,2024-08-16,13:07,Home & Kitchen,Table Lamp,4,6496.31,25985.24,UPI,2
CUST00737,Manish Patel,39,Male,Kochi,2024-11-16,15:36,Sports & Fitness,Water Bottle Sports,3,2085.78,6257.34,Walmart Gift Card,1
CUST00738,Bhavna Singh,55,Male,Nagpur,2024-05-09,17:42,Sports & Fitness,Treadmill,3,12003.27,36009.81,Net Banking,4
CUST00739,Kavita Das,18,Female,Surat,2025-04-11,11:38,Groceries,Toor Dal 1kg,2,324.91,649.82,UPI,3
CUST00740,Vikram Thakur,38,Female,Vadodara,2025-12-24,18:30,Sports & Fitness,Dumbbells Set,3,14953.36,44860.08,Walmart Gift Card,4
CUST00741,Jyoti Bhatt,63,Female,Delhi,2024-08-03,20:59,Sports & Fitness,Treadmill,2,12452.69,24905.38,Debit Card,1
CUST00742,Vivek Trivedi,64,Female,Lucknow,2024-12-11,15:43,Sports & Fitness,Cricket Bat,1,8309.56,8309.56,Cash,5
CUST00743,Ravi Das,22,Female,Lucknow,2025-02-07,10:08,Personal Care,Body Lotion,6,779.25,4675.5,UPI,1
CUST00744,Naveen Kulkarni,59,Male,Agra,2024-08-02,12:51,Groceries,Eggs (12 pack),3,543.47,1630.41,Walmart Gift Card,4
CUST00745,Priya Chauhan,64,Male,Coimbatore,2025-03-13,19:53,Personal Care,Face Wash,4,858.33,3433.32,Debit Card,1
CUST00746,Sanjay Tiwari,48,Male,Delhi,2025-03-20,11:40,Groceries,Tea Powder 500g,6,236.17,1417.02,Walmart Gift Card,5
CUST00747,Kritika Gupta,25,Male,Nagpur,2025-01-19,21:44,Clothing,Innerwear Pack,2,2045.19,4090.38,Walmart Gift Card,2
CUST00748,Alka Saxena,35,Female,Kanpur,2025-10-18,19:58,Groceries,Wheat Flour 10kg,1,117.13,117.13,Net Banking,4
CUST00749,Rahul Kaur,54,Female,Jaipur,2025-05-10,19:44,Personal Care,Toothpaste,5,212.12,1060.6,Cash,4
CUST00750,Suresh Mehta,38,Male,Visakhapatnam,2025-12-18,09:25,Furniture,Shoe Rack,2,11025.27,22050.54,Net Banking,5
CUST00751,Karan Sinha,55,Male,Pune,2025-12-12,11:00,Sports & Fitness,Dumbbells Set,2,12957.65,25915.3,Net Banking,5
CUST00752,Siddharth Reddy,20,Male,Agra,2024-02-05,10:07,Groceries,Cooking Oil 1L,1,359.37,359.37,Net Banking,4
CUST00753,Abhishek Shetty,28,Female,Coimbatore,2025-06-15,21:18,Groceries,Toor Dal 1kg,1,570.42,570.42,Walmart Gift Card,5
CUST00754,Meera Ghosh,49,Female,Vadodara,2024-08-02,20:06,Furniture,Dining Table,5,14147.92,70739.6,Walmart Gift Card,1
CUST00755,Aditya Gupta,30,Male,Lucknow,2024-08-09,18:22,Toys & Baby,Building Blocks,2,2448.36,4896.72,UPI,3
CUST00756,Sandeep Kumar,53,Female,Jaipur,2024-09-17,19:27,Electronics,Smartphone,4,20958.19,83832.76,Walmart Gift Card,3
CUST00757,Sunil Joshi,22,Female,Chandigarh,2025-11-04,19:52,Personal Care,Body Lotion,6,372.6,2235.6,Net Banking,3
CUST00758,Neelam Iyer,38,Female,Nagpur,2024-05-07,17:07,Groceries,Coffee 200g,2,92.64,185.28,Walmart Gift Card,5
CUST00759,Karan Mishra,58,Male,Kanpur,2024-08-19,13:00,Furniture,Bed Frame,2,21918.1,43836.2,Credit Card,5
CUST00760,Gaurav Saxena,24,Male,Kolkata,2025-05-16,10:33,Clothing,Formal Shirt,5,2508.69,12543.45,UPI,4
CUST00761,Varun Thakur,24,Male,Kolkata,2025-11-25,21:34,Electronics,Refrigerator,2,16056.64,32113.28,Net Banking,5
CUST00762,Payal Kaur,26,Female,Mumbai,2025-01-22,18:47,Personal Care,Face Wash,6,166.15,996.9,UPI,1
CUST00763,Komal Desai,61,Female,Visakhapatnam,2025-05-29,13:17,Clothing,Casual Sneakers,3,2445.79,7337.37,Cash,4
CUST00764,Bhavna Patel,37,Female,Surat,2024-04-05,11:36,Toys & Baby,Baby Wipes,1,2946.82,2946.82,Credit Card,2
CUST00765,Rajat Dutta,49,Male,Indore,2025-12-02,19:56,Personal Care,Face Wash,4,478.16,1912.64,Net Banking,2
CUST00766,Kiran Sharma,57,Male,Kochi,2024-12-19,12:47,Groceries,Bread Loaf,6,343.88,2063.28,Walmart Gift Card,1
CUST00767,Madhuri Chopra,61,Male,Kolkata,2024-02-22,15:31,Groceries,Cooking Oil 1L,5,244.31,1221.55,Cash,3
CUST00768,Komal Reddy,39,Male,Ludhiana,2024-10-27,13:13,Toys & Baby,Baby Wipes,3,1266.79,3800.37,Credit Card,5
CUST00769,Preeti Pandey,59,Male,Bhopal,2025-09-22,16:21,Furniture,Wardrobe,1,9859.99,9859.99,UPI,5
CUST00770,Kavita Sharma,40,Male,Nagpur,2024-03-27,17:32,Electronics,Bluetooth Headphones,4,22548.44,90193.76,Debit Card,5
CUST00771,Ritu Trivedi,18,Male,Coimbatore,2025-01-08,15:57,Electronics,Mixer Grinder,4,17344.48,69377.92,Debit Card,4
CUST00772,Kavita Rathore,60,Female,Kolkata,2025-12-27,12:07,Groceries,Bread Loaf,1,247.58,247.58,Debit Card,4
CUST00773,Anjali Nair,43,Female,Kochi,2025-05-05,19:17,Electronics,LED TV 43-inch,2,30246.25,60492.5,Credit Card,5
CUST00774,Ashish Dutta,49,Male,Surat,2025-02-02,11:07,Personal Care,Sanitary Pads,5,669.84,3349.2,Credit Card,1
CUST00775,Suresh Iyer,40,Male,Coimbatore,2024-01-09,15:30,Groceries,Milk 1L,4,587.04,2348.16,UPI,4
CUST00776,Ashish Patel,45,Male,Nashik,2024-04-27,13:44,Groceries,Tea Powder 500g,2,187.21,374.42,Debit Card,5
CUST00777,Anita Bansal,63,Male,Visakhapatnam,2025-08-28,19:40,Personal Care,Sunscreen,2,218.48,436.96,Debit Card,4
CUST00778,Ritu Nair,43,Male,Jaipur,2024-07-23,10:55,Sports & Fitness,Cricket Bat,4,461.39,1845.56,Credit Card,5
CUST00779,Ajay Sinha,37,Male,Ahmedabad,2025-10-21,09:19,Electronics,Mixer Grinder,1,23335.98,23335.98,Credit Card,4
CUST00780,Abhishek Agarwal,40,Female,Ahmedabad,2024-02-23,19:47,Electronics,LED TV 43-inch,2,2607.3,5214.6,UPI,4
CUST00781,Rajat Bansal,35,Male,Indore,2024-04-24,10:42,Groceries,Eggs (12 pack),3,233.86,701.58,Credit Card,3
CUST00782,Mohit Chauhan,65,Female,Kochi,2025-10-27,13:13,Personal Care,Soap Bar Pack,5,372.14,1860.7,Net Banking,5
CUST00783,Divya Mehta,26,Male,Delhi,2024-04-11,10:34,Home & Kitchen,Curtains,2,5681.58,11363.16,Net Banking,5
CUST00784,Naveen Bansal,30,Male,Delhi,2025-07-27,14:57,Groceries,Bread Loaf,5,441.38,2206.9,UPI,5
CUST00785,Ritu Pillai,22,Female,Indore,2024-10-07,20:08,Clothing,School Uniform,1,709.07,709.07,UPI,1
CUST00786,Neha Kapoor,65,Female,Patna,2025-06-05,15:35,Personal Care,Soap Bar Pack,1,199.04,199.04,Cash,5
CUST00787,Varun Joshi,29,Male,Kolkata,2025-06-09,16:32,Home & Kitchen,Wall Clock,6,219.56,1317.36,Walmart Gift Card,4
CUST00788,Naveen Rao,36,Female,Ludhiana,2024-10-25,09:40,Groceries,Sugar 1kg,1,343.46,343.46,Debit Card,4
CUST00789,Meera Agarwal,21,Male,Pune,2025-09-11,14:20,Clothing,Men's T-Shirt,6,1205.52,7233.12,Credit Card,4
CUST00790,Meera Menon,57,Female,Surat,2024-10-13,11:16,Sports & Fitness,Yoga Mat,3,3445.34,10336.02,Credit Card,2
CUST00791,Rakesh Bose,58,Male,Bhopal,2025-02-08,11:28,Groceries,Toor Dal 1kg,2,369.92,739.84,Debit Card,5
CUST00792,Komal Iyer,48,Male,Patna,2025-05-17,20:11,Groceries,Cooking Oil 1L,2,153.87,307.74,Walmart Gift Card,4
CUST00793,Rahul Pandey,28,Male,Nagpur,2025-03-12,12:29,Personal Care,Body Lotion,1,180.56,180.56,Walmart Gift Card,5
CUST00794,Sanjay Sinha,26,Male,Nashik,2024-01-14,21:53,Groceries,Bread Loaf,1,110.52,110.52,Walmart Gift Card,1
CUST00795,Suresh Desai,23,Female,Chennai,2024-01-10,21:06,Furniture,Recliner,1,20121.41,20121.41,Net Banking,5
CUST00796,Arjun Kapoor,26,Female,Agra,2024-06-07,12:03,Furniture,Bookshelf,3,9296.27,27888.81,Net Banking,4
CUST00797,Vandana Reddy,19,Male,Hyderabad,2025-03-01,11:00,Clothing,Women's Kurti,5,2687.76,13438.8,Debit Card,1
CUST00798,Simran Pillai,42,Male,Kanpur,2024-04-25,16:10,Home & Kitchen,Curtains,6,3170.24,19021.44,Credit Card,4
CUST00799,Kavita Bhatt,40,Male,Nashik,2025-09-11,11:11,Electronics,Washing Machine,1,40384.92,40384.92,Cash,5
CUST00800,Swati Pillai,27,Female,Nashik,2025-05-26,19:23,Toys & Baby,Stroller,1,1157.26,1157.26,UPI,2
CUST00801,Amit Iyer,59,Male,Surat,2025-05-04,10:07,Groceries,Eggs (12 pack),6,488.27,2929.62,Net Banking,5
CUST00802,Shalini Iyer,23,Female,Chennai,2025-03-10,16:44,Groceries,Bread Loaf,3,225.62,676.86,Cash,5
CUST00803,Meera Desai,42,Female,Ludhiana,2024-08-23,15:05,Clothing,School Uniform,4,1714.3,6857.2,Net Banking,5
CUST00804,Seema Ghosh,62,Male,Visakhapatnam,2024-01-18,14:35,Groceries,Milk 1L,1,161.8,161.8,Cash,3
CUST00805,Manish Singh,40,Female,Chennai,2025-03-07,12:13,Electronics,Smartphone,5,43754.43,218772.15,Debit Card,1
CUST00806,Meera Reddy,62,Male,Nagpur,2024-04-18,19:37,Personal Care,Sanitary Pads,3,105.43,316.29,Credit Card,5
CUST00807,Deepak Verma,27,Female,Chennai,2025-03-02,11:48,Groceries,Wheat Flour 10kg,1,363.05,363.05,Debit Card,5
CUST00808,Meera Sinha,62,Female,Patna,2025-12-12,09:18,Clothing,Cotton Saree,4,2398.84,9595.36,Credit Card,3
CUST00809,Neha Gupta,56,Male,Vadodara,2025-04-10,17:45,Groceries,Bread Loaf,4,423.95,1695.8,UPI,4
CUST00810,Simran Pillai,28,Female,Bangalore,2025-09-25,09:14,Clothing,Kids Jeans,6,832.63,4995.78,Cash,3
CUST00811,Pooja Kulkarni,48,Female,Chandigarh,2025-01-15,19:27,Home & Kitchen,Storage Containers,2,579.17,1158.34,Debit Card,4
CUST00812,Kavita Mehta,22,Female,Nashik,2024-06-15,17:06,Personal Care,Deodorant,1,261.21,261.21,Credit Card,4
CUST00813,Priya Pandey,30,Male,Chandigarh,2025-08-06,18:02,Furniture,Sofa Set,3,3498.42,10495.26,Net Banking,5
CUST00814,Anjali Singh,38,Male,Lucknow,2025-05-27,12:20,Groceries,Milk 1L,3,577.31,1731.93,Cash,5
CUST00815,Suresh Mehta,39,Female,Kochi,2025-01-26,16:37,Clothing,School Uniform,2,315.13,630.26,Credit Card,4
CUST00816,Deepak Iyer,61,Female,Bangalore,2024-08-08,21:43,Furniture,Office Chair,6,6941.9,41651.4,Walmart Gift Card,3
CUST00817,Deepak Nagar,51,Female,Bhopal,2025-03-17,09:57,Personal Care,Deodorant,3,362.67,1088.01,Walmart Gift Card,5
CUST00818,Aditya Joshi,57,Male,Chennai,2024-05-26,21:55,Home & Kitchen,Vacuum Cleaner,1,6467.1,6467.1,UPI,2
CUST00819,Jyoti Mehta,47,Female,Kolkata,2025-01-07,14:05,Furniture,Bookshelf,1,8082.76,8082.76,Credit Card,3
CUST00820,Vishal Bose,48,Female,Bhopal,2025-05-14,09:23,Home & Kitchen,Bed Sheet Set,1,7777.69,7777.69,UPI,5
CUST00821,Ajay Chandra,61,Male,Bhopal,2025-11-29,15:32,Electronics,Smartwatch,3,17316.79,51950.37,Cash,4
CUST00822,Anjali Chandra,59,Male,Kochi,2024-04-17,13:24,Personal Care,Soap Bar Pack,1,189.83,189.83,Debit Card,5
CUST00823,Pooja Rao,42,Female,Coimbatore,2025-04-21,10:05,Groceries,Eggs (12 pack),4,403.37,1613.48,Debit Card,2
CUST00824,Ravi Pillai,30,Female,Surat,2025-12-20,20:30,Groceries,Milk 1L,5,317.46,1587.3,Credit Card,4
CUST00825,Vishal Gupta,52,Male,Patna,2025-09-07,21:24,Groceries,Sugar 1kg,3,362.51,1087.53,Credit Card,5
CUST00826,Rekha Bansal,31,Male,Pune,2024-06-29,10:09,Toys & Baby,Board Game,3,1083.08,3249.24,Credit Card,4
CUST00827,Kiran Patel,37,Female,Indore,2024-04-04,15:21,Clothing,Formal Shirt,2,2534.01,5068.02,UPI,3
CUST00828,Anita Tiwari,44,Female,Patna,2025-12-10,18:24,Clothing,Kids Jeans,6,1451.16,8706.96,Credit Card,4
CUST00829,Pooja Kaur,57,Male,Surat,2025-04-14,11:31,Home & Kitchen,Water Bottle,1,1331.47,1331.47,UPI,2
CUST00830,Ajay Bose,51,Male,Bhopal,2025-08-15,10:02,Sports & Fitness,Cricket Bat,6,6850.06,41100.36,Debit Card,4
CUST00831,Neelam Shetty,28,Female,Pune,2024-01-15,14:52,Electronics,Laptop,6,26296.17,157777.02,UPI,1
CUST00832,Naveen Pandey,50,Male,Visakhapatnam,2024-12-26,17:27,Clothing,Casual Sneakers,4,1378.56,5514.24,Net Banking,5
CUST00833,Manish Malhotra,47,Female,Kanpur,2025-01-25,13:54,Groceries,Coffee 200g,2,348.52,697.04,Walmart Gift Card,5
CUST00834,Rajat Chandra,24,Male,Hyderabad,2024-04-16,16:47,Groceries,Basmati Rice 5kg,5,562.87,2814.35,Net Banking,2
CUST00835,Pankaj Nagar,55,Male,Coimbatore,2025-04-10,17:24,Electronics,Refrigerator,2,10651.27,21302.54,Credit Card,4
CUST00836,Tarun Reddy,40,Female,Indore,2024-08-17,17:18,Furniture,TV Unit,1,23581.0,23581.0,UPI,4
CUST00837,Bhavna Menon,61,Male,Mumbai,2024-06-06,21:23,Furniture,TV Unit,1,1864.96,1864.96,Net Banking,5
CUST00838,Mohit Chopra,54,Female,Ahmedabad,2025-02-06,09:51,Home & Kitchen,Storage Containers,2,4987.7,9975.4,Net Banking,5
CUST00839,Suresh Saxena,64,Male,Nagpur,2024-04-11,20:51,Furniture,Shoe Rack,2,11778.94,23557.88,Debit Card,2
CUST00840,Ravi Bose,53,Male,Surat,2025-10-05,21:37,Groceries,Wheat Flour 10kg,1,290.58,290.58,Debit Card,1
CUST00841,Vandana Patel,54,Female,Mumbai,2025-01-01,11:15,Personal Care,Face Wash,4,592.95,2371.8,Walmart Gift Card,4
CUST00842,Naveen Kapoor,52,Male,Kochi,2024-10-08,10:59,Personal Care,Sanitary Pads,3,613.78,1841.34,Debit Card,1
CUST00843,Kavita Reddy,47,Male,Hyderabad,2025-05-21,14:58,Groceries,Toor Dal 1kg,2,101.03,202.06,Debit Card,5
CUST00844,Sanjay Trivedi,19,Female,Bangalore,2025-01-19,14:40,Clothing,Women's Kurti,2,2140.18,4280.36,Cash,3
CUST00845,Swati Pandey,18,Male,Coimbatore,2024-12-17,14:30,Home & Kitchen,Wall Clock,1,1070.08,1070.08,Net Banking,1
CUST00846,Deepak Sinha,65,Female,Hyderabad,2025-06-08,21:09,Groceries,Basmati Rice 5kg,5,62.67,313.35,Debit Card,5
CUST00847,Manish Joshi,19,Female,Chennai,2024-07-23,10:22,Groceries,Cooking Oil 1L,3,200.52,601.56,Walmart Gift Card,4
CUST00848,Alka Trivedi,45,Female,Pune,2024-10-14,15:06,Electronics,Laptop,6,38194.78,229168.68,Net Banking,4
CUST00849,Nisha Joshi,64,Female,Indore,2024-11-22,18:06,Furniture,TV Unit,5,19056.36,95281.8,Net Banking,5
CUST00850,Sandeep Kapoor,54,Female,Kanpur,2024-02-04,17:16,Furniture,Office Chair,4,5430.35,21721.4,Net Banking,5
CUST00851,Aarti Thakur,59,Female,Nagpur,2024-07-09,14:15,Groceries,Cooking Oil 1L,3,286.16,858.48,Credit Card,4
CUST00852,Komal Chauhan,27,Female,Hyderabad,2025-04-21,18:50,Groceries,Basmati Rice 5kg,6,230.88,1385.28,UPI,4
CUST00853,Karan Saxena,36,Male,Vadodara,2025-11-18,10:36,Groceries,Tea Powder 500g,3,443.95,1331.85,Walmart Gift Card,5
CUST00854,Rekha Yadav,38,Male,Pune,2024-10-08,15:07,Groceries,Eggs (12 pack),4,75.74,302.96,Credit Card,5
CUST00855,Nisha Thakur,38,Female,Ahmedabad,2025-08-12,09:58,Home & Kitchen,Dinner Set,1,5202.78,5202.78,Cash,4
CUST00856,Suresh Das,20,Male,Surat,2025-03-01,20:19,Home & Kitchen,Pressure Cooker,4,896.69,3586.76,UPI,5
CUST00857,Yash Das,23,Female,Patna,2025-04-10,16:54,Home & Kitchen,Storage Containers,3,5617.19,16851.57,Walmart Gift Card,2
CUST00858,Komal Chandra,24,Male,Ahmedabad,2024-11-26,20:46,Groceries,Basmati Rice 5kg,2,107.82,215.64,Cash,4
CUST00859,Nisha Patel,30,Female,Ludhiana,2024-02-14,10:03,Sports & Fitness,Yoga Mat,3,13273.13,39819.39,UPI,2
CUST00860,Pallavi Mishra,62,Female,Jaipur,2024-05-09,14:55,Personal Care,Face Wash,5,446.98,2234.9,Debit Card,5
CUST00861,Madhuri Reddy,51,Male,Agra,2025-05-09,12:05,Clothing,Casual Sneakers,3,1135.26,3405.78,UPI,4
CUST00862,Arjun Tiwari,53,Male,Coimbatore,2025-05-21,09:13,Home & Kitchen,Curtains,6,762.43,4574.58,Credit Card,4
CUST00863,Alka Saxena,30,Female,Hyderabad,2024-11-16,21:19,Electronics,Smartwatch,5,23515.59,117577.95,Walmart Gift Card,5
CUST00864,Shreya Nagar,24,Male,Ahmedabad,2025-06-09,12:49,Furniture,TV Unit,4,21894.68,87578.72,Cash,4
CUST00865,Karan Agarwal,45,Male,Coimbatore,2025-04-17,10:47,Electronics,Smartwatch,6,5311.24,31867.44,Credit Card,4
CUST00866,Rahul Kulkarni,29,Female,Mumbai,2024-05-01,17:05,Clothing,School Uniform,4,1217.88,4871.52,UPI,5
CUST00867,Preeti Iyer,43,Female,Vadodara,2024-02-20,19:24,Electronics,Mixer Grinder,3,17144.31,51432.93,Walmart Gift Card,5
CUST00868,Rajesh Bhatt,30,Female,Kolkata,2025-03-19,10:43,Home & Kitchen,Table Lamp,5,4024.89,20124.45,Credit Card,4
CUST00869,Manish Rao,25,Male,Delhi,2024-10-09,12:56,Home & Kitchen,Curtains,1,4327.23,4327.23,Net Banking,5
CUST00870,Ravi Das,24,Male,Kochi,2024-07-27,14:40,Toys & Baby,Feeding Bottle,4,902.25,3609.0,UPI,4
CUST00871,Amit Mehta,29,Female,Kochi,2024-03-12,11:11,Electronics,Laptop,2,14727.97,29455.94,UPI,5
CUST00872,Ankit Sharma,60,Female,Indore,2024-06-23,19:48,Electronics,Smartphone,3,39751.58,119254.74,Credit Card,5
CUST00873,Tarun Kaur,18,Female,Ahmedabad,2024-10-24,12:33,Clothing,Men's T-Shirt,1,1809.98,1809.98,Net Banking,3
CUST00874,Ankit Mehta,24,Female,Kochi,2025-07-12,13:42,Electronics,Mixer Grinder,6,16304.52,97827.12,Cash,4
CUST00875,Abhishek Kulkarni,18,Female,Lucknow,2025-09-02,16:07,Personal Care,Soap Bar Pack,6,779.84,4679.04,UPI,1
CUST00876,Ankit Menon,32,Male,Kanpur,2025-03-17,14:13,Clothing,Winter Jacket,5,2287.78,11438.9,Walmart Gift Card,2
CUST00877,Rajesh Saxena,58,Male,Jaipur,2025-06-23,11:16,Toys & Baby,Baby Powder,4,3950.59,15802.36,Walmart Gift Card,5
CUST00878,Mohit Das,55,Female,Jaipur,2024-12-17,18:07,Electronics,LED TV 43-inch,5,23787.44,118937.2,Cash,5
CUST00879,Yash Bhatt,25,Male,Patna,2025-06-19,13:39,Furniture,Bookshelf,4,17501.69,70006.76,Net Banking,3
CUST00880,Naveen Trivedi,36,Male,Lucknow,2025-08-30,10:03,Groceries,Basmati Rice 5kg,2,205.66,411.32,Cash,4
CUST00881,Amit Pillai,40,Male,Delhi,2025-05-29,19:49,Electronics,Washing Machine,3,35508.64,106525.92,Net Banking,3
CUST00882,Divya Agarwal,27,Male,Indore,2025-04-29,14:15,Home & Kitchen,Pressure Cooker,3,1868.03,5604.09,Walmart Gift Card,5
CUST00883,Sandeep Das,24,Female,Lucknow,2024-11-26,21:37,Home & Kitchen,Bed Sheet Set,5,3571.16,17855.8,Debit Card,4
CUST00884,Harsh Nair,44,Male,Lucknow,2025-04-17,17:11,Electronics,Microwave Oven,5,41778.64,208893.2,Cash,5
CUST00885,Sanjay Nair,51,Female,Visakhapatnam,2025-04-22,15:26,Electronics,Washing Machine,4,16455.37,65821.48,Cash,1
CUST00886,Sneha Menon,23,Male,Nashik,2024-05-10,18:34,Furniture,Sofa Set,5,13536.86,67684.3,Net Banking,4
CUST00887,Rohan Das,26,Female,Coimbatore,2024-03-27,09:17,Groceries,Tea Powder 500g,4,511.56,2046.24,Walmart Gift Card,2
CUST00888,Mohit Thakur,24,Female,Agra,2025-08-21,19:32,Clothing,Cotton Saree,1,583.97,583.97,Walmart Gift Card,1
CUST00889,Nikhil Sinha,27,Female,Chennai,2024-01-07,21:31,Groceries,Cooking Oil 1L,3,395.53,1186.59,Net Banking,4
CUST00890,Manish Kumar,18,Male,Nashik,2024-04-16,16:01,Toys & Baby,Baby Powder,1,1064.1,1064.1,Net Banking,5
CUST00891,Ravi Singh,25,Female,Nagpur,2025-07-13,13:52,Clothing,Kids Jeans,2,2564.73,5129.46,Net Banking,5
CUST00892,Ritu Pillai,27,Male,Kolkata,2025-12-17,17:12,Groceries,Sugar 1kg,2,331.33,662.66,Cash,5
CUST00893,Aarti Bhatt,60,Male,Agra,2024-04-19,16:26,Clothing,Formal Shirt,4,1311.01,5244.04,Cash,3
CUST00894,Sneha Bhatt,47,Male,Agra,2025-10-28,19:39,Electronics,Smartwatch,3,2306.49,6919.47,Cash,1
CUST00895,Radhika Nair,47,Female,Jaipur,2025-05-30,12:22,Groceries,Cooking Oil 1L,3,325.35,976.05,Walmart Gift Card,5
CUST00896,Usha Kumar,29,Male,Kanpur,2024-05-23,13:50,Home & Kitchen,Wall Clock,3,3756.93,11270.79,Walmart Gift Card,4
CUST00897,Ravi Kumar,59,Female,Nagpur,2025-12-26,17:49,Sports & Fitness,Water Bottle Sports,6,2869.54,17217.24,Walmart Gift Card,4
CUST00898,Suresh Yadav,55,Female,Agra,2024-06-11,12:06,Home & Kitchen,Storage Containers,1,502.69,502.69,Walmart Gift Card,2
CUST00899,Jyoti Bansal,38,Male,Kochi,2025-01-28,21:26,Personal Care,Toothpaste,2,671.66,1343.32,Credit Card,1
CUST00900,Harsh Reddy,20,Male,Bhopal,2024-06-27,14:06,Personal Care,Sunscreen,6,766.17,4597.02,Walmart Gift Card,5
CUST00901,Rakesh Nair,58,Male,Pune,2024-07-25,20:10,Electronics,Mixer Grinder,6,13445.15,80670.9,Cash,4
CUST00902,Divya Kaur,19,Male,Pune,2025-02-21,18:34,Groceries,Cooking Oil 1L,1,247.76,247.76,Credit Card,5
CUST00903,Swati Sinha,49,Male,Pune,2025-09-25,17:54,Home & Kitchen,Vacuum Cleaner,5,2914.03,14570.15,Debit Card,2
CUST00904,Pankaj Pillai,58,Female,Bangalore,2024-04-30,16:14,Home & Kitchen,Bed Sheet Set,5,2491.08,12455.4,Credit Card,5
CUST00905,Rahul Rao,36,Female,Nagpur,2024-03-17,17:36,Personal Care,Toothpaste,2,873.22,1746.44,Debit Card,4
CUST00906,Kiran Chandra,21,Male,Agra,2024-12-12,15:16,Clothing,Formal Shirt,6,332.44,1994.64,Debit Card,5
CUST00907,Neha Nair,31,Female,Coimbatore,2025-07-31,18:44,Furniture,Study Table,2,13098.55,26197.1,Credit Card,5
CUST00908,Pooja Menon,56,Male,Ludhiana,2024-04-16,09:31,Clothing,Kids Jeans,3,2239.16,6717.48,Net Banking,4
CUST00909,Yash Pillai,48,Female,Ahmedabad,2024-07-19,17:38,Groceries,Basmati Rice 5kg,1,475.49,475.49,Cash,1
CUST00910,Payal Singh,42,Female,Visakhapatnam,2025-03-24,10:57,Groceries,Bread Loaf,5,125.77,628.85,Net Banking,5
CUST00911,Radhika Kapoor,39,Female,Delhi,2025-02-26,20:48,Groceries,Wheat Flour 10kg,5,55.53,277.65,Net Banking,1
CUST00912,Priya Desai,21,Male,Delhi,2024-12-24,18:41,Groceries,Cooking Oil 1L,3,74.05,222.15,Debit Card,4
CUST00913,Suresh Thakur,43,Female,Coimbatore,2025-07-10,12:31,Groceries,Wheat Flour 10kg,1,187.61,187.61,Walmart Gift Card,5
CUST00914,Gaurav Rathore,63,Female,Kanpur,2024-09-30,14:44,Personal Care,Hair Oil,6,265.13,1590.78,Net Banking,2
CUST00915,Rohan Tiwari,44,Female,Jaipur,2025-07-20,12:07,Groceries,Cooking Oil 1L,5,176.79,883.95,UPI,3
CUST00916,Vikram Desai,62,Female,Chandigarh,2024-02-04,13:17,Personal Care,Toothpaste,1,479.08,479.08,Net Banking,5
CUST00917,Naveen Patel,21,Female,Nashik,2024-02-15,12:13,Electronics,LED TV 43-inch,4,17802.12,71208.48,Cash,3
CUST00918,Rekha Shetty,21,Female,Delhi,2024-12-10,13:51,Clothing,Cotton Saree,1,2752.65,2752.65,Net Banking,4
CUST00919,Sneha Mishra,64,Female,Indore,2025-11-25,13:54,Personal Care,Shampoo 340ml,1,524.77,524.77,Net Banking,5
CUST00920,Sandeep Ghosh,64,Female,Kolkata,2024-08-31,11:58,Sports & Fitness,Gym Gloves,6,14890.67,89344.02,Credit Card,4
CUST00921,Shalini Patel,33,Female,Surat,2024-10-02,19:16,Home & Kitchen,Non-stick Pan,5,2303.02,11515.1,Walmart Gift Card,1
CUST00922,Ritu Pandey,54,Female,Jaipur,2024-01-10,16:02,Toys & Baby,Soft Toy,4,167.34,669.36,UPI,5
CUST00923,Preeti Menon,21,Male,Jaipur,2025-03-27,11:16,Furniture,Shoe Rack,3,23902.39,71707.17,UPI,4
CUST00924,Jyoti Nair,32,Male,Chennai,2024-02-09,11:43,Toys & Baby,Baby Diapers Pack,2,546.34,1092.68,Net Banking,5
CUST00925,Siddharth Gupta,53,Male,Delhi,2024-12-27,17:45,Sports & Fitness,Badminton Racket,3,438.55,1315.65,Credit Card,4
CUST00926,Yash Mehta,22,Female,Hyderabad,2025-01-15,19:26,Clothing,Winter Jacket,2,1145.92,2291.84,Credit Card,5
CUST00927,Rajat Iyer,19,Female,Nashik,2025-01-18,16:18,Personal Care,Deodorant,4,813.81,3255.24,Net Banking,1
CUST00928,Deepak Chauhan,20,Female,Chennai,2024-11-16,17:45,Furniture,Study Table,1,15812.4,15812.4,Walmart Gift Card,5
CUST00929,Preeti Saxena,55,Male,Coimbatore,2024-03-20,12:36,Personal Care,Sanitary Pads,6,125.89,755.34,Net Banking,5
CUST00930,Sunil Reddy,51,Male,Nashik,2024-10-02,12:53,Clothing,School Uniform,5,1462.8,7314.0,Net Banking,4
CUST00931,Kritika Mishra,33,Female,Ahmedabad,2025-02-23,14:05,Clothing,Women's Kurti,6,912.88,5477.28,UPI,2
CUST00932,Abhishek Bansal,56,Male,Bhopal,2024-05-08,17:15,Personal Care,Body Lotion,5,755.37,3776.85,Cash,3
CUST00933,Pallavi Bhatt,39,Female,Hyderabad,2025-08-12,16:40,Groceries,Bread Loaf,5,590.79,2953.95,Debit Card,3
CUST00934,Vishal Sharma,28,Male,Indore,2024-04-13,11:55,Electronics,Air Conditioner,6,41911.53,251469.18,Credit Card,5
CUST00935,Sneha Chopra,22,Male,Vadodara,2025-02-15,20:35,Toys & Baby,Board Game,4,1482.03,5928.12,Debit Card,4
CUST00936,Ritu Mishra,39,Male,Kochi,2025-10-07,16:47,Groceries,Milk 1L,4,550.87,2203.48,Cash,4
CUST00937,Payal Nair,64,Male,Kochi,2024-01-08,18:37,Personal Care,Soap Bar Pack,1,187.9,187.9,UPI,5
CUST00938,Rakesh Yadav,46,Male,Vadodara,2025-05-20,14:03,Personal Care,Hair Oil,1,255.1,255.1,Net Banking,5
CUST00939,Rajat Yadav,42,Female,Kolkata,2024-08-03,15:33,Sports & Fitness,Yoga Mat,6,13259.29,79555.74,UPI,5
CUST00940,Sanjay Tiwari,36,Male,Hyderabad,2024-06-22,13:58,Electronics,Mixer Grinder,4,10684.59,42738.36,UPI,2
CUST00941,Simran Agarwal,27,Male,Pune,2024-02-10,17:34,Home & Kitchen,Table Lamp,2,364.7,729.4,Debit Card,1
CUST00942,Ashish Verma,41,Male,Lucknow,2025-06-17,11:53,Sports & Fitness,Water Bottle Sports,4,11034.92,44139.68,Cash,4
CUST00943,Manish Reddy,46,Female,Patna,2024-04-29,14:51,Electronics,Smartphone,3,33138.21,99414.63,Credit Card,4
CUST00944,Pooja Yadav,28,Female,Jaipur,2025-12-24,20:20,Clothing,School Uniform,6,2386.88,14321.28,Credit Card,5
CUST00945,Sanjay Sinha,38,Male,Ludhiana,2024-09-08,11:37,Home & Kitchen,Non-stick Pan,6,5074.19,30445.14,Cash,4
CUST00946,Anita Bose,48,Male,Patna,2025-10-12,10:33,Toys & Baby,Soft Toy,3,613.99,1841.97,Walmart Gift Card,4
CUST00947,Amit Pillai,22,Female,Ludhiana,2024-09-26,18:24,Home & Kitchen,Bed Sheet Set,1,3432.55,3432.55,Walmart Gift Card,4
CUST00948,Yash Bansal,51,Male,Lucknow,2025-10-07,15:38,Toys & Baby,Feeding Bottle,6,1991.73,11950.38,UPI,5
CUST00949,Aarti Mehta,32,Male,Lucknow,2025-03-11,10:11,Clothing,Casual Sneakers,3,930.34,2791.02,Cash,5
CUST00950,Manish Tiwari,62,Female,Visakhapatnam,2025-12-04,12:01,Groceries,Eggs (12 pack),4,380.58,1522.32,UPI,4
CUST00951,Rajendra Joshi,44,Male,Ludhiana,2025-02-04,21:28,Personal Care,Hair Oil,6,326.8,1960.8,Cash,5
CUST00952,Pallavi Singh,35,Female,Kochi,2024-08-14,18:56,Groceries,Basmati Rice 5kg,3,296.2,888.6,Debit Card,4
CUST00953,Manish Chandra,57,Female,Chennai,2025-01-23,10:49,Home & Kitchen,Non-stick Pan,6,315.77,1894.62,Walmart Gift Card,5
CUST00954,Radhika Dutta,22,Male,Vadodara,2025-07-02,15:55,Groceries,Tea Powder 500g,2,591.87,1183.74,Walmart Gift Card,4
CUST00955,Aarti Chopra,41,Female,Indore,2024-01-21,21:33,Groceries,Sugar 1kg,1,69.84,69.84,Credit Card,5
CUST00956,Ashish Gupta,28,Female,Lucknow,2024-05-06,21:24,Groceries,Sugar 1kg,1,199.85,199.85,Walmart Gift Card,5
CUST00957,Suresh Agarwal,23,Male,Bangalore,2025-07-08,18:58,Clothing,Sports Shoes,1,290.54,290.54,Debit Card,2
CUST00958,Ravi Kapoor,56,Female,Surat,2024-07-26,10:16,Clothing,Men's T-Shirt,3,1003.64,3010.92,Walmart Gift Card,5
CUST00959,Rakesh Bhatt,45,Male,Ahmedabad,2025-12-20,17:32,Sports & Fitness,Cycling Helmet,3,7353.57,22060.71,Debit Card,5
CUST00960,Rahul Trivedi,64,Female,Kanpur,2024-01-26,15:49,Personal Care,Toothpaste,4,248.21,992.84,Debit Card,5
CUST00961,Komal Bansal,54,Male,Chandigarh,2024-04-07,17:10,Electronics,Smartphone,6,43931.13,263586.78,Debit Card,5
CUST00962,Kritika Patel,27,Female,Nashik,2024-08-26,09:49,Toys & Baby,Baby Powder,6,3374.64,20247.84,Cash,4
CUST00963,Ajay Pandey,65,Female,Chennai,2024-01-06,13:44,Groceries,Coffee 200g,5,273.59,1367.95,Debit Card,5
CUST00964,Vandana Trivedi,38,Male,Surat,2024-03-24,10:27,Clothing,Casual Sneakers,5,1775.72,8878.6,Walmart Gift Card,2
CUST00965,Rakesh Nair,18,Male,Vadodara,2024-04-26,09:56,Personal Care,Face Wash,2,427.59,855.18,Cash,5
CUST00966,Nisha Sinha,49,Male,Kochi,2024-04-30,15:18,Toys & Baby,Board Game,4,136.11,544.44,Walmart Gift Card,4
CUST00967,Mahesh Yadav,57,Female,Agra,2024-07-28,21:39,Home & Kitchen,Bed Sheet Set,3,4257.52,12772.56,Walmart Gift Card,5
CUST00968,Mahesh Thakur,34,Female,Bhopal,2024-05-18,11:33,Groceries,Milk 1L,6,446.07,2676.42,Walmart Gift Card,5
CUST00969,Priya Yadav,44,Male,Chennai,2024-07-23,20:06,Clothing,Men's T-Shirt,3,2179.03,6537.09,Net Banking,5
CUST00970,Mohit Mehta,21,Female,Nashik,2024-08-19,14:40,Groceries,Milk 1L,6,357.54,2145.24,Credit Card,4
CUST00971,Shalini Bhatt,45,Female,Kanpur,2025-10-18,19:12,Home & Kitchen,Storage Containers,3,4554.73,13664.19,Credit Card,3
CUST00972,Kavita Joshi,35,Male,Jaipur,2025-01-27,14:36,Home & Kitchen,Bed Sheet Set,5,4760.44,23802.2,Net Banking,4
CUST00973,Tarun Joshi,28,Male,Ahmedabad,2024-06-17,16:55,Sports & Fitness,Dumbbells Set,5,2368.08,11840.4,Credit Card,5
CUST00974,Pooja Singh,26,Female,Indore,2024-04-30,12:35,Home & Kitchen,Water Bottle,3,4077.94,12233.82,Cash,5
CUST00975,Sunita Bansal,40,Female,Vadodara,2024-06-19,19:53,Electronics,Bluetooth Headphones,5,38024.85,190124.25,UPI,3
CUST00976,Rekha Dutta,46,Female,Visakhapatnam,2025-10-29,14:11,Personal Care,Toothpaste,5,815.8,4079.0,Credit Card,5
CUST00977,Alka Tiwari,64,Female,Pune,2024-01-11,12:28,Home & Kitchen,Curtains,4,3087.52,12350.08,UPI,4
CUST00978,Amit Kaur,37,Female,Hyderabad,2025-09-13,13:02,Furniture,Bed Frame,5,23156.75,115783.75,Walmart Gift Card,4
CUST00979,Payal Das,20,Female,Jaipur,2025-04-27,18:40,Home & Kitchen,Wall Clock,1,6926.0,6926.0,Cash,5
CUST00980,Vivek Bansal,65,Male,Delhi,2024-06-30,11:05,Electronics,Smartwatch,6,7571.08,45426.48,Cash,2
CUST00981,Neha Rathore,58,Male,Surat,2024-07-17,19:39,Groceries,Tea Powder 500g,3,590.87,1772.61,Walmart Gift Card,1
CUST00982,Mohit Yadav,63,Male,Agra,2025-11-11,15:26,Personal Care,Deodorant,5,71.9,359.5,Walmart Gift Card,1
CUST00983,Karan Kapoor,50,Male,Kochi,2025-09-15,12:44,Electronics,Smartphone,4,2767.27,11069.08,Net Banking,5
CUST00984,Vivek Sharma,37,Female,Ludhiana,2025-12-14,10:36,Electronics,Washing Machine,4,25913.26,103653.04,Cash,2
CUST00985,Manish Patel,29,Male,Kolkata,2024-08-10,19:23,Electronics,LED TV 43-inch,2,35662.16,71324.32,Cash,2
CUST00986,Kritika Pandey,61,Male,Kochi,2025-12-23,13:11,Personal Care,Face Wash,3,104.8,314.4,UPI,3
CUST00987,Siddharth Menon,32,Male,Jaipur,2025-03-26,13:05,Furniture,Bookshelf,3,7594.82,22784.46,Cash,5
CUST00988,Abhishek Tiwari,59,Female,Chandigarh,2025-08-22,15:09,Personal Care,Face Wash,1,857.72,857.72,Net Banking,4
CUST00989,Rekha Tiwari,59,Female,Pune,2024-10-02,10:32,Electronics,Air Conditioner,5,37479.71,187398.55,Debit Card,4
CUST00990,Preeti Kulkarni,34,Male,Hyderabad,2025-08-23,14:23,Clothing,Kids Jeans,4,634.49,2537.96,Net Banking,5
CUST00991,Vikram Yadav,62,Male,Chandigarh,2024-12-08,14:41,Electronics,LED TV 43-inch,2,19426.22,38852.44,Credit Card,3
CUST00992,Radhika Pandey,28,Female,Ludhiana,2025-04-12,18:36,Groceries,Basmati Rice 5kg,4,495.07,1980.28,Walmart Gift Card,5
CUST00993,Kiran Bansal,33,Female,Kochi,2024-11-03,09:59,Electronics,Washing Machine,4,30792.17,123168.68,Debit Card,2
CUST00994,Neelam Pillai,35,Female,Agra,2025-09-03,20:33,Groceries,Tea Powder 500g,2,557.29,1114.58,Debit Card,3
CUST00995,Suresh Mishra,21,Male,Lucknow,2024-06-18,16:00,Personal Care,Face Wash,3,445.32,1335.96,Walmart Gift Card,3
CUST00996,Anita Malhotra,37,Female,Bangalore,2024-09-07,11:43,Groceries,Sugar 1kg,4,99.59,398.36,Net Banking,5
CUST00997,Amit Bansal,28,Female,Hyderabad,2025-04-28,19:24,Clothing,Sports Shoes,6,834.35,5006.1,Cash,4
CUST00998,Sanjay Saxena,26,Female,Chennai,2025-03-10,18:25,Electronics,Washing Machine,3,37034.77,111104.31,Net Banking,2
CUST00999,Yash Trivedi,60,Male,Ahmedabad,2024-12-14,17:52,Furniture,Bookshelf,2,10174.62,20349.24,Credit Card,5
CUST01000,Pooja Rao,26,Female,Pune,2025-01-28,19:11,Groceries,Toor Dal 1kg,4,101.07,404.28,Cash,3
CUST01001,Rajat Pandey,42,Female,Delhi,2025-11-29,17:53,Electronics,Refrigerator,2,8028.6,16057.2,Credit Card,5
CUST01002,Arjun Tiwari,61,Male,Chandigarh,2025-08-11,17:24,Toys & Baby,Baby Diapers Pack,2,1344.2,2688.4,Walmart Gift Card,5
CUST01003,Priya Trivedi,59,Female,Indore,2025-10-11,10:38,Personal Care,Hair Oil,4,277.27,1109.08,Cash,5
CUST01004,Tarun Mishra,52,Female,Hyderabad,2025-11-21,10:09,Personal Care,Sanitary Pads,5,698.07,3490.35,Credit Card,5
CUST01005,Pallavi Kapoor,50,Female,Indore,2025-05-16,16:23,Groceries,Toor Dal 1kg,1,116.85,116.85,Credit Card,5
CUST01006,Harsh Pillai,39,Female,Mumbai,2024-01-18,16:20,Clothing,Kids Jeans,3,1231.43,3694.29,UPI,1
CUST01007,Manish Tiwari,64,Male,Ludhiana,2024-04-06,11:46,Personal Care,Body Lotion,2,130.6,261.2,Debit Card,5
CUST01008,Rekha Agarwal,40,Female,Visakhapatnam,2024-03-19,14:23,Home & Kitchen,Table Lamp,5,3748.59,18742.95,Credit Card,3
CUST01009,Sanjay Saxena,50,Male,Surat,2024-07-07,20:16,Furniture,Bed Frame,4,10917.38,43669.52,Walmart Gift Card,2
CUST01010,Rekha Reddy,30,Female,Lucknow,2024-02-20,14:36,Home & Kitchen,Table Lamp,2,5599.92,11199.84,Cash,4
CUST01011,Rekha Agarwal,65,Male,Jaipur,2024-07-04,19:18,Clothing,Men's T-Shirt,5,1346.34,6731.7,UPI,1
CUST01012,Ajay Joshi,19,Female,Coimbatore,2025-10-12,14:06,Groceries,Toor Dal 1kg,4,379.49,1517.96,Debit Card,4
CUST01013,Rahul Yadav,32,Male,Nashik,2025-10-12,18:21,Electronics,Smartwatch,4,26785.81,107143.24,Net Banking,5
CUST01014,Tarun Dutta,18,Female,Surat,2025-05-25,12:34,Electronics,Mixer Grinder,2,21218.08,42436.16,Walmart Gift Card,3
CUST01015,Sunita Bose,43,Male,Coimbatore,2024-12-19,10:13,Toys & Baby,Baby Wipes,6,1997.5,11985.0,Walmart Gift Card,5
CUST01016,Naveen Bhatt,38,Female,Coimbatore,2025-10-01,14:36,Clothing,Kids Jeans,5,1858.58,9292.9,Cash,5
CUST01017,Rahul Bhatt,53,Female,Ahmedabad,2024-05-06,10:25,Electronics,Air Conditioner,2,17526.55,35053.1,Debit Card,4
CUST01018,Manish Ghosh,36,Male,Kolkata,2024-08-10,15:57,Personal Care,Sanitary Pads,5,403.15,2015.75,Net Banking,4
CUST01019,Siddharth Chauhan,58,Male,Coimbatore,2025-02-05,12:54,Furniture,Dining Table,5,14087.24,70436.2,Cash,5
CUST01020,Alka Bhatt,46,Male,Kolkata,2025-04-20,19:11,Clothing,Men's T-Shirt,5,2532.13,12660.65,Walmart Gift Card,2
CUST01021,Sunita Kaur,59,Female,Indore,2025-09-16,18:32,Clothing,Men's T-Shirt,5,866.53,4332.65,Credit Card,5
CUST01022,Rahul Yadav,57,Male,Kolkata,2025-01-14,09:47,Home & Kitchen,Vacuum Cleaner,6,864.09,5184.54,Net Banking,5
CUST01023,Usha Kapoor,28,Female,Kanpur,2025-12-30,12:20,Personal Care,Body Lotion,2,456.62,913.24,Debit Card,4
CUST01024,Karan Verma,31,Female,Bhopal,2024-06-30,16:32,Groceries,Coffee 200g,4,594.34,2377.36,Walmart Gift Card,2
CUST01025,Mohit Chopra,33,Female,Kochi,2025-11-24,15:55,Sports & Fitness,Yoga Mat,6,678.37,4070.22,Net Banking,5
CUST01026,Sunita Kumar,44,Female,Visakhapatnam,2024-01-25,16:30,Clothing,Innerwear Pack,6,2970.32,17821.92,Walmart Gift Card,1
CUST01027,Aarti Das,64,Male,Kanpur,2025-03-14,21:07,Electronics,Air Conditioner,6,29513.64,177081.84,Credit Card,3
CUST01028,Pallavi Kaur,25,Male,Kanpur,2025-05-09,12:16,Clothing,Cotton Saree,2,2760.68,5521.36,Credit Card,5
CUST01029,Pooja Kulkarni,63,Female,Ahmedabad,2024-12-04,21:28,Personal Care,Deodorant,3,638.92,1916.76,Walmart Gift Card,4
CUST01030,Shalini Thakur,20,Male,Chennai,2025-07-31,14:45,Clothing,Men's T-Shirt,2,2670.47,5340.94,UPI,4
CUST01031,Deepak Ghosh,58,Female,Patna,2025-12-12,11:09,Personal Care,Hair Oil,2,684.74,1369.48,Net Banking,4
CUST01032,Sunita Bose,58,Male,Mumbai,2024-01-13,13:23,Toys & Baby,Kids Bicycle,3,678.62,2035.86,Walmart Gift Card,5
CUST01033,Payal Chandra,28,Female,Chandigarh,2025-01-22,16:41,Groceries,Tea Powder 500g,3,337.84,1013.52,Debit Card,5
CUST01034,Vivek Bansal,42,Male,Coimbatore,2024-08-17,11:17,Sports & Fitness,Treadmill,2,4777.76,9555.52,Net Banking,2
CUST01035,Anita Tiwari,49,Female,Agra,2025-06-20,12:47,Furniture,Study Table,6,21375.03,128250.18,Debit Card,5
CUST01036,Vikram Das,58,Male,Surat,2025-07-04,10:51,Clothing,Formal Shirt,5,2894.55,14472.75,Credit Card,5
CUST01037,Mahesh Desai,33,Female,Kochi,2025-04-12,11:02,Groceries,Sugar 1kg,2,429.3,858.6,Net Banking,4
CUST01038,Shalini Patel,65,Male,Kochi,2024-03-03,12:14,Toys & Baby,Baby Wipes,2,2137.98,4275.96,Debit Card,5
CUST01039,Alka Mehta,52,Male,Surat,2025-03-28,10:30,Personal Care,Toothpaste,2,461.77,923.54,Debit Card,2
CUST01040,Vandana Kaur,31,Female,Lucknow,2024-04-24,20:56,Home & Kitchen,Wall Clock,4,6909.94,27639.76,Cash,4
CUST01041,Vishal Sharma,34,Female,Nashik,2025-06-10,13:41,Electronics,Smartphone,3,23222.35,69667.05,UPI,4
CUST01042,Sunil Desai,39,Female,Coimbatore,2024-07-05,16:00,Home & Kitchen,Dinner Set,6,3604.34,21626.04,UPI,5
CUST01043,Jyoti Chopra,29,Male,Indore,2025-12-04,17:52,Personal Care,Toothpaste,4,347.64,1390.56,Debit Card,4
CUST01044,Kavita Rao,31,Female,Vadodara,2024-11-03,18:13,Electronics,Air Conditioner,4,5348.94,21395.76,Net Banking,3
CUST01045,Ishita Chopra,30,Female,Kolkata,2025-06-12,16:41,Toys & Baby,Kids Bicycle,6,712.82,4276.92,Net Banking,5
CUST01046,Varun Rao,34,Female,Lucknow,2024-11-18,16:19,Electronics,Microwave Oven,3,32920.57,98761.71,Cash,5
CUST01047,Neelam Sharma,43,Male,Indore,2024-01-20,20:12,Electronics,Smartphone,4,34703.55,138814.2,Debit Card,4
CUST01048,Aarti Chauhan,19,Female,Indore,2024-07-23,21:13,Personal Care,Deodorant,5,530.38,2651.9,Net Banking,5
CUST01049,Shalini Mehta,22,Male,Kolkata,2024-02-17,21:42,Electronics,Mixer Grinder,6,27007.96,162047.76,Cash,5
CUST01050,Kritika Agarwal,56,Female,Delhi,2025-03-24,13:07,Groceries,Milk 1L,3,345.84,1037.52,Cash,3
CUST01051,Pooja Yadav,64,Female,Chennai,2025-07-29,10:28,Toys & Baby,Kids Bicycle,3,2338.94,7016.82,Debit Card,5
CUST01052,Vandana Bose,53,Female,Visakhapatnam,2024-11-17,14:57,Groceries,Wheat Flour 10kg,6,441.27,2647.62,Cash,4
CUST01053,Swati Yadav,47,Male,Bhopal,2024-09-22,13:38,Electronics,Laptop,6,43737.59,262425.54,Walmart Gift Card,1
CUST01054,Meera Reddy,59,Female,Indore,2024-03-02,17:23,Electronics,Mixer Grinder,1,37560.01,37560.01,Credit Card,5
CUST01055,Vikram Nagar,38,Female,Lucknow,2024-04-04,17:49,Home & Kitchen,Pressure Cooker,6,743.09,4458.54,Credit Card,3
CUST01056,Usha Patel,54,Female,Nashik,2025-03-17,13:29,Home & Kitchen,Curtains,1,6171.85,6171.85,Cash,3
CUST01057,Mohit Kumar,29,Female,Bhopal,2024-10-27,09:39,Clothing,Sports Shoes,1,1354.03,1354.03,Cash,1
CUST01058,Priya Rao,38,Female,Chennai,2024-11-30,17:29,Electronics,Laptop,5,30614.59,153072.95,Walmart Gift Card,4
CUST01059,Radhika Ghosh,27,Male,Chennai,2025-09-08,09:49,Groceries,Cooking Oil 1L,1,64.42,64.42,Debit Card,5
CUST01060,Karan Yadav,38,Male,Coimbatore,2024-10-04,12:59,Groceries,Toor Dal 1kg,2,283.36,566.72,Debit Card,5
CUST01061,Sneha Nair,46,Male,Nagpur,2025-03-25,15:12,Groceries,Sugar 1kg,4,77.07,308.28,Debit Card,5
CUST01062,Ritu Patel,29,Male,Kolkata,2025-01-01,20:20,Personal Care,Toothpaste,4,682.14,2728.56,Cash,4
CUST01063,Nikhil Patel,50,Female,Patna,2025-01-24,21:26,Electronics,Bluetooth Headphones,4,1513.63,6054.52,Cash,2
CUST01064,Radhika Chauhan,37,Male,Indore,2024-03-27,19:41,Sports & Fitness,Badminton Racket,2,14995.66,29991.32,Cash,5
CUST01065,Rahul Agarwal,64,Female,Delhi,2024-05-11,17:09,Groceries,Sugar 1kg,2,360.52,721.04,Debit Card,5
CUST01066,Vikram Singh,56,Male,Kochi,2024-06-10,15:11,Home & Kitchen,Water Bottle,5,3406.78,17033.9,Debit Card,3
CUST01067,Swati Chauhan,25,Male,Mumbai,2024-09-28,18:20,Clothing,Formal Shirt,4,1969.61,7878.44,Credit Card,1
CUST01068,Mohit Verma,48,Male,Kochi,2025-09-04,20:33,Toys & Baby,Board Game,1,2203.95,2203.95,Debit Card,3
CUST01069,Sanjay Sharma,40,Male,Bangalore,2025-04-20,15:54,Clothing,Women's Kurti,1,2914.01,2914.01,Net Banking,5
CUST01070,Meera Thakur,58,Male,Lucknow,2025-07-06,14:39,Clothing,Formal Shirt,2,1137.91,2275.82,Walmart Gift Card,2
CUST01071,Payal Trivedi,65,Male,Chennai,2024-03-25,20:06,Groceries,Cooking Oil 1L,2,174.05,348.1,Walmart Gift Card,5
CUST01072,Rajat Chandra,24,Male,Ahmedabad,2025-04-18,19:37,Electronics,Microwave Oven,3,32202.35,96607.05,Net Banking,4
CUST01073,Suresh Yadav,45,Female,Coimbatore,2025-01-29,19:03,Groceries,Basmati Rice 5kg,6,548.31,3289.86,Debit Card,3
CUST01074,Priya Iyer,58,Male,Ahmedabad,2025-05-10,14:12,Groceries,Milk 1L,1,364.65,364.65,Walmart Gift Card,5
CUST01075,Madhuri Joshi,47,Female,Ludhiana,2024-12-11,14:57,Clothing,Formal Shirt,6,2363.41,14180.46,Debit Card,4
CUST01076,Tanvi Trivedi,53,Female,Coimbatore,2025-01-09,15:41,Groceries,Milk 1L,5,194.57,972.85,Credit Card,3
CUST01077,Sanjay Rao,47,Male,Hyderabad,2024-11-10,16:27,Home & Kitchen,Dinner Set,2,7005.46,14010.92,Net Banking,2
CUST01078,Rajendra Malhotra,43,Male,Chennai,2024-12-28,17:38,Toys & Baby,Building Blocks,1,874.84,874.84,Debit Card,1
CUST01079,Sunil Chauhan,52,Male,Visakhapatnam,2024-04-12,19:10,Sports & Fitness,Cycling Helmet,2,5742.19,11484.38,Walmart Gift Card,4
CUST01080,Shreya Shetty,57,Female,Pune,2025-06-18,15:57,Electronics,Refrigerator,3,18027.94,54083.82,Cash,5
CUST01081,Ishita Nair,64,Female,Mumbai,2025-09-19,18:04,Groceries,Tea Powder 500g,6,221.38,1328.28,Credit Card,5
CUST01082,Meera Iyer,48,Male,Ahmedabad,2025-08-28,12:15,Electronics,Smartphone,6,19320.21,115921.26,UPI,2
CUST01083,Gaurav Agarwal,26,Female,Hyderabad,2025-03-30,11:43,Personal Care,Sunscreen,6,187.55,1125.3,UPI,5
CUST01084,Priya Reddy,51,Female,Vadodara,2025-03-24,13:52,Groceries,Coffee 200g,4,177.7,710.8,Credit Card,5
CUST01085,Shreya Kumar,64,Female,Jaipur,2024-09-18,10:40,Sports & Fitness,Yoga Mat,4,12602.07,50408.28,Cash,5
CUST01086,Nisha Trivedi,36,Male,Vadodara,2024-09-04,19:31,Groceries,Coffee 200g,5,525.8,2629.0,Walmart Gift Card,5
CUST01087,Neelam Singh,58,Male,Jaipur,2024-12-02,15:42,Toys & Baby,Feeding Bottle,3,2597.04,7791.12,UPI,5
CUST01088,Arjun Sharma,24,Female,Ahmedabad,2024-09-29,10:49,Home & Kitchen,Curtains,5,3555.07,17775.35,Walmart Gift Card,5
CUST01089,Rakesh Thakur,51,Female,Delhi,2025-08-12,10:07,Home & Kitchen,Wall Clock,6,7639.46,45836.76,Debit Card,5
CUST01090,Neelam Das,63,Male,Kanpur,2025-06-19,09:25,Home & Kitchen,Vacuum Cleaner,4,4650.76,18603.04,Walmart Gift Card,5
CUST01091,Sneha Joshi,54,Male,Mumbai,2025-02-26,21:01,Home & Kitchen,Water Bottle,1,2444.37,2444.37,Walmart Gift Card,5
CUST01092,Harsh Tiwari,61,Female,Kanpur,2024-02-18,14:29,Sports & Fitness,Football,3,6800.9,20402.7,Walmart Gift Card,4
CUST01093,Deepak Joshi,53,Female,Kochi,2024-04-01,14:22,Clothing,Cotton Saree,2,2572.98,5145.96,Net Banking,4
CUST01094,Siddharth Pandey,24,Male,Chandigarh,2025-01-26,12:16,Clothing,Innerwear Pack,4,2008.56,8034.24,Walmart Gift Card,5
CUST01095,Yash Mishra,46,Female,Kolkata,2025-08-18,13:58,Sports & Fitness,Treadmill,1,1849.91,1849.91,Net Banking,4
CUST01096,Sunil Malhotra,43,Male,Pune,2024-09-26,11:45,Groceries,Coffee 200g,6,272.55,1635.3,UPI,5
CUST01097,Ravi Nair,42,Male,Kochi,2024-03-25,14:14,Toys & Baby,Feeding Bottle,5,2323.42,11617.1,Cash,1
CUST01098,Kritika Dutta,27,Female,Mumbai,2025-03-26,19:51,Clothing,Winter Jacket,2,2656.62,5313.24,Debit Card,3
CUST01099,Priya Bhatt,33,Male,Nashik,2025-08-04,12:26,Clothing,Casual Sneakers,4,1779.89,7119.56,Debit Card,5
CUST01100,Sunita Bose,63,Female,Jaipur,2024-12-31,10:44,Clothing,Cotton Saree,2,1130.43,2260.86,Debit Card,5
CUST01101,Kritika Shetty,55,Male,Hyderabad,2024-11-17,10:51,Sports & Fitness,Cycling Helmet,6,7240.92,43445.52,Net Banking,4
CUST01102,Yash Dutta,32,Female,Jaipur,2025-05-24,18:27,Home & Kitchen,Non-stick Pan,4,5007.63,20030.52,Credit Card,3
CUST01103,Rahul Dutta,46,Male,Kanpur,2024-03-07,20:17,Clothing,Kids Jeans,1,2125.52,2125.52,Net Banking,4
CUST01104,Sneha Thakur,49,Female,Visakhapatnam,2025-04-07,13:34,Personal Care,Face Wash,4,240.77,963.08,Walmart Gift Card,4
CUST01105,Mohit Rao,54,Female,Chennai,2025-09-16,09:45,Personal Care,Sunscreen,3,784.7,2354.1,UPI,2
CUST01106,Pooja Chandra,22,Female,Kochi,2024-07-02,11:01,Groceries,Sugar 1kg,2,588.88,1177.76,Walmart Gift Card,5
CUST01107,Ritu Mishra,23,Male,Nagpur,2025-04-30,11:54,Home & Kitchen,Storage Containers,4,3143.13,12572.52,UPI,3
CUST01108,Sanjay Pandey,40,Male,Visakhapatnam,2024-09-23,15:12,Clothing,Formal Shirt,4,499.52,1998.08,Debit Card,5
CUST01109,Arjun Mishra,46,Male,Vadodara,2024-03-01,19:23,Electronics,Smartwatch,1,44204.85,44204.85,Credit Card,3
CUST01110,Amit Sinha,18,Male,Surat,2024-03-12,11:12,Electronics,LED TV 43-inch,5,25700.72,128503.6,Walmart Gift Card,5
CUST01111,Swati Shetty,31,Female,Hyderabad,2024-06-30,16:45,Toys & Baby,Toy Car,5,1559.26,7796.3,Debit Card,3
CUST01112,Pankaj Verma,57,Male,Ludhiana,2024-04-20,14:43,Furniture,Office Chair,3,23473.26,70419.78,Debit Card,3
CUST01113,Sanjay Trivedi,30,Male,Nashik,2025-02-02,21:28,Furniture,Wardrobe,6,14377.54,86265.24,Credit Card,2
CUST01114,Tanvi Desai,41,Male,Ahmedabad,2024-02-12,14:03,Sports & Fitness,Gym Gloves,2,11952.0,23904.0,Cash,2
CUST01115,Mahesh Patel,60,Female,Vadodara,2025-07-13,19:12,Home & Kitchen,Table Lamp,5,3244.35,16221.75,UPI,5
CUST01116,Meera Rathore,30,Female,Chandigarh,2024-01-25,16:06,Clothing,Sports Shoes,4,476.57,1906.28,UPI,5
CUST01117,Sunita Pandey,49,Female,Coimbatore,2024-04-01,13:57,Personal Care,Soap Bar Pack,1,217.99,217.99,Net Banking,3
CUST01118,Siddharth Singh,52,Male,Delhi,2025-07-04,09:52,Sports & Fitness,Skipping Rope,2,5406.13,10812.26,Walmart Gift Card,5
CUST01119,Usha Sinha,29,Female,Coimbatore,2024-07-09,12:45,Personal Care,Body Lotion,1,444.08,444.08,UPI,2
CUST01120,Nikhil Trivedi,31,Male,Delhi,2024-10-24,09:57,Furniture,Sofa Set,6,4233.78,25402.68,Debit Card,5
CUST01121,Vivek Saxena,32,Female,Nagpur,2025-11-15,13:56,Groceries,Cooking Oil 1L,5,185.4,927.0,Cash,4
CUST01122,Nikhil Agarwal,44,Male,Indore,2024-07-13,21:31,Toys & Baby,Board Game,3,3386.27,10158.81,UPI,1
CUST01123,Ravi Gupta,62,Female,Chennai,2024-04-28,11:57,Home & Kitchen,Curtains,1,5155.14,5155.14,Cash,2
CUST01124,Swati Shetty,38,Male,Kochi,2024-10-18,18:16,Electronics,Refrigerator,3,24502.7,73508.1,Credit Card,2
CUST01125,Ravi Kapoor,23,Female,Pune,2024-04-24,12:02,Groceries,Basmati Rice 5kg,4,313.35,1253.4,Cash,3
CUST01126,Arjun Kumar,33,Female,Nashik,2024-02-12,19:59,Electronics,Smartphone,4,27187.47,108749.88,Net Banking,4
CUST01127,Nikhil Yadav,20,Male,Chennai,2024-07-24,19:03,Electronics,Microwave Oven,2,16275.18,32550.36,Cash,5
CUST01128,Shreya Bhatt,50,Male,Ahmedabad,2025-03-25,09:55,Groceries,Sugar 1kg,3,411.91,1235.73,Cash,2
CUST01129,Kritika Thakur,51,Female,Ludhiana,2025-12-02,10:26,Groceries,Tea Powder 500g,3,81.19,243.57,Net Banking,1
CUST01130,Nisha Yadav,41,Male,Chennai,2025-07-30,09:52,Furniture,Sofa Set,1,10458.51,10458.51,Cash,2
CUST01131,Gaurav Gupta,54,Male,Mumbai,2024-10-16,19:39,Home & Kitchen,Vacuum Cleaner,5,5211.6,26058.0,Cash,5
CUST01132,Aditya Trivedi,57,Female,Kanpur,2024-06-05,16:34,Sports & Fitness,Gym Gloves,4,13807.51,55230.04,UPI,4
CUST01133,Ankit Bhatt,58,Male,Nagpur,2025-03-18,21:19,Sports & Fitness,Cricket Bat,3,11152.08,33456.24,Debit Card,1
CUST01134,Vishal Menon,63,Male,Nagpur,2025-03-07,15:29,Groceries,Milk 1L,2,568.03,1136.06,Walmart Gift Card,5
CUST01135,Pankaj Saxena,47,Female,Surat,2024-07-29,12:13,Electronics,Refrigerator,2,32770.2,65540.4,Walmart Gift Card,4
CUST01136,Rajesh Chandra,41,Female,Ludhiana,2024-08-06,15:09,Toys & Baby,Board Game,3,2611.6,7834.8,Cash,2
CUST01137,Vandana Rathore,37,Female,Delhi,2025-11-06,15:59,Groceries,Milk 1L,5,539.46,2697.3,Net Banking,5
CUST01138,Swati Rathore,19,Male,Nagpur,2025-11-27,18:49,Home & Kitchen,Bed Sheet Set,3,7871.52,23614.56,Debit Card,5
CUST01139,Anita Iyer,44,Female,Bhopal,2025-09-19,17:47,Groceries,Cooking Oil 1L,4,223.92,895.68,Walmart Gift Card,1
CUST01140,Sanjay Kumar,23,Male,Mumbai,2024-11-16,14:12,Furniture,Study Table,3,21536.12,64608.36,Walmart Gift Card,3
CUST01141,Preeti Pandey,22,Female,Nashik,2025-12-21,11:18,Furniture,Recliner,4,12664.55,50658.2,UPI,2
CUST01142,Deepak Iyer,28,Female,Hyderabad,2025-07-19,19:30,Clothing,Innerwear Pack,4,685.27,2741.08,Walmart Gift Card,4
CUST01143,Kritika Reddy,60,Male,Bhopal,2025-04-29,15:30,Groceries,Basmati Rice 5kg,2,534.13,1068.26,Debit Card,1
CUST01144,Abhishek Rathore,55,Male,Bhopal,2024-12-13,10:56,Furniture,Wardrobe,6,14819.4,88916.4,UPI,2
CUST01145,Vivek Nair,57,Female,Coimbatore,2025-11-15,12:40,Electronics,Smartphone,1,44686.04,44686.04,UPI,4
CUST01146,Arjun Tiwari,56,Female,Mumbai,2025-01-08,13:12,Home & Kitchen,Wall Clock,4,7934.86,31739.44,Net Banking,4
CUST01147,Mahesh Verma,49,Female,Kolkata,2025-04-04,15:21,Groceries,Sugar 1kg,6,218.65,1311.9,Credit Card,4
CUST01148,Vishal Patel,39,Male,Chennai,2024-01-20,13:24,Toys & Baby,Kids Bicycle,1,2965.1,2965.1,Debit Card,5
CUST01149,Rakesh Saxena,20,Female,Visakhapatnam,2025-03-10,15:45,Electronics,Washing Machine,5,38530.3,192651.5,UPI,3
CUST01150,Yash Bose,53,Male,Patna,2024-03-27,21:42,Electronics,Bluetooth Headphones,4,41409.9,165639.6,UPI,2
CUST01151,Rahul Nair,24,Male,Bangalore,2024-08-30,21:05,Groceries,Wheat Flour 10kg,2,364.55,729.1,Credit Card,1
CUST01152,Priya Mishra,57,Male,Chennai,2025-11-11,10:39,Home & Kitchen,Vacuum Cleaner,6,7006.2,42037.2,Credit Card,1
CUST01153,Meera Kapoor,65,Male,Kolkata,2025-12-03,12:13,Groceries,Wheat Flour 10kg,1,288.13,288.13,Credit Card,2
CUST01154,Sunita Yadav,58,Male,Patna,2025-04-25,13:46,Toys & Baby,Soft Toy,5,2854.47,14272.35,Walmart Gift Card,1
CUST01155,Pankaj Malhotra,50,Male,Bangalore,2025-07-09,18:12,Groceries,Sugar 1kg,3,129.14,387.42,Walmart Gift Card,2
CUST01156,Pooja Kapoor,29,Female,Ahmedabad,2025-06-02,19:18,Groceries,Coffee 200g,3,380.85,1142.55,Debit Card,5
CUST01157,Harsh Tiwari,65,Male,Vadodara,2024-03-07,09:04,Groceries,Toor Dal 1kg,3,464.86,1394.58,Cash,5
CUST01158,Neha Chandra,45,Male,Coimbatore,2025-11-21,10:20,Personal Care,Razor Pack,1,880.82,880.82,Net Banking,5
CUST01159,Karan Ghosh,34,Female,Bhopal,2025-05-15,14:34,Electronics,Mixer Grinder,3,22886.52,68659.56,Walmart Gift Card,4
CUST01160,Simran Kaur,28,Male,Visakhapatnam,2025-02-16,16:55,Electronics,Mixer Grinder,4,15137.06,60548.24,Cash,5
CUST01161,Shreya Iyer,65,Female,Indore,2025-10-09,11:25,Sports & Fitness,Cricket Bat,3,5845.57,17536.71,UPI,1
CUST01162,Rekha Malhotra,27,Male,Pune,2024-12-11,12:01,Groceries,Bread Loaf,4,132.44,529.76,Cash,5
CUST01163,Deepak Pandey,53,Female,Ahmedabad,2025-03-21,11:31,Groceries,Coffee 200g,6,324.53,1947.18,Walmart Gift Card,1
CUST01164,Radhika Mehta,22,Female,Visakhapatnam,2025-05-21,21:13,Clothing,Formal Shirt,2,896.67,1793.34,Cash,5
CUST01165,Priya Pandey,58,Male,Surat,2025-09-05,11:33,Home & Kitchen,Wall Clock,4,4951.27,19805.08,UPI,5
CUST01166,Komal Nair,41,Female,Bangalore,2024-11-30,20:14,Groceries,Milk 1L,4,185.36,741.44,UPI,5
CUST01167,Shalini Dutta,39,Female,Visakhapatnam,2025-08-09,12:45,Groceries,Cooking Oil 1L,3,479.88,1439.64,Net Banking,4
CUST01168,Kritika Trivedi,54,Female,Mumbai,2025-09-30,14:05,Electronics,Bluetooth Headphones,4,33958.5,135834.0,Net Banking,5
CUST01169,Alka Thakur,64,Female,Bangalore,2025-01-07,21:03,Clothing,Winter Jacket,3,2207.75,6623.25,Cash,4
CUST01170,Gaurav Sharma,38,Female,Nashik,2025-05-11,14:38,Clothing,Kids Jeans,3,2880.84,8642.52,Net Banking,4
CUST01171,Rajesh Thakur,56,Male,Lucknow,2024-10-16,12:50,Personal Care,Body Lotion,5,731.03,3655.15,Cash,5
CUST01172,Priya Pandey,34,Male,Chennai,2025-03-07,10:23,Electronics,LED TV 43-inch,6,29264.28,175585.68,Cash,3
CUST01173,Madhuri Saxena,53,Male,Nashik,2025-04-11,13:12,Clothing,Cotton Saree,1,2826.48,2826.48,Walmart Gift Card,5
CUST01174,Rajat Chopra,55,Male,Surat,2025-07-19,16:23,Sports & Fitness,Dumbbells Set,1,13042.52,13042.52,Debit Card,5
CUST01175,Rakesh Dutta,19,Female,Chandigarh,2024-02-05,19:18,Electronics,Smartphone,3,27898.23,83694.69,UPI,1
CUST01176,Usha Singh,64,Male,Patna,2025-06-19,11:45,Groceries,Wheat Flour 10kg,2,133.36,266.72,Debit Card,2
CUST01177,Abhishek Tiwari,39,Male,Indore,2024-03-04,17:26,Electronics,Bluetooth Headphones,4,18504.75,74019.0,Walmart Gift Card,5
CUST01178,Shreya Dutta,23,Male,Bhopal,2025-10-22,19:35,Groceries,Toor Dal 1kg,2,181.6,363.2,Credit Card,1
CUST01179,Gaurav Bansal,20,Male,Ahmedabad,2024-11-26,15:48,Personal Care,Face Wash,2,480.49,960.98,Walmart Gift Card,5
CUST01180,Rahul Nagar,36,Female,Mumbai,2024-07-23,18:02,Home & Kitchen,Storage Containers,5,683.5,3417.5,Debit Card,4
CUST01181,Ashish Sharma,40,Male,Agra,2024-06-04,17:00,Furniture,Shoe Rack,2,10833.77,21667.54,Walmart Gift Card,4
CUST01182,Varun Dutta,41,Female,Kolkata,2024-11-30,13:25,Toys & Baby,Kids Bicycle,3,1404.49,4213.47,Credit Card,4
CUST01183,Madhuri Verma,46,Female,Pune,2024-07-29,12:48,Groceries,Basmati Rice 5kg,4,492.55,1970.2,Net Banking,4
CUST01184,Preeti Kaur,37,Female,Bhopal,2024-09-15,12:32,Groceries,Sugar 1kg,5,539.61,2698.05,Credit Card,4
CUST01185,Priya Joshi,29,Female,Pune,2025-02-04,18:48,Clothing,Sports Shoes,6,1150.24,6901.44,Debit Card,5
CUST01186,Payal Dutta,56,Female,Coimbatore,2024-01-01,09:39,Toys & Baby,Building Blocks,1,2503.84,2503.84,Credit Card,1
CUST01187,Shalini Sharma,37,Female,Nagpur,2024-08-08,19:12,Personal Care,Face Wash,1,104.97,104.97,Cash,5
CUST01188,Pooja Agarwal,44,Male,Lucknow,2025-04-12,21:58,Personal Care,Toothpaste,3,179.14,537.42,Debit Card,2
CUST01189,Sneha Bansal,29,Male,Hyderabad,2025-08-16,20:35,Groceries,Sugar 1kg,4,528.39,2113.56,UPI,4
CUST01190,Rahul Ghosh,48,Male,Kochi,2025-01-21,09:02,Personal Care,Body Lotion,1,393.93,393.93,Cash,5
CUST01191,Alka Menon,29,Male,Agra,2025-05-05,12:51,Furniture,Office Chair,3,18182.69,54548.07,UPI,1
CUST01192,Varun Kapoor,33,Female,Mumbai,2025-03-21,17:44,Sports & Fitness,Yoga Mat,5,12563.81,62819.05,Cash,4
CUST01193,Rohan Bhatt,41,Male,Nashik,2025-11-05,14:46,Electronics,Mixer Grinder,5,8044.15,40220.75,Net Banking,3
CUST01194,Ishita Tiwari,44,Male,Agra,2024-05-31,19:48,Clothing,Casual Sneakers,3,2360.11,7080.33,Cash,5
CUST01195,Abhishek Pillai,23,Female,Chennai,2025-07-06,19:10,Electronics,Washing Machine,6,21421.74,128530.44,Credit Card,5
CUST01196,Rajendra Iyer,56,Female,Ludhiana,2024-07-29,20:25,Home & Kitchen,Bed Sheet Set,5,1245.24,6226.2,Credit Card,5
CUST01197,Manish Nagar,52,Male,Vadodara,2025-11-11,11:47,Groceries,Basmati Rice 5kg,3,563.98,1691.94,Debit Card,5
CUST01198,Ashish Reddy,38,Female,Ludhiana,2024-08-12,18:22,Furniture,Shoe Rack,6,20754.98,124529.88,Walmart Gift Card,5
CUST01199,Kavita Rao,58,Female,Chennai,2025-05-31,21:06,Toys & Baby,Building Blocks,6,102.32,613.92,Cash,3
CUST01200,Pooja Pandey,33,Female,Lucknow,2024-07-14,09:01,Toys & Baby,Baby Powder,6,476.69,2860.14,Credit Card,4
CUST01201,Ritu Joshi,29,Male,Bangalore,2025-11-08,15:00,Electronics,Bluetooth Headphones,4,42563.46,170253.84,Walmart Gift Card,4
CUST01202,Tanvi Saxena,41,Male,Lucknow,2025-08-30,09:43,Clothing,Innerwear Pack,4,1996.85,7987.4,Cash,1
CUST01203,Jyoti Yadav,40,Male,Jaipur,2025-03-08,20:37,Personal Care,Sanitary Pads,5,706.62,3533.1,Net Banking,5
CUST01204,Ashish Verma,42,Male,Patna,2024-04-04,10:15,Personal Care,Toothpaste,4,271.81,1087.24,Walmart Gift Card,2
CUST01205,Vishal Saxena,65,Female,Ahmedabad,2025-07-19,21:45,Home & Kitchen,Vacuum Cleaner,1,2684.55,2684.55,Cash,4
CUST01206,Ajay Mehta,18,Male,Agra,2025-05-29,11:29,Toys & Baby,Baby Diapers Pack,5,1833.28,9166.4,UPI,5
CUST01207,Sunil Singh,34,Male,Visakhapatnam,2024-06-15,09:18,Clothing,Kids Jeans,4,1056.82,4227.28,Net Banking,5
CUST01208,Sandeep Reddy,61,Male,Bangalore,2025-10-31,11:49,Groceries,Eggs (12 pack),2,53.13,106.26,Cash,1
CUST01209,Naveen Malhotra,32,Female,Coimbatore,2025-12-18,10:06,Home & Kitchen,Vacuum Cleaner,2,5753.55,11507.1,Debit Card,3
CUST01210,Suresh Thakur,54,Male,Bhopal,2025-12-11,14:40,Clothing,Sports Shoes,1,2198.12,2198.12,Net Banking,2
CUST01211,Neelam Bansal,20,Female,Indore,2024-09-26,19:22,Home & Kitchen,Storage Containers,1,661.63,661.63,Cash,5
CUST01212,Rajendra Desai,26,Male,Mumbai,2025-04-01,19:34,Groceries,Coffee 200g,2,415.55,831.1,UPI,4
CUST01213,Payal Kumar,60,Male,Agra,2024-05-30,13:08,Clothing,School Uniform,1,888.68,888.68,Walmart Gift Card,5
CUST01214,Priya Chauhan,21,Male,Hyderabad,2024-11-06,21:08,Clothing,Formal Shirt,5,1708.93,8544.65,UPI,4
CUST01215,Payal Joshi,30,Female,Patna,2025-10-10,19:34,Clothing,Women's Kurti,2,1316.61,2633.22,Credit Card,3
CUST01216,Suresh Nagar,27,Male,Patna,2025-10-03,21:26,Clothing,Women's Kurti,5,703.01,3515.05,Walmart Gift Card,5
CUST01217,Gaurav Bose,44,Male,Indore,2025-11-18,20:59,Groceries,Milk 1L,4,65.22,260.88,UPI,5
CUST01218,Madhuri Thakur,32,Male,Patna,2025-10-12,11:15,Home & Kitchen,Table Lamp,4,5221.42,20885.68,Net Banking,4
CUST01219,Jyoti Kumar,45,Male,Indore,2024-05-29,21:41,Groceries,Wheat Flour 10kg,6,540.41,3242.46,Credit Card,5
CUST01220,Shalini Das,35,Female,Chandigarh,2025-09-11,14:58,Toys & Baby,Stroller,3,3361.67,10085.01,UPI,5
CUST01221,Usha Trivedi,42,Male,Patna,2025-09-23,19:04,Electronics,Mixer Grinder,3,24347.07,73041.21,UPI,4
CUST01222,Varun Bhatt,56,Male,Surat,2024-12-22,13:12,Furniture,Dining Table,2,14801.35,29602.7,UPI,5
CUST01223,Shalini Bose,56,Female,Coimbatore,2025-12-05,13:12,Home & Kitchen,Wall Clock,2,6447.62,12895.24,Walmart Gift Card,5
CUST01224,Vandana Dutta,38,Male,Bhopal,2024-10-25,19:15,Home & Kitchen,Bed Sheet Set,1,5838.05,5838.05,Debit Card,5
CUST01225,Swati Trivedi,41,Male,Nagpur,2024-12-15,11:16,Clothing,Formal Shirt,5,1512.47,7562.35,Net Banking,2
CUST01226,Harsh Reddy,42,Female,Mumbai,2025-07-17,18:52,Groceries,Toor Dal 1kg,4,300.12,1200.48,UPI,5
CUST01227,Anita Agarwal,21,Female,Chandigarh,2025-01-31,14:07,Sports & Fitness,Water Bottle Sports,1,7250.25,7250.25,Debit Card,3
CUST01228,Ritu Chauhan,21,Male,Bangalore,2024-04-08,20:43,Electronics,Air Conditioner,5,12663.91,63319.55,Cash,4
CUST01229,Anjali Ghosh,21,Male,Hyderabad,2025-03-16,12:14,Electronics,Smartwatch,6,13051.08,78306.48,Debit Card,4
CUST01230,Radhika Desai,27,Male,Ludhiana,2025-01-27,12:34,Home & Kitchen,Curtains,2,6474.83,12949.66,Net Banking,1
CUST01231,Deepak Patel,54,Female,Patna,2025-04-15,18:10,Groceries,Sugar 1kg,4,171.54,686.16,Debit Card,4
CUST01232,Shalini Mehta,18,Male,Coimbatore,2025-04-01,12:14,Electronics,Smartwatch,5,38351.86,191759.3,Credit Card,2
CUST01233,Ajay Rathore,46,Male,Kochi,2024-10-05,12:56,Furniture,Recliner,4,2041.12,8164.48,Walmart Gift Card,5
CUST01234,Rekha Sinha,39,Female,Mumbai,2025-09-13,12:23,Clothing,Innerwear Pack,4,2555.1,10220.4,Debit Card,2
CUST01235,Rakesh Chopra,43,Male,Pune,2024-10-24,12:24,Electronics,Refrigerator,3,11795.44,35386.32,Net Banking,5
CUST01236,Sneha Ghosh,33,Male,Bhopal,2025-01-03,15:01,Personal Care,Shampoo 340ml,4,540.19,2160.76,Cash,5
CUST01237,Madhuri Pillai,23,Female,Jaipur,2024-09-23,16:10,Electronics,Microwave Oven,3,41092.66,123277.98,Debit Card,4
CUST01238,Mahesh Thakur,51,Male,Delhi,2024-04-02,20:58,Sports & Fitness,Treadmill,1,11458.51,11458.51,Debit Card,2
CUST01239,Rohan Bose,23,Female,Bhopal,2024-07-09,12:26,Groceries,Cooking Oil 1L,4,203.18,812.72,UPI,3
CUST01240,Mahesh Kumar,32,Male,Nashik,2025-03-09,11:15,Groceries,Cooking Oil 1L,3,351.37,1054.11,Credit Card,4
CUST01241,Pooja Kumar,24,Female,Kolkata,2024-07-02,11:34,Clothing,Casual Sneakers,5,2342.37,11711.85,Debit Card,4
CUST01242,Priya Yadav,28,Female,Vadodara,2025-02-07,11:10,Toys & Baby,Baby Powder,5,3589.87,17949.35,Credit Card,5
CUST01243,Shreya Nair,33,Female,Agra,2025-12-28,10:45,Personal Care,Razor Pack,2,442.15,884.3,Debit Card,3
CUST01244,Anjali Kumar,42,Male,Mumbai,2025-02-08,17:34,Electronics,Air Conditioner,4,30746.62,122986.48,Walmart Gift Card,5
CUST01245,Seema Kulkarni,59,Female,Nashik,2025-02-21,11:32,Home & Kitchen,Storage Containers,3,4259.24,12777.72,Cash,3
CUST01246,Vikram Joshi,22,Female,Lucknow,2025-01-17,09:20,Groceries,Bread Loaf,4,256.77,1027.08,Cash,4
CUST01247,Rahul Joshi,45,Male,Bhopal,2025-02-09,12:09,Toys & Baby,Toy Car,6,3195.67,19174.02,Credit Card,4
CUST01248,Pankaj Bose,49,Female,Bhopal,2025-03-01,09:15,Personal Care,Deodorant,2,449.17,898.34,Debit Card,2
CUST01249,Aarti Chauhan,21,Female,Bhopal,2024-12-29,17:35,Furniture,TV Unit,1,15558.56,15558.56,Cash,1
CUST01250,Payal Kumar,40,Female,Pune,2024-04-13,11:47,Electronics,Air Conditioner,2,1288.68,2577.36,Walmart Gift Card,4
CUST01251,Neha Verma,50,Male,Chandigarh,2025-09-19,16:22,Clothing,Men's T-Shirt,4,1359.38,5437.52,Net Banking,5
CUST01252,Rajat Chauhan,21,Male,Bhopal,2025-07-15,20:47,Personal Care,Sanitary Pads,5,90.37,451.85,Net Banking,2
CUST01253,Shreya Saxena,39,Female,Kochi,2024-07-20,10:39,Personal Care,Hair Oil,2,179.46,358.92,Cash,4
CUST01254,Ravi Rao,20,Male,Lucknow,2024-07-17,15:51,Groceries,Cooking Oil 1L,2,280.11,560.22,Debit Card,5
CUST01255,Harsh Joshi,18,Male,Kolkata,2024-03-08,12:29,Toys & Baby,Feeding Bottle,6,1982.39,11894.34,Debit Card,5
CUST01256,Manish Patel,60,Female,Surat,2024-09-21,18:35,Home & Kitchen,Water Bottle,4,7652.0,30608.0,Net Banking,5
CUST01257,Ishita Sinha,27,Female,Nashik,2025-03-20,16:17,Personal Care,Body Lotion,2,744.54,1489.08,UPI,4
CUST01258,Jyoti Das,21,Female,Jaipur,2024-08-12,12:29,Groceries,Cooking Oil 1L,5,172.99,864.95,Debit Card,2
CUST01259,Vandana Nagar,41,Female,Kochi,2024-09-05,11:39,Electronics,Smartwatch,3,14019.54,42058.62,Cash,2
CUST01260,Siddharth Singh,45,Female,Indore,2025-01-14,10:19,Groceries,Eggs (12 pack),1,233.58,233.58,Debit Card,5
CUST01261,Ashish Das,55,Male,Nagpur,2024-06-17,14:10,Clothing,Winter Jacket,3,918.9,2756.7,Net Banking,5
CUST01262,Rakesh Patel,24,Male,Bangalore,2025-05-19,10:59,Personal Care,Shampoo 340ml,2,513.91,1027.82,Walmart Gift Card,3
CUST01263,Rohan Sharma,48,Male,Delhi,2025-12-17,14:42,Groceries,Milk 1L,6,427.11,2562.66,Net Banking,2
CUST01264,Anjali Chopra,37,Female,Hyderabad,2025-09-21,09:52,Groceries,Coffee 200g,1,593.5,593.5,Debit Card,3
CUST01265,Ravi Trivedi,24,Female,Agra,2024-10-18,11:04,Electronics,Air Conditioner,1,37565.66,37565.66,Cash,4
CUST01266,Deepak Nagar,24,Female,Nashik,2024-12-12,19:10,Groceries,Toor Dal 1kg,1,266.37,266.37,Walmart Gift Card,5
CUST01267,Madhuri Tiwari,50,Female,Lucknow,2024-08-28,21:54,Home & Kitchen,Storage Containers,4,6484.68,25938.72,UPI,5
CUST01268,Nikhil Desai,47,Male,Visakhapatnam,2024-04-30,11:06,Groceries,Wheat Flour 10kg,1,373.23,373.23,Cash,3
CUST01269,Shreya Kumar,36,Female,Visakhapatnam,2025-02-23,10:59,Electronics,Laptop,6,22086.58,132519.48,Walmart Gift Card,4
CUST01270,Nikhil Bansal,59,Male,Kanpur,2024-02-02,21:16,Groceries,Sugar 1kg,3,86.33,258.99,Cash,3
CUST01271,Jyoti Kulkarni,60,Female,Visakhapatnam,2025-12-25,15:42,Toys & Baby,Soft Toy,2,3281.55,6563.1,UPI,3
CUST01272,Amit Chopra,34,Female,Bangalore,2024-05-23,12:32,Clothing,Cotton Saree,2,365.57,731.14,Net Banking,5
CUST01273,Shalini Kapoor,64,Male,Indore,2024-12-17,21:39,Groceries,Basmati Rice 5kg,6,248.4,1490.4,UPI,5
CUST01274,Amit Mehta,48,Male,Pune,2025-06-25,18:39,Groceries,Tea Powder 500g,3,341.98,1025.94,Net Banking,4
CUST01275,Rekha Gupta,47,Female,Ludhiana,2024-01-19,15:37,Sports & Fitness,Gym Gloves,1,4410.39,4410.39,Walmart Gift Card,2
CUST01276,Tarun Menon,47,Male,Surat,2025-10-29,09:52,Toys & Baby,Building Blocks,4,1132.33,4529.32,Debit Card,4
CUST01277,Ravi Bose,18,Male,Delhi,2025-03-16,09:04,Groceries,Eggs (12 pack),2,268.34,536.68,UPI,5
CUST01278,Rahul Nagar,64,Female,Nashik,2025-11-08,17:18,Home & Kitchen,Vacuum Cleaner,5,1825.3,9126.5,Credit Card,4
CUST01279,Sunita Dutta,64,Female,Kolkata,2024-03-22,14:41,Clothing,Winter Jacket,1,2133.98,2133.98,Debit Card,5
CUST01280,Rahul Mehta,26,Female,Kolkata,2025-03-12,12:46,Home & Kitchen,Dinner Set,4,1420.61,5682.44,Debit Card,5
CUST01281,Sanjay Bhatt,37,Male,Bangalore,2024-03-08,21:49,Sports & Fitness,Dumbbells Set,1,14313.07,14313.07,UPI,3
CUST01282,Manish Rathore,39,Male,Vadodara,2025-05-07,19:39,Personal Care,Soap Bar Pack,4,489.05,1956.2,UPI,2
CUST01283,Radhika Patel,40,Male,Nagpur,2025-09-27,21:50,Toys & Baby,Baby Powder,3,2928.73,8786.19,Credit Card,2
CUST01284,Deepak Iyer,39,Male,Vadodara,2025-10-08,14:01,Toys & Baby,Baby Powder,2,1966.89,3933.78,UPI,5
CUST01285,Rekha Mehta,50,Female,Pune,2025-08-23,20:44,Groceries,Coffee 200g,6,315.88,1895.28,Credit Card,4
CUST01286,Jyoti Dutta,47,Female,Surat,2024-07-11,09:36,Home & Kitchen,Curtains,1,435.58,435.58,UPI,1
CUST01287,Komal Mishra,44,Male,Surat,2025-08-31,17:35,Toys & Baby,Baby Wipes,2,3387.79,6775.58,Credit Card,3
CUST01288,Tarun Trivedi,53,Female,Hyderabad,2024-11-15,17:52,Home & Kitchen,Non-stick Pan,6,2638.98,15833.88,Cash,4
CUST01289,Vikram Mehta,21,Female,Coimbatore,2025-01-23,11:17,Sports & Fitness,Cricket Bat,6,4022.56,24135.36,UPI,5
CUST01290,Pooja Sinha,41,Male,Patna,2024-10-18,14:11,Electronics,Microwave Oven,4,1804.76,7219.04,Walmart Gift Card,2
CUST01291,Meera Sinha,56,Male,Kanpur,2024-05-06,11:36,Groceries,Toor Dal 1kg,3,225.07,675.21,Debit Card,2
CUST01292,Simran Singh,35,Female,Ludhiana,2025-08-14,20:34,Personal Care,Toothpaste,6,521.11,3126.66,UPI,4
CUST01293,Sanjay Das,20,Female,Indore,2024-05-20,10:06,Groceries,Milk 1L,3,457.6,1372.8,Net Banking,1
CUST01294,Kavita Bansal,20,Female,Kanpur,2025-07-28,21:15,Clothing,Women's Kurti,3,686.72,2060.16,Credit Card,5
CUST01295,Nisha Malhotra,59,Male,Chandigarh,2024-05-09,11:47,Toys & Baby,Soft Toy,2,2942.12,5884.24,Walmart Gift Card,4
CUST01296,Ajay Sharma,61,Female,Agra,2024-03-01,15:13,Personal Care,Body Lotion,4,519.95,2079.8,Net Banking,5
CUST01297,Rajesh Sinha,36,Female,Chennai,2024-10-21,13:15,Clothing,Innerwear Pack,4,2754.55,11018.2,Net Banking,2
CUST01298,Neelam Bose,59,Female,Mumbai,2024-09-16,20:08,Sports & Fitness,Skipping Rope,5,3029.24,15146.2,Net Banking,3
CUST01299,Ritu Desai,26,Male,Ahmedabad,2025-02-08,11:13,Sports & Fitness,Yoga Mat,6,1268.55,7611.3,UPI,2
CUST01300,Amit Joshi,63,Male,Visakhapatnam,2024-05-27,11:46,Groceries,Wheat Flour 10kg,3,163.48,490.44,Walmart Gift Card,2
CUST01301,Komal Yadav,44,Female,Coimbatore,2025-10-12,11:13,Clothing,Formal Shirt,4,2073.58,8294.32,Cash,5
CUST01302,Rajesh Desai,49,Female,Jaipur,2024-06-11,09:50,Clothing,Formal Shirt,1,1441.56,1441.56,Credit Card,5
CUST01303,Seema Bhatt,31,Female,Hyderabad,2025-03-12,21:00,Furniture,Bookshelf,3,8064.21,24192.63,Cash,2
CUST01304,Vishal Tiwari,37,Male,Bhopal,2024-10-03,11:30,Groceries,Toor Dal 1kg,4,579.93,2319.72,Debit Card,5
CUST01305,Meera Verma,33,Female,Nagpur,2024-05-28,10:17,Groceries,Tea Powder 500g,5,403.04,2015.2,Walmart Gift Card,5
CUST01306,Mahesh Bose,62,Male,Jaipur,2024-01-21,10:36,Toys & Baby,Baby Powder,3,3010.97,9032.91,Credit Card,4
CUST01307,Rajat Bose,33,Male,Chandigarh,2024-01-21,14:49,Clothing,School Uniform,1,660.01,660.01,Walmart Gift Card,5
CUST01308,Tanvi Sharma,48,Male,Kolkata,2024-09-14,20:51,Groceries,Toor Dal 1kg,6,470.29,2821.74,UPI,4
CUST01309,Kiran Thakur,54,Female,Hyderabad,2024-11-28,09:54,Electronics,Smartwatch,2,40149.36,80298.72,UPI,5
CUST01310,Tarun Desai,52,Female,Patna,2024-04-15,18:57,Groceries,Tea Powder 500g,1,429.35,429.35,Debit Card,4
CUST01311,Ajay Gupta,31,Female,Indore,2025-07-15,16:45,Clothing,Women's Kurti,1,2122.64,2122.64,Debit Card,4
CUST01312,Preeti Joshi,41,Male,Delhi,2024-10-14,19:37,Electronics,Smartwatch,4,6116.26,24465.04,Cash,4
CUST01313,Divya Mishra,33,Male,Bangalore,2024-09-03,09:30,Toys & Baby,Kids Bicycle,5,3011.03,15055.15,Walmart Gift Card,4
CUST01314,Vandana Chopra,60,Male,Patna,2024-04-12,10:32,Toys & Baby,Building Blocks,4,3561.13,14244.52,Net Banking,4
CUST01315,Shalini Sharma,45,Female,Kanpur,2024-04-09,19:36,Personal Care,Soap Bar Pack,6,198.01,1188.06,Credit Card,4
CUST01316,Rajesh Malhotra,28,Male,Kochi,2024-07-21,11:18,Groceries,Cooking Oil 1L,2,505.0,1010.0,Cash,1
CUST01317,Madhuri Rao,57,Male,Delhi,2024-11-02,19:27,Groceries,Sugar 1kg,3,394.92,1184.76,Debit Card,2
CUST01318,Deepak Bansal,42,Male,Kolkata,2025-03-06,10:05,Electronics,Air Conditioner,2,31052.23,62104.46,Debit Card,4
CUST01319,Pooja Iyer,44,Male,Indore,2025-12-31,17:56,Groceries,Cooking Oil 1L,3,442.53,1327.59,Walmart Gift Card,5
CUST01320,Madhuri Chopra,56,Male,Bhopal,2024-09-23,18:13,Clothing,Innerwear Pack,4,1017.73,4070.92,Walmart Gift Card,1
CUST01321,Anita Das,36,Female,Ludhiana,2025-12-12,11:57,Clothing,Women's Kurti,5,567.21,2836.05,Credit Card,4
CUST01322,Sunil Reddy,53,Female,Nagpur,2024-05-18,09:33,Furniture,Recliner,6,18833.89,113003.34,Debit Card,4
CUST01323,Suresh Desai,21,Male,Ahmedabad,2024-04-05,13:16,Clothing,Women's Kurti,3,1693.96,5081.88,UPI,3
CUST01324,Vivek Gupta,45,Female,Pune,2025-06-14,11:39,Groceries,Sugar 1kg,6,399.94,2399.64,Cash,2
CUST01325,Sandeep Shetty,23,Female,Bhopal,2024-01-12,21:01,Groceries,Toor Dal 1kg,3,66.48,199.44,Walmart Gift Card,1
CUST01326,Sneha Patel,38,Male,Kochi,2024-07-13,16:51,Toys & Baby,Kids Bicycle,1,422.27,422.27,Credit Card,5
CUST01327,Sunil Chauhan,21,Male,Kochi,2024-04-27,21:58,Groceries,Milk 1L,3,258.47,775.41,Net Banking,4
CUST01328,Aarti Bose,28,Male,Ludhiana,2025-05-03,13:31,Toys & Baby,Kids Bicycle,6,2347.9,14087.4,Net Banking,2
CUST01329,Shreya Malhotra,36,Male,Surat,2024-01-27,09:38,Electronics,LED TV 43-inch,5,20013.29,100066.45,Credit Card,1
CUST01330,Pallavi Desai,42,Female,Chandigarh,2025-06-26,11:25,Electronics,Washing Machine,6,23602.37,141614.22,Cash,2
CUST01331,Aditya Menon,27,Female,Vadodara,2025-01-09,13:52,Groceries,Milk 1L,3,413.73,1241.19,Debit Card,5
CUST01332,Anjali Dutta,63,Male,Chandigarh,2025-09-08,18:35,Clothing,Sports Shoes,2,911.07,1822.14,Cash,5
CUST01333,Rahul Chandra,58,Male,Chennai,2025-02-05,13:53,Groceries,Toor Dal 1kg,1,560.48,560.48,Net Banking,2
CUST01334,Seema Sharma,34,Female,Chandigarh,2024-09-11,17:12,Groceries,Eggs (12 pack),4,534.25,2137.0,Cash,4
CUST01335,Seema Kumar,43,Female,Ahmedabad,2025-09-25,19:18,Groceries,Wheat Flour 10kg,2,433.15,866.3,Walmart Gift Card,3
CUST01336,Mahesh Ghosh,59,Female,Indore,2024-05-13,14:46,Electronics,LED TV 43-inch,2,39671.52,79343.04,Walmart Gift Card,5
CUST01337,Preeti Mehta,37,Female,Bangalore,2025-10-08,15:10,Clothing,Men's T-Shirt,4,1051.97,4207.88,UPI,5
CUST01338,Aarti Gupta,29,Female,Ahmedabad,2024-07-10,13:12,Personal Care,Deodorant,3,516.51,1549.53,Walmart Gift Card,1
CUST01339,Arjun Bansal,42,Female,Indore,2025-06-27,17:58,Personal Care,Hair Oil,5,543.6,2718.0,Credit Card,4
CUST01340,Kavita Chauhan,33,Male,Jaipur,2025-12-14,09:43,Electronics,Smartphone,4,27766.21,111064.84,Walmart Gift Card,5
CUST01341,Vikram Bhatt,61,Male,Lucknow,2024-12-29,12:53,Groceries,Sugar 1kg,2,583.35,1166.7,Net Banking,4
CUST01342,Siddharth Reddy,43,Male,Chennai,2025-04-10,17:29,Toys & Baby,Baby Wipes,1,2874.09,2874.09,Walmart Gift Card,2
CUST01343,Vandana Singh,56,Male,Ahmedabad,2025-02-18,19:20,Home & Kitchen,Curtains,4,1851.74,7406.96,Debit Card,1
CUST01344,Ajay Gupta,64,Male,Bangalore,2024-12-01,15:06,Furniture,Recliner,5,13171.66,65858.3,Cash,5
CUST01345,Seema Sharma,18,Male,Pune,2025-02-28,10:35,Toys & Baby,Baby Diapers Pack,5,516.31,2581.55,Debit Card,1
CUST01346,Kritika Saxena,39,Female,Chandigarh,2025-09-02,10:46,Personal Care,Hair Oil,6,298.27,1789.62,Cash,1
CUST01347,Preeti Das,41,Female,Chennai,2024-05-06,17:40,Furniture,Office Chair,3,15686.75,47060.25,Net Banking,4
CUST01348,Kavita Shetty,36,Male,Ahmedabad,2025-08-23,11:48,Electronics,Mixer Grinder,3,37842.48,113527.44,Cash,4
CUST01349,Nisha Chopra,31,Male,Bangalore,2024-03-19,10:16,Groceries,Toor Dal 1kg,3,235.73,707.19,Credit Card,4
CUST01350,Suresh Sinha,52,Female,Kochi,2024-12-11,12:31,Groceries,Milk 1L,6,61.69,370.14,Cash,5
CUST01351,Rekha Gupta,51,Male,Hyderabad,2024-07-16,09:33,Personal Care,Sanitary Pads,1,848.63,848.63,Debit Card,5
CUST01352,Sunita Das,56,Male,Mumbai,2024-08-05,10:11,Electronics,Mixer Grinder,1,14960.72,14960.72,Debit Card,4
CUST01353,Tanvi Tiwari,21,Female,Vadodara,2025-10-03,16:27,Home & Kitchen,Storage Containers,5,1003.87,5019.35,Net Banking,3
CUST01354,Nikhil Sinha,34,Female,Kochi,2025-07-21,09:50,Sports & Fitness,Dumbbells Set,2,4699.29,9398.58,Net Banking,5
CUST01355,Rajesh Mishra,37,Male,Patna,2024-05-19,15:02,Toys & Baby,Baby Powder,6,3585.53,21513.18,Debit Card,4
CUST01356,Komal Chandra,64,Male,Delhi,2024-01-19,18:52,Groceries,Milk 1L,4,430.11,1720.44,Credit Card,5
CUST01357,Karan Bhatt,36,Male,Mumbai,2024-06-18,15:48,Personal Care,Razor Pack,3,549.64,1648.92,Net Banking,5
CUST01358,Rakesh Bhatt,53,Female,Bangalore,2025-01-09,18:24,Furniture,Bed Frame,2,14078.72,28157.44,Walmart Gift Card,4
CUST01359,Ankit Mishra,54,Male,Lucknow,2024-07-18,11:56,Groceries,Tea Powder 500g,3,363.21,1089.63,Debit Card,2
CUST01360,Swati Rao,36,Male,Indore,2025-12-17,09:35,Clothing,School Uniform,1,1371.5,1371.5,Cash,3
CUST01361,Ravi Reddy,47,Female,Mumbai,2025-07-29,20:14,Home & Kitchen,Bed Sheet Set,6,1844.87,11069.22,Net Banking,4
CUST01362,Ishita Thakur,41,Male,Vadodara,2024-10-18,09:57,Groceries,Tea Powder 500g,1,509.78,509.78,UPI,5
CUST01363,Ritu Iyer,62,Female,Surat,2025-01-02,17:43,Groceries,Cooking Oil 1L,4,374.78,1499.12,Debit Card,5
CUST01364,Varun Patel,53,Female,Agra,2024-08-09,09:35,Electronics,Refrigerator,6,4017.94,24107.64,Cash,5
CUST01365,Sanjay Iyer,30,Female,Agra,2024-09-30,15:34,Electronics,Bluetooth Headphones,3,38074.21,114222.63,Debit Card,4
CUST01366,Bhavna Nagar,35,Male,Mumbai,2024-01-02,09:42,Toys & Baby,Toy Car,4,3034.1,12136.4,Net Banking,5
CUST01367,Ravi Saxena,22,Male,Hyderabad,2024-03-24,19:12,Toys & Baby,Board Game,5,888.03,4440.15,Net Banking,5
CUST01368,Sneha Singh,22,Female,Vadodara,2025-09-13,10:54,Groceries,Toor Dal 1kg,1,211.17,211.17,Walmart Gift Card,5
CUST01369,Rohan Kulkarni,44,Male,Chandigarh,2025-10-04,11:03,Clothing,Innerwear Pack,4,2015.7,8062.8,Walmart Gift Card,5
CUST01370,Gaurav Agarwal,35,Male,Patna,2024-02-29,20:28,Clothing,Innerwear Pack,3,1324.53,3973.59,Debit Card,5
CUST01371,Ajay Nair,56,Male,Kanpur,2025-10-02,16:59,Groceries,Wheat Flour 10kg,6,529.85,3179.1,Cash,1
CUST01372,Deepak Ghosh,62,Male,Jaipur,2024-03-09,12:12,Groceries,Tea Powder 500g,6,343.44,2060.64,Debit Card,5
CUST01373,Simran Patel,26,Female,Kanpur,2025-02-14,10:29,Personal Care,Face Wash,2,349.58,699.16,Net Banking,2
CUST01374,Alka Sharma,31,Male,Coimbatore,2024-04-25,12:48,Groceries,Coffee 200g,2,50.26,100.52,Cash,4
CUST01375,Usha Yadav,26,Female,Patna,2024-08-11,16:04,Clothing,Cotton Saree,4,583.48,2333.92,Walmart Gift Card,4
CUST01376,Bhavna Bose,55,Male,Kochi,2025-02-09,13:32,Sports & Fitness,Water Bottle Sports,3,907.23,2721.69,Credit Card,2
CUST01377,Rekha Agarwal,36,Male,Ahmedabad,2025-07-01,10:59,Clothing,Formal Shirt,1,1345.49,1345.49,Debit Card,5
CUST01378,Jyoti Nagar,28,Male,Bangalore,2025-05-18,18:34,Groceries,Cooking Oil 1L,6,100.75,604.5,Debit Card,2
CUST01379,Rajesh Bose,51,Female,Kolkata,2025-12-04,18:28,Home & Kitchen,Water Bottle,6,6663.52,39981.12,Debit Card,5
CUST01380,Simran Shetty,33,Male,Vadodara,2024-08-22,18:48,Groceries,Milk 1L,4,66.04,264.16,Cash,1
CUST01381,Jyoti Kaur,52,Female,Nagpur,2024-03-03,15:55,Personal Care,Toothpaste,4,461.79,1847.16,Cash,4
CUST01382,Kiran Sinha,27,Male,Kanpur,2025-11-05,11:11,Personal Care,Sanitary Pads,5,180.65,903.25,Debit Card,5
CUST01383,Ishita Chopra,23,Female,Coimbatore,2025-07-06,16:59,Toys & Baby,Stroller,1,3131.42,3131.42,Credit Card,4
CUST01384,Kiran Ghosh,27,Male,Vadodara,2024-05-22,14:36,Home & Kitchen,Bed Sheet Set,1,7856.36,7856.36,Cash,5
CUST01385,Anjali Dutta,55,Female,Ahmedabad,2025-07-13,09:10,Clothing,Innerwear Pack,5,1044.21,5221.05,Debit Card,1
CUST01386,Mohit Gupta,56,Male,Coimbatore,2025-12-09,13:32,Toys & Baby,Board Game,6,2433.07,14598.42,UPI,3
CUST01387,Naveen Thakur,39,Male,Chandigarh,2025-06-03,16:51,Groceries,Milk 1L,4,394.34,1577.36,Credit Card,5
CUST01388,Divya Tiwari,29,Male,Ludhiana,2025-11-03,11:01,Clothing,Sports Shoes,4,788.97,3155.88,Net Banking,5
CUST01389,Shalini Saxena,22,Male,Kochi,2025-05-19,15:34,Home & Kitchen,Vacuum Cleaner,4,4941.89,19767.56,Debit Card,5
CUST01390,Rajendra Trivedi,63,Male,Chennai,2024-02-09,21:41,Electronics,Smartwatch,2,22630.7,45261.4,Net Banking,5
CUST01391,Seema Sharma,43,Male,Coimbatore,2024-10-02,09:42,Home & Kitchen,Curtains,3,557.2,1671.6,UPI,5
CUST01392,Rakesh Chandra,39,Female,Agra,2025-07-08,11:49,Groceries,Wheat Flour 10kg,2,203.78,407.56,Walmart Gift Card,5
CUST01393,Komal Agarwal,34,Male,Vadodara,2024-12-27,18:18,Electronics,Smartwatch,4,9467.94,37871.76,Debit Card,4
CUST01394,Meera Shetty,65,Female,Nagpur,2025-08-09,10:21,Toys & Baby,Building Blocks,2,2230.11,4460.22,Cash,3
CUST01395,Pallavi Patel,61,Female,Kolkata,2025-05-09,11:58,Clothing,Cotton Saree,6,2970.8,17824.8,UPI,5
CUST01396,Nisha Ghosh,28,Female,Agra,2025-12-03,14:06,Groceries,Sugar 1kg,3,341.36,1024.08,Debit Card,2
CUST01397,Ravi Chauhan,41,Male,Chandigarh,2025-07-26,14:01,Clothing,Formal Shirt,4,2861.34,11445.36,Net Banking,5
CUST01398,Ashish Bhatt,34,Male,Mumbai,2025-06-08,18:04,Groceries,Coffee 200g,1,532.76,532.76,Credit Card,5
CUST01399,Payal Chopra,21,Male,Vadodara,2024-02-08,10:53,Toys & Baby,Stroller,5,1020.47,5102.35,UPI,4
CUST01400,Ravi Pandey,23,Female,Lucknow,2024-08-09,20:11,Clothing,Cotton Saree,3,806.32,2418.96,UPI,4
CUST01401,Neelam Bansal,64,Male,Ahmedabad,2025-09-27,13:54,Personal Care,Razor Pack,3,98.47,295.41,Debit Card,2
CUST01402,Rajat Patel,20,Female,Kolkata,2024-05-04,20:37,Clothing,Innerwear Pack,5,2856.93,14284.65,Net Banking,5
CUST01403,Neha Thakur,64,Male,Patna,2025-06-10,17:35,Groceries,Milk 1L,2,179.26,358.52,UPI,5
CUST01404,Deepak Nair,39,Female,Indore,2025-04-05,17:28,Groceries,Milk 1L,5,328.54,1642.7,UPI,4
CUST01405,Nisha Nair,49,Female,Vadodara,2025-08-25,15:23,Electronics,Microwave Oven,5,28742.02,143710.1,UPI,4
CUST01406,Vivek Nagar,26,Female,Nashik,2024-12-06,09:08,Furniture,Office Chair,6,11560.52,69363.12,Credit Card,1
CUST01407,Anjali Iyer,37,Female,Chandigarh,2024-05-14,19:56,Groceries,Sugar 1kg,1,577.15,577.15,Credit Card,5
CUST01408,Siddharth Kumar,31,Male,Surat,2025-10-10,15:35,Electronics,LED TV 43-inch,5,9820.83,49104.15,Walmart Gift Card,3
CUST01409,Sanjay Bhatt,37,Female,Vadodara,2025-05-17,11:31,Clothing,Sports Shoes,4,1862.69,7450.76,Walmart Gift Card,4
CUST01410,Sandeep Rathore,58,Female,Kochi,2024-05-12,14:54,Sports & Fitness,Skipping Rope,2,11254.12,22508.24,Net Banking,3
CUST01411,Komal Bhatt,31,Male,Vadodara,2024-04-18,20:08,Groceries,Cooking Oil 1L,6,348.85,2093.1,Debit Card,2
CUST01412,Suresh Kapoor,56,Male,Chandigarh,2025-01-21,20:00,Groceries,Toor Dal 1kg,5,100.93,504.65,Credit Card,4
CUST01413,Neelam Bose,49,Male,Pune,2024-06-18,21:30,Personal Care,Razor Pack,3,80.35,241.05,Cash,2
CUST01414,Vishal Malhotra,29,Female,Patna,2025-07-29,19:17,Clothing,Formal Shirt,6,2926.56,17559.36,Cash,3
CUST01415,Rakesh Iyer,54,Male,Surat,2025-11-16,20:29,Groceries,Wheat Flour 10kg,5,499.17,2495.85,Cash,4
CUST01416,Kavita Das,21,Male,Visakhapatnam,2024-03-05,16:43,Clothing,Women's Kurti,6,1539.12,9234.72,Debit Card,4
CUST01417,Pankaj Joshi,54,Male,Mumbai,2025-08-03,18:13,Electronics,Smartphone,2,26287.84,52575.68,Walmart Gift Card,5
CUST01418,Nisha Mehta,64,Female,Surat,2024-08-29,17:35,Home & Kitchen,Wall Clock,1,5176.81,5176.81,Debit Card,4
CUST01419,Nisha Yadav,59,Female,Visakhapatnam,2025-07-23,13:17,Sports & Fitness,Water Bottle Sports,5,3207.16,16035.8,Cash,2
CUST01420,Ashish Kulkarni,65,Female,Ahmedabad,2024-01-21,18:21,Groceries,Bread Loaf,3,185.92,557.76,UPI,4
CUST01421,Jyoti Chandra,63,Male,Kolkata,2024-07-10,18:11,Furniture,Recliner,5,11811.71,59058.55,Cash,2
CUST01422,Deepak Singh,39,Male,Coimbatore,2024-04-25,12:31,Furniture,Wardrobe,5,22900.59,114502.95,Walmart Gift Card,5
CUST01423,Meera Kaur,53,Male,Chennai,2025-02-10,20:50,Groceries,Wheat Flour 10kg,2,486.28,972.56,Walmart Gift Card,1
CUST01424,Rajesh Malhotra,20,Male,Jaipur,2025-12-03,16:33,Personal Care,Razor Pack,5,741.1,3705.5,Net Banking,5
CUST01425,Yash Joshi,62,Female,Coimbatore,2025-02-07,09:51,Clothing,Kids Jeans,2,2002.92,4005.84,Credit Card,4
CUST01426,Rahul Agarwal,37,Male,Nagpur,2025-04-16,10:22,Home & Kitchen,Wall Clock,5,2667.76,13338.8,Debit Card,4
CUST01427,Divya Verma,27,Male,Kochi,2024-11-06,12:30,Sports & Fitness,Treadmill,6,555.64,3333.84,UPI,4
CUST01428,Neha Chandra,30,Male,Agra,2025-08-30,16:05,Clothing,Casual Sneakers,1,828.65,828.65,Net Banking,2
CUST01429,Ankit Das,21,Male,Kochi,2025-12-04,20:29,Groceries,Sugar 1kg,2,114.94,229.88,Cash,5
CUST01430,Meera Singh,25,Male,Hyderabad,2024-07-04,09:07,Groceries,Bread Loaf,1,121.23,121.23,Net Banking,1
CUST01431,Madhuri Nair,64,Female,Coimbatore,2024-07-21,18:47,Personal Care,Soap Bar Pack,4,843.22,3372.88,Walmart Gift Card,4
CUST01432,Vikram Bhatt,54,Male,Indore,2024-07-02,16:41,Electronics,Laptop,5,1392.68,6963.4,Walmart Gift Card,4
CUST01433,Mahesh Mehta,27,Female,Kolkata,2025-11-30,15:40,Groceries,Toor Dal 1kg,1,484.41,484.41,Net Banking,3
CUST01434,Tanvi Sharma,54,Female,Chennai,2025-08-28,12:44,Groceries,Toor Dal 1kg,4,120.84,483.36,UPI,5
CUST01435,Rakesh Kumar,65,Male,Pune,2025-12-12,18:31,Personal Care,Sunscreen,5,350.0,1750.0,Credit Card,2
CUST01436,Simran Kulkarni,25,Male,Jaipur,2025-01-10,15:19,Groceries,Milk 1L,5,229.65,1148.25,Debit Card,4
CUST01437,Sneha Bose,22,Male,Mumbai,2025-01-05,18:10,Groceries,Eggs (12 pack),1,282.35,282.35,Cash,4
CUST01438,Jyoti Agarwal,21,Male,Nashik,2024-03-28,15:27,Home & Kitchen,Vacuum Cleaner,6,5814.15,34884.9,Net Banking,1
CUST01439,Ajay Rao,26,Male,Lucknow,2024-06-11,19:40,Clothing,Women's Kurti,3,1128.45,3385.35,Walmart Gift Card,1
CUST01440,Gaurav Bhatt,20,Male,Delhi,2025-02-19,16:36,Groceries,Coffee 200g,3,549.39,1648.17,Walmart Gift Card,5
CUST01441,Komal Pillai,37,Male,Kanpur,2024-06-25,12:16,Clothing,Cotton Saree,3,1033.87,3101.61,Cash,2
CUST01442,Meera Bose,47,Female,Mumbai,2025-06-10,10:02,Groceries,Tea Powder 500g,1,473.04,473.04,Debit Card,1
CUST01443,Ajay Dutta,32,Male,Bhopal,2025-06-12,09:34,Electronics,Bluetooth Headphones,4,7954.85,31819.4,Credit Card,2
CUST01444,Abhishek Rathore,24,Male,Agra,2025-04-19,10:12,Groceries,Wheat Flour 10kg,3,437.37,1312.11,Net Banking,1
CUST01445,Ajay Rathore,24,Male,Delhi,2024-02-18,13:23,Clothing,Winter Jacket,3,469.2,1407.6,Net Banking,4
CUST01446,Ashish Pandey,30,Female,Kolkata,2025-03-21,11:22,Groceries,Sugar 1kg,1,59.59,59.59,Net Banking,5
CUST01447,Madhuri Pillai,63,Female,Nashik,2024-01-06,14:12,Electronics,LED TV 43-inch,2,6125.94,12251.88,Walmart Gift Card,4
CUST01448,Kiran Chopra,46,Female,Indore,2025-08-22,10:33,Furniture,TV Unit,2,3354.94,6709.88,Debit Card,3
CUST01449,Tarun Verma,20,Male,Jaipur,2024-12-04,19:37,Clothing,Sports Shoes,1,1104.15,1104.15,Credit Card,2
CUST01450,Manish Singh,46,Female,Coimbatore,2025-11-01,13:37,Clothing,Formal Shirt,1,304.03,304.03,Debit Card,2
CUST01451,Varun Ghosh,18,Female,Ahmedabad,2024-02-13,13:39,Home & Kitchen,Pressure Cooker,3,6307.99,18923.97,Net Banking,1
CUST01452,Naveen Thakur,49,Female,Nashik,2024-03-07,12:29,Clothing,Casual Sneakers,6,865.12,5190.72,Net Banking,5
CUST01453,Ritu Menon,42,Female,Hyderabad,2025-05-11,13:03,Clothing,Sports Shoes,1,658.21,658.21,Cash,5
CUST01454,Varun Desai,32,Male,Surat,2025-06-11,19:37,Clothing,Winter Jacket,6,2144.43,12866.58,Net Banking,4
CUST01455,Manish Chandra,46,Male,Bangalore,2025-11-07,11:01,Personal Care,Hair Oil,2,802.08,1604.16,Debit Card,5
CUST01456,Rohan Nagar,47,Male,Hyderabad,2025-11-06,09:40,Groceries,Basmati Rice 5kg,2,413.42,826.84,Walmart Gift Card,4
CUST01457,Sanjay Shetty,23,Male,Kanpur,2025-05-31,21:37,Personal Care,Sunscreen,5,490.88,2454.4,Cash,3
CUST01458,Manish Patel,46,Male,Kochi,2024-10-23,19:32,Toys & Baby,Baby Powder,6,2391.82,14350.92,Credit Card,2
CUST01459,Vandana Das,34,Female,Ludhiana,2024-12-30,17:32,Groceries,Wheat Flour 10kg,4,570.74,2282.96,Walmart Gift Card,4
CUST01460,Pankaj Nagar,41,Female,Mumbai,2024-02-17,15:30,Clothing,Men's T-Shirt,1,963.63,963.63,UPI,5
CUST01461,Divya Malhotra,30,Female,Agra,2025-10-25,19:05,Groceries,Coffee 200g,4,100.33,401.32,Debit Card,5
CUST01462,Varun Chopra,56,Female,Ludhiana,2025-02-05,18:42,Furniture,Bookshelf,4,18565.83,74263.32,Cash,1
CUST01463,Varun Gupta,55,Female,Ahmedabad,2025-03-09,10:22,Personal Care,Hair Oil,1,723.7,723.7,Cash,1
CUST01464,Jyoti Dutta,59,Male,Kolkata,2025-01-21,14:06,Clothing,School Uniform,5,866.36,4331.8,Cash,5
CUST01465,Swati Bhatt,58,Male,Nashik,2025-07-13,12:46,Furniture,Bed Frame,5,10343.39,51716.95,UPI,5
CUST01466,Sneha Agarwal,46,Female,Chennai,2024-04-14,15:09,Groceries,Basmati Rice 5kg,2,358.46,716.92,Debit Card,5
CUST01467,Kritika Menon,35,Male,Mumbai,2025-02-13,17:44,Clothing,Innerwear Pack,2,981.28,1962.56,Net Banking,4
CUST01468,Anjali Pillai,26,Female,Nagpur,2024-03-10,15:01,Clothing,School Uniform,4,1905.34,7621.36,Net Banking,2
CUST01469,Divya Pandey,22,Male,Hyderabad,2025-09-06,19:52,Home & Kitchen,Curtains,3,5340.27,16020.81,Debit Card,4
CUST01470,Ajay Mehta,32,Male,Patna,2024-09-11,09:58,Personal Care,Shampoo 340ml,3,216.73,650.19,UPI,5
CUST01471,Usha Mehta,43,Female,Visakhapatnam,2024-10-12,21:19,Groceries,Cooking Oil 1L,3,548.54,1645.62,Cash,3
CUST01472,Pallavi Reddy,57,Male,Indore,2024-10-07,09:50,Electronics,LED TV 43-inch,2,31608.04,63216.08,Net Banking,5
CUST01473,Kiran Kumar,48,Female,Kochi,2025-08-31,17:36,Groceries,Tea Powder 500g,2,435.11,870.22,Net Banking,1
CUST01474,Vandana Shetty,64,Male,Nagpur,2024-03-22,16:17,Clothing,School Uniform,2,516.47,1032.94,Cash,2
CUST01475,Gaurav Yadav,57,Male,Nagpur,2025-11-10,17:39,Home & Kitchen,Dinner Set,5,3464.15,17320.75,Debit Card,5
CUST01476,Pankaj Pandey,50,Female,Agra,2024-09-24,14:51,Electronics,Bluetooth Headphones,3,15840.6,47521.8,Walmart Gift Card,1
CUST01477,Manish Reddy,57,Male,Kochi,2025-05-04,14:15,Home & Kitchen,Bed Sheet Set,1,6781.83,6781.83,Walmart Gift Card,5
CUST01478,Anjali Tiwari,25,Male,Patna,2025-07-04,21:49,Groceries,Basmati Rice 5kg,2,507.89,1015.78,Net Banking,5
CUST01479,Nikhil Menon,38,Male,Indore,2024-09-23,14:23,Sports & Fitness,Cricket Bat,1,7817.08,7817.08,Net Banking,1
CUST01480,Rakesh Trivedi,18,Male,Mumbai,2024-11-01,17:37,Home & Kitchen,Wall Clock,3,6484.9,19454.7,UPI,3
CUST01481,Rohan Bhatt,42,Female,Coimbatore,2025-05-24,15:03,Toys & Baby,Baby Powder,5,1796.14,8980.7,UPI,5
CUST01482,Pallavi Chopra,18,Female,Surat,2024-12-14,17:57,Clothing,Cotton Saree,4,2329.73,9318.92,Credit Card,5
CUST01483,Bhavna Yadav,32,Male,Vadodara,2025-01-13,13:51,Toys & Baby,Baby Diapers Pack,4,610.34,2441.36,Cash,5
CUST01484,Suresh Malhotra,44,Female,Visakhapatnam,2025-09-10,18:22,Electronics,Bluetooth Headphones,4,28761.98,115047.92,Debit Card,1
CUST01485,Priya Pillai,28,Male,Hyderabad,2025-04-07,15:56,Groceries,Toor Dal 1kg,2,579.8,1159.6,Cash,5
CUST01486,Bhavna Das,26,Female,Nashik,2024-10-14,20:06,Groceries,Basmati Rice 5kg,1,93.49,93.49,Credit Card,5
CUST01487,Rajendra Bose,52,Female,Delhi,2025-08-25,17:25,Groceries,Tea Powder 500g,1,109.59,109.59,Cash,5
CUST01488,Suresh Kapoor,23,Male,Agra,2024-01-14,21:17,Home & Kitchen,Water Bottle,4,7456.19,29824.76,Cash,3
CUST01489,Ajay Bose,28,Female,Bangalore,2025-06-25,13:14,Groceries,Wheat Flour 10kg,2,79.41,158.82,Walmart Gift Card,5
CUST01490,Tanvi Rao,45,Female,Visakhapatnam,2025-07-21,14:52,Home & Kitchen,Storage Containers,5,527.54,2637.7,Walmart Gift Card,3
CUST01491,Komal Bose,50,Male,Lucknow,2025-05-30,14:56,Groceries,Tea Powder 500g,6,463.15,2778.9,UPI,5
CUST01492,Varun Singh,20,Female,Jaipur,2024-12-12,20:09,Electronics,Washing Machine,3,29627.55,88882.65,Debit Card,2
CUST01493,Manish Nair,30,Male,Visakhapatnam,2025-05-18,19:39,Sports & Fitness,Badminton Racket,5,9298.69,46493.45,Walmart Gift Card,2
CUST01494,Madhuri Rathore,43,Male,Ahmedabad,2024-07-15,17:34,Home & Kitchen,Bed Sheet Set,4,1482.31,5929.24,Cash,3
CUST01495,Pooja Bansal,40,Male,Chandigarh,2024-09-09,09:16,Clothing,Women's Kurti,5,2406.1,12030.5,UPI,4
CUST01496,Vikram Saxena,56,Male,Surat,2024-08-22,14:54,Personal Care,Soap Bar Pack,2,284.08,568.16,Debit Card,4
CUST01497,Priya Gupta,62,Male,Vadodara,2024-10-20,17:57,Groceries,Bread Loaf,4,310.79,1243.16,Credit Card,5
CUST01498,Yash Malhotra,35,Female,Jaipur,2024-02-24,17:13,Furniture,Dining Table,3,7654.36,22963.08,Net Banking,5
CUST01499,Karan Bansal,56,Male,Bhopal,2025-12-03,19:48,Personal Care,Soap Bar Pack,1,73.08,73.08,Walmart Gift Card,5
CUST01500,Aditya Thakur,25,Male,Ludhiana,2025-07-05,20:24,Clothing,School Uniform,5,2067.94,10339.7,Net Banking,5
CUST01501,Seema Nagar,27,Male,Lucknow,2024-05-16,16:06,Sports & Fitness,Treadmill,4,8765.87,35063.48,UPI,5
CUST01502,Meera Bose,42,Male,Delhi,2025-01-25,20:16,Toys & Baby,Kids Bicycle,5,3016.03,15080.15,Debit Card,4
CUST01503,Suresh Joshi,53,Male,Agra,2024-04-15,11:07,Clothing,School Uniform,2,905.23,1810.46,Walmart Gift Card,5
CUST01504,Sneha Das,28,Male,Kolkata,2025-07-24,12:10,Clothing,School Uniform,1,2207.15,2207.15,Debit Card,2
CUST01505,Anjali Reddy,18,Male,Ahmedabad,2025-06-18,15:29,Groceries,Basmati Rice 5kg,1,84.67,84.67,Cash,5
CUST01506,Manish Gupta,19,Female,Visakhapatnam,2024-10-29,12:23,Electronics,LED TV 43-inch,5,4495.62,22478.1,Cash,2
CUST01507,Rajat Singh,64,Male,Ludhiana,2024-03-28,18:32,Electronics,Washing Machine,6,11583.41,69500.46,Credit Card,5
CUST01508,Shalini Menon,53,Male,Pune,2025-11-23,21:06,Electronics,Refrigerator,5,14784.54,73922.7,Credit Card,1
CUST01509,Anita Verma,47,Female,Kolkata,2025-08-25,15:28,Groceries,Toor Dal 1kg,3,573.87,1721.61,Credit Card,5
CUST01510,Rahul Gupta,45,Female,Coimbatore,2025-10-24,15:58,Electronics,Microwave Oven,1,4063.1,4063.1,UPI,4
CUST01511,Divya Patel,63,Male,Lucknow,2025-02-12,18:52,Groceries,Eggs (12 pack),5,228.16,1140.8,Net Banking,4
CUST01512,Tarun Gupta,51,Male,Kanpur,2024-07-26,13:35,Personal Care,Body Lotion,4,412.54,1650.16,Debit Card,5
CUST01513,Sunil Ghosh,54,Female,Kolkata,2025-07-06,15:35,Electronics,Mixer Grinder,1,24135.59,24135.59,Net Banking,2
CUST01514,Tarun Sinha,61,Female,Nashik,2025-03-15,11:23,Groceries,Basmati Rice 5kg,3,491.57,1474.71,Cash,2
CUST01515,Vishal Saxena,19,Male,Chennai,2025-12-19,21:22,Groceries,Wheat Flour 10kg,2,287.39,574.78,Cash,3
CUST01516,Rakesh Sharma,37,Male,Ludhiana,2024-03-15,21:29,Toys & Baby,Kids Bicycle,3,3744.64,11233.92,UPI,5
CUST01517,Usha Yadav,25,Female,Patna,2025-05-14,13:24,Clothing,Women's Kurti,6,2306.87,13841.22,Net Banking,3
CUST01518,Pooja Mehta,52,Male,Jaipur,2025-03-22,13:11,Groceries,Coffee 200g,4,566.98,2267.92,Debit Card,3
CUST01519,Payal Mishra,50,Male,Bhopal,2024-09-29,11:06,Groceries,Toor Dal 1kg,6,452.28,2713.68,Net Banking,5
CUST01520,Aarti Chauhan,49,Male,Surat,2025-08-14,11:08,Clothing,School Uniform,2,257.94,515.88,UPI,5
CUST01521,Amit Ghosh,19,Male,Bangalore,2025-02-23,13:03,Home & Kitchen,Curtains,6,7203.04,43218.24,Cash,3
CUST01522,Preeti Nair,35,Female,Kolkata,2024-10-13,09:03,Clothing,School Uniform,5,1152.27,5761.35,Credit Card,5
CUST01523,Mahesh Sinha,29,Male,Visakhapatnam,2025-03-05,10:24,Electronics,Mixer Grinder,2,4781.95,9563.9,Net Banking,5
CUST01524,Amit Bansal,22,Male,Kanpur,2025-01-15,09:39,Sports & Fitness,Yoga Mat,1,1919.3,1919.3,Debit Card,5
CUST01525,Kavita Patel,38,Male,Indore,2025-03-27,09:52,Groceries,Basmati Rice 5kg,6,249.5,1497.0,Net Banking,3
CUST01526,Anita Gupta,20,Female,Bangalore,2024-01-05,16:16,Toys & Baby,Kids Bicycle,3,2753.89,8261.67,Walmart Gift Card,2
CUST01527,Rajendra Ghosh,37,Female,Visakhapatnam,2025-02-27,18:35,Electronics,Smartphone,5,23868.11,119340.55,Net Banking,4
CUST01528,Ajay Tiwari,26,Female,Jaipur,2024-03-31,18:50,Sports & Fitness,Dumbbells Set,4,12577.72,50310.88,Walmart Gift Card,3
CUST01529,Tarun Kapoor,37,Male,Pune,2024-02-16,11:22,Furniture,Office Chair,1,7558.7,7558.7,Net Banking,5
CUST01530,Gaurav Malhotra,22,Female,Lucknow,2024-09-04,14:55,Groceries,Milk 1L,4,190.82,763.28,Debit Card,5
CUST01531,Seema Singh,43,Female,Ludhiana,2025-07-15,12:45,Clothing,Sports Shoes,4,782.83,3131.32,UPI,4
CUST01532,Vandana Nagar,30,Female,Kolkata,2025-10-07,13:25,Electronics,Laptop,4,41514.27,166057.08,Debit Card,1
CUST01533,Mohit Mishra,21,Female,Bhopal,2025-09-26,14:22,Furniture,Study Table,4,9962.49,39849.96,Credit Card,5
CUST01534,Ravi Chopra,31,Male,Kochi,2024-12-07,21:20,Toys & Baby,Kids Bicycle,1,2209.28,2209.28,Credit Card,1
CUST01535,Jyoti Pandey,64,Male,Coimbatore,2024-03-26,10:29,Sports & Fitness,Dumbbells Set,2,1676.0,3352.0,Net Banking,5
CUST01536,Sanjay Thakur,61,Male,Chennai,2025-11-29,15:03,Electronics,Microwave Oven,6,42455.38,254732.28,Walmart Gift Card,3
CUST01537,Nisha Verma,43,Female,Ahmedabad,2025-11-29,11:00,Electronics,Microwave Oven,6,42369.96,254219.76,Credit Card,3
CUST01538,Swati Rathore,38,Female,Delhi,2024-03-21,14:07,Groceries,Bread Loaf,6,555.44,3332.64,UPI,4
CUST01539,Swati Tiwari,59,Female,Bhopal,2024-10-16,09:53,Home & Kitchen,Wall Clock,3,401.13,1203.39,Cash,2
CUST01540,Pankaj Kapoor,26,Female,Nashik,2025-11-21,14:41,Home & Kitchen,Water Bottle,6,5983.83,35902.98,Credit Card,4
CUST01541,Karan Singh,18,Female,Lucknow,2024-01-13,12:44,Sports & Fitness,Water Bottle Sports,2,14553.55,29107.1,Net Banking,2
CUST01542,Amit Agarwal,40,Male,Delhi,2025-12-16,21:18,Toys & Baby,Board Game,1,2075.28,2075.28,Credit Card,2
CUST01543,Vandana Pandey,58,Male,Ahmedabad,2024-06-27,17:22,Sports & Fitness,Treadmill,5,9325.67,46628.35,UPI,4
CUST01544,Komal Ghosh,39,Male,Delhi,2025-05-13,18:36,Electronics,Bluetooth Headphones,1,3422.16,3422.16,Credit Card,1
CUST01545,Ravi Ghosh,45,Male,Bangalore,2025-12-13,12:30,Clothing,Casual Sneakers,4,972.61,3890.44,Net Banking,4
CUST01546,Suresh Joshi,60,Male,Agra,2025-01-18,12:01,Toys & Baby,Feeding Bottle,5,2825.67,14128.35,Credit Card,5
CUST01547,Ashish Kulkarni,42,Male,Surat,2024-01-12,10:31,Electronics,Laptop,2,28773.43,57546.86,Debit Card,5
CUST01548,Siddharth Bose,26,Female,Kolkata,2025-08-19,09:40,Electronics,Mixer Grinder,5,12060.89,60304.45,Debit Card,3
CUST01549,Gaurav Rao,37,Female,Hyderabad,2025-03-07,19:02,Groceries,Basmati Rice 5kg,5,71.91,359.55,UPI,4
CUST01550,Amit Shetty,53,Female,Vadodara,2024-04-29,10:24,Electronics,LED TV 43-inch,2,39978.81,79957.62,Cash,5
CUST01551,Gaurav Nair,57,Male,Lucknow,2025-07-30,17:50,Furniture,Dining Table,4,9350.95,37403.8,Net Banking,5
CUST01552,Ishita Ghosh,29,Male,Kolkata,2025-02-08,09:14,Home & Kitchen,Wall Clock,4,2596.73,10386.92,Debit Card,5
CUST01553,Vivek Sharma,62,Male,Bhopal,2025-04-18,16:56,Electronics,Air Conditioner,2,4236.01,8472.02,Credit Card,3
CUST01554,Amit Rathore,25,Male,Kanpur,2024-01-07,11:12,Toys & Baby,Building Blocks,6,3032.54,18195.24,Cash,3
CUST01555,Sanjay Thakur,64,Male,Bangalore,2025-05-15,20:00,Electronics,Air Conditioner,1,23883.63,23883.63,Walmart Gift Card,5
CUST01556,Sanjay Pillai,24,Male,Vadodara,2025-07-17,10:46,Clothing,School Uniform,3,1163.87,3491.61,Net Banking,5
CUST01557,Alka Bansal,28,Male,Nagpur,2024-12-13,12:30,Home & Kitchen,Non-stick Pan,6,545.2,3271.2,Net Banking,4
CUST01558,Karan Dutta,42,Male,Vadodara,2024-10-09,14:56,Furniture,Wardrobe,2,20387.09,40774.18,UPI,1
CUST01559,Sanjay Nagar,26,Male,Kochi,2025-07-18,12:39,Personal Care,Face Wash,1,105.34,105.34,UPI,3
CUST01560,Simran Nair,60,Male,Delhi,2024-10-12,19:13,Electronics,Microwave Oven,3,22337.54,67012.62,Walmart Gift Card,3
CUST01561,Seema Reddy,22,Female,Kanpur,2024-05-09,20:40,Home & Kitchen,Curtains,6,230.13,1380.78,Walmart Gift Card,1
CUST01562,Suresh Gupta,58,Male,Delhi,2024-05-13,20:28,Electronics,Smartphone,2,38474.99,76949.98,Cash,5
CUST01563,Suresh Mehta,33,Female,Visakhapatnam,2024-12-09,09:26,Groceries,Cooking Oil 1L,5,101.45,507.25,UPI,5
CUST01564,Anita Sharma,61,Male,Kanpur,2025-03-26,16:29,Personal Care,Sunscreen,2,845.32,1690.64,UPI,5
CUST01565,Sanjay Chandra,52,Male,Chennai,2025-09-04,10:26,Personal Care,Shampoo 340ml,6,196.0,1176.0,Walmart Gift Card,2
CUST01566,Tarun Pandey,42,Male,Kolkata,2024-01-30,13:15,Home & Kitchen,Table Lamp,2,1086.75,2173.5,Walmart Gift Card,4
CUST01567,Karan Chandra,42,Female,Kolkata,2025-03-05,16:00,Groceries,Wheat Flour 10kg,2,566.39,1132.78,Net Banking,1
CUST01568,Abhishek Das,53,Female,Indore,2024-02-11,15:14,Toys & Baby,Board Game,4,3820.78,15283.12,Walmart Gift Card,5
CUST01569,Shreya Patel,54,Female,Kanpur,2024-09-17,13:41,Electronics,Microwave Oven,5,13482.74,67413.7,Credit Card,5
CUST01570,Rekha Das,30,Female,Nashik,2024-01-09,13:41,Personal Care,Body Lotion,5,410.14,2050.7,Net Banking,5
CUST01571,Nisha Kulkarni,30,Male,Kolkata,2024-05-30,13:13,Electronics,Refrigerator,1,4709.92,4709.92,Cash,3
CUST01572,Tanvi Dutta,62,Female,Jaipur,2025-06-09,19:56,Personal Care,Toothpaste,6,492.34,2954.04,Credit Card,5
CUST01573,Sanjay Chandra,44,Male,Chandigarh,2025-09-07,18:43,Groceries,Toor Dal 1kg,6,96.55,579.3,Cash,4
CUST01574,Gaurav Kapoor,53,Female,Ahmedabad,2024-07-10,14:42,Furniture,Bed Frame,4,24391.55,97566.2,Credit Card,5
CUST01575,Sunil Desai,32,Male,Jaipur,2024-03-21,20:53,Sports & Fitness,Yoga Mat,6,3765.11,22590.66,UPI,5
CUST01576,Kiran Verma,41,Female,Kanpur,2024-10-02,16:21,Toys & Baby,Board Game,6,2298.49,13790.94,Cash,5
CUST01577,Varun Mishra,30,Female,Ahmedabad,2024-10-04,15:24,Clothing,Innerwear Pack,4,2975.6,11902.4,Walmart Gift Card,5
CUST01578,Karan Pillai,31,Female,Chennai,2025-07-02,20:58,Groceries,Milk 1L,3,253.47,760.41,Credit Card,5
CUST01579,Bhavna Nagar,23,Female,Kolkata,2025-01-15,18:24,Personal Care,Sunscreen,2,331.4,662.8,Cash,4
CUST01580,Madhuri Malhotra,25,Male,Mumbai,2025-08-25,10:17,Clothing,Formal Shirt,2,908.89,1817.78,Debit Card,5
CUST01581,Ritu Bhatt,21,Female,Chandigarh,2024-06-10,15:52,Clothing,Winter Jacket,2,2429.76,4859.52,Credit Card,4
CUST01582,Siddharth Pandey,31,Male,Bhopal,2024-08-19,10:58,Home & Kitchen,Curtains,6,6197.01,37182.06,Walmart Gift Card,1
CUST01583,Sneha Shetty,59,Male,Patna,2024-05-03,10:23,Sports & Fitness,Treadmill,2,2302.91,4605.82,Walmart Gift Card,5
CUST01584,Divya Dutta,35,Female,Kolkata,2025-03-19,17:51,Groceries,Toor Dal 1kg,6,542.94,3257.64,Cash,4
CUST01585,Varun Trivedi,21,Male,Patna,2025-11-23,09:44,Groceries,Cooking Oil 1L,6,563.57,3381.42,Net Banking,5
CUST01586,Tanvi Iyer,32,Female,Bhopal,2024-11-27,15:12,Clothing,Innerwear Pack,4,1350.84,5403.36,Debit Card,5
CUST01587,Amit Reddy,35,Male,Chandigarh,2025-07-03,10:01,Toys & Baby,Stroller,2,3273.32,6546.64,UPI,5
CUST01588,Mahesh Gupta,20,Male,Chennai,2024-11-12,11:20,Clothing,Kids Jeans,6,602.06,3612.36,Cash,4
CUST01589,Ritu Pillai,19,Female,Ahmedabad,2025-06-25,21:40,Sports & Fitness,Dumbbells Set,2,11493.34,22986.68,Walmart Gift Card,2
CUST01590,Jyoti Chopra,20,Male,Hyderabad,2024-06-06,17:49,Groceries,Coffee 200g,3,243.09,729.27,Cash,3
CUST01591,Sneha Thakur,59,Male,Agra,2025-01-17,18:22,Personal Care,Razor Pack,2,348.93,697.86,Walmart Gift Card,4
CUST01592,Aditya Iyer,28,Male,Chandigarh,2024-07-13,17:38,Personal Care,Razor Pack,2,647.42,1294.84,Net Banking,3
CUST01593,Amit Bhatt,41,Female,Visakhapatnam,2024-08-20,15:27,Personal Care,Body Lotion,3,249.42,748.26,Credit Card,5
CUST01594,Vikram Bansal,43,Male,Delhi,2025-02-02,18:31,Home & Kitchen,Vacuum Cleaner,1,4164.89,4164.89,Credit Card,3
CUST01595,Anita Saxena,20,Male,Mumbai,2025-10-22,17:14,Clothing,Kids Jeans,4,524.39,2097.56,Net Banking,3
CUST01596,Divya Trivedi,60,Female,Visakhapatnam,2025-05-04,12:20,Personal Care,Soap Bar Pack,3,714.65,2143.95,Cash,4
CUST01597,Suresh Iyer,31,Male,Visakhapatnam,2025-06-04,09:40,Sports & Fitness,Cricket Bat,2,13810.71,27621.42,Credit Card,4
CUST01598,Harsh Iyer,40,Male,Visakhapatnam,2024-12-28,15:03,Toys & Baby,Toy Car,2,2963.58,5927.16,Cash,3
CUST01599,Tanvi Joshi,41,Male,Nagpur,2025-10-25,10:34,Groceries,Eggs (12 pack),2,86.67,173.34,Credit Card,4
CUST01600,Ravi Trivedi,35,Male,Ahmedabad,2024-11-08,21:07,Groceries,Milk 1L,2,521.22,1042.44,Walmart Gift Card,5
CUST01601,Shreya Sharma,60,Male,Ahmedabad,2025-06-04,21:18,Personal Care,Face Wash,4,615.32,2461.28,Walmart Gift Card,5
CUST01602,Simran Ghosh,64,Female,Coimbatore,2025-05-02,09:23,Electronics,Bluetooth Headphones,3,33087.99,99263.97,UPI,4
CUST01603,Pooja Malhotra,58,Male,Kanpur,2025-11-20,14:21,Groceries,Toor Dal 1kg,1,92.62,92.62,Cash,4
CUST01604,Rahul Ghosh,60,Male,Agra,2025-04-06,17:31,Personal Care,Sunscreen,2,556.39,1112.78,UPI,3
CUST01605,Neha Bansal,18,Male,Mumbai,2024-03-13,18:55,Electronics,Refrigerator,2,30266.53,60533.06,Walmart Gift Card,5
CUST01606,Sanjay Nair,64,Male,Chennai,2025-03-16,18:25,Electronics,Laptop,5,11569.37,57846.85,Cash,5
CUST01607,Kiran Gupta,54,Female,Pune,2024-08-24,10:51,Groceries,Bread Loaf,4,541.26,2165.04,Net Banking,3
CUST01608,Suresh Rathore,59,Female,Coimbatore,2025-06-27,17:39,Personal Care,Razor Pack,3,644.18,1932.54,Cash,5
CUST01609,Radhika Desai,58,Male,Chandigarh,2024-04-03,19:49,Personal Care,Hair Oil,2,156.84,313.68,Cash,5
CUST01610,Bhavna Kapoor,19,Female,Kolkata,2025-08-23,10:22,Groceries,Cooking Oil 1L,1,137.2,137.2,Credit Card,5
CUST01611,Ashish Saxena,35,Female,Agra,2024-02-21,09:08,Home & Kitchen,Dinner Set,4,204.07,816.28,Cash,5
CUST01612,Ravi Pandey,37,Female,Patna,2024-11-12,10:26,Clothing,Innerwear Pack,4,1880.99,7523.96,Debit Card,5
CUST01613,Yash Pillai,62,Male,Jaipur,2024-12-27,14:44,Toys & Baby,Baby Diapers Pack,1,1686.15,1686.15,Debit Card,5
CUST01614,Anita Gupta,55,Female,Jaipur,2025-03-27,10:07,Home & Kitchen,Wall Clock,2,7708.66,15417.32,Walmart Gift Card,5
CUST01615,Meera Ghosh,62,Female,Ahmedabad,2025-04-22,20:00,Electronics,LED TV 43-inch,6,17196.51,103179.06,Debit Card,5
CUST01616,Yash Reddy,28,Male,Bhopal,2024-03-21,14:39,Clothing,Winter Jacket,4,1074.2,4296.8,UPI,5
CUST01617,Ravi Tiwari,36,Female,Coimbatore,2024-10-26,20:14,Clothing,Formal Shirt,3,2322.73,6968.19,UPI,4
CUST01618,Pooja Pandey,57,Male,Nagpur,2025-09-14,12:53,Home & Kitchen,Wall Clock,5,2070.02,10350.1,Walmart Gift Card,4
CUST01619,Shalini Kaur,46,Female,Ahmedabad,2025-06-22,21:43,Home & Kitchen,Dinner Set,4,2220.79,8883.16,Walmart Gift Card,3
CUST01620,Ankit Rao,21,Female,Vadodara,2024-08-11,18:42,Clothing,Innerwear Pack,6,1561.83,9370.98,Net Banking,4
CUST01621,Sanjay Desai,28,Male,Mumbai,2025-12-08,11:07,Sports & Fitness,Water Bottle Sports,4,2110.51,8442.04,Cash,1
CUST01622,Payal Yadav,37,Female,Pune,2025-08-22,11:54,Electronics,Refrigerator,3,15681.17,47043.51,Debit Card,1
CUST01623,Kritika Sharma,20,Female,Jaipur,2024-05-31,20:39,Home & Kitchen,Dinner Set,4,7441.87,29767.48,Debit Card,1
CUST01624,Sneha Iyer,65,Female,Hyderabad,2025-04-17,14:54,Groceries,Wheat Flour 10kg,2,453.61,907.22,Cash,5
CUST01625,Seema Thakur,43,Male,Surat,2025-03-16,21:05,Home & Kitchen,Vacuum Cleaner,1,4509.71,4509.71,Net Banking,4
CUST01626,Karan Bose,63,Female,Ludhiana,2025-02-01,12:05,Electronics,Microwave Oven,6,15264.72,91588.32,Credit Card,4
CUST01627,Vandana Dutta,41,Male,Pune,2024-06-10,19:47,Electronics,Smartphone,2,37433.56,74867.12,Debit Card,1
CUST01628,Kritika Kapoor,37,Female,Lucknow,2024-01-20,13:14,Groceries,Bread Loaf,2,410.81,821.62,Walmart Gift Card,5
CUST01629,Neelam Nagar,65,Female,Ludhiana,2025-10-28,14:45,Toys & Baby,Baby Diapers Pack,5,3186.73,15933.65,Walmart Gift Card,3
CUST01630,Shalini Saxena,55,Male,Chennai,2025-05-13,16:56,Furniture,Office Chair,6,17072.61,102435.66,UPI,2
CUST01631,Alka Bose,30,Male,Lucknow,2025-07-03,21:50,Groceries,Milk 1L,1,135.34,135.34,UPI,1
CUST01632,Deepak Chopra,53,Female,Indore,2024-06-12,12:12,Electronics,Smartphone,4,34021.01,136084.04,Debit Card,3
CUST01633,Simran Sharma,26,Male,Chennai,2024-01-11,12:01,Electronics,Smartwatch,1,10326.26,10326.26,Debit Card,4
CUST01634,Harsh Menon,47,Female,Bangalore,2025-04-12,14:59,Personal Care,Toothpaste,6,816.76,4900.56,Credit Card,5
CUST01635,Sandeep Iyer,48,Female,Surat,2025-01-14,12:03,Groceries,Basmati Rice 5kg,2,202.9,405.8,Credit Card,3
CUST01636,Simran Kaur,53,Female,Patna,2024-05-14,09:08,Groceries,Basmati Rice 5kg,2,198.97,397.94,Net Banking,4
CUST01637,Vishal Kumar,55,Male,Bangalore,2024-05-15,13:03,Clothing,Kids Jeans,2,2070.27,4140.54,UPI,1
CUST01638,Pankaj Menon,34,Female,Kochi,2025-12-08,16:20,Personal Care,Toothpaste,4,599.44,2397.76,UPI,5
CUST01639,Kavita Chandra,56,Male,Jaipur,2025-07-03,16:09,Groceries,Milk 1L,6,347.89,2087.34,Walmart Gift Card,5
CUST01640,Ankit Mishra,50,Male,Kolkata,2025-08-21,21:44,Groceries,Coffee 200g,1,491.47,491.47,UPI,5
CUST01641,Ravi Shetty,36,Female,Vadodara,2025-10-04,12:28,Personal Care,Face Wash,2,467.79,935.58,Net Banking,2
CUST01642,Swati Mehta,26,Male,Bangalore,2025-06-09,09:15,Sports & Fitness,Dumbbells Set,5,6976.77,34883.85,Walmart Gift Card,5
CUST01643,Neelam Chandra,21,Male,Bhopal,2025-10-06,12:38,Toys & Baby,Soft Toy,3,2804.99,8414.97,Debit Card,5
CUST01644,Kavita Kaur,57,Female,Visakhapatnam,2024-04-22,16:06,Electronics,Smartwatch,3,33296.66,99889.98,Debit Card,3
CUST01645,Ankit Trivedi,42,Female,Ahmedabad,2025-01-04,13:09,Groceries,Eggs (12 pack),2,139.95,279.9,Debit Card,2
CUST01646,Rakesh Malhotra,42,Female,Coimbatore,2024-07-15,12:47,Toys & Baby,Kids Bicycle,6,1591.75,9550.5,Walmart Gift Card,1
CUST01647,Vandana Kapoor,30,Female,Lucknow,2025-06-15,16:32,Electronics,LED TV 43-inch,3,22997.39,68992.17,Net Banking,5
CUST01648,Priya Agarwal,47,Male,Kolkata,2025-06-03,19:22,Groceries,Milk 1L,5,425.71,2128.55,Credit Card,5
CUST01649,Rajesh Rathore,49,Female,Nashik,2025-11-04,12:10,Personal Care,Face Wash,4,418.8,1675.2,Net Banking,5
CUST01650,Neelam Rao,35,Male,Bhopal,2024-06-12,14:36,Furniture,Wardrobe,3,20177.57,60532.71,Debit Card,1
CUST01651,Neelam Patel,43,Female,Ludhiana,2025-01-12,18:46,Groceries,Coffee 200g,2,65.28,130.56,Debit Card,3
CUST01652,Rajat Reddy,22,Female,Indore,2025-11-11,20:37,Groceries,Cooking Oil 1L,5,224.76,1123.8,Cash,4
CUST01653,Rekha Desai,47,Male,Chandigarh,2024-07-03,09:27,Clothing,Innerwear Pack,6,1065.81,6394.86,Cash,2
CUST01654,Mohit Bose,57,Male,Chandigarh,2024-04-19,12:41,Home & Kitchen,Water Bottle,1,1677.07,1677.07,Net Banking,1
CUST01655,Anjali Agarwal,54,Male,Visakhapatnam,2024-06-04,10:53,Toys & Baby,Baby Wipes,6,426.46,2558.76,Debit Card,2
CUST01656,Komal Bhatt,50,Male,Visakhapatnam,2025-07-02,16:25,Electronics,Smartphone,4,24820.04,99280.16,UPI,1
CUST01657,Kavita Kaur,25,Female,Jaipur,2024-11-08,21:08,Home & Kitchen,Non-stick Pan,4,2578.04,10312.16,Walmart Gift Card,1
CUST01658,Anjali Saxena,29,Female,Bhopal,2025-06-17,14:49,Home & Kitchen,Vacuum Cleaner,2,6680.48,13360.96,Walmart Gift Card,5
CUST01659,Kiran Bhatt,43,Female,Kochi,2024-10-30,19:11,Groceries,Bread Loaf,6,121.12,726.72,Credit Card,3
CUST01660,Rekha Iyer,29,Male,Pune,2024-10-18,11:39,Groceries,Toor Dal 1kg,6,85.18,511.08,UPI,4
CUST01661,Manish Bhatt,64,Female,Vadodara,2024-04-02,16:55,Furniture,Recliner,6,21847.27,131083.62,Net Banking,5
CUST01662,Shreya Menon,55,Female,Agra,2025-12-16,12:07,Personal Care,Toothpaste,6,195.14,1170.84,Walmart Gift Card,1
CUST01663,Neha Rao,45,Female,Indore,2024-01-06,14:59,Groceries,Cooking Oil 1L,6,51.17,307.02,Debit Card,3
CUST01664,Vandana Mishra,30,Female,Pune,2024-11-30,21:11,Toys & Baby,Baby Diapers Pack,3,2564.05,7692.15,UPI,4
CUST01665,Seema Desai,53,Male,Kanpur,2025-09-22,11:42,Home & Kitchen,Bed Sheet Set,4,6763.24,27052.96,Net Banking,1
CUST01666,Neha Rathore,43,Female,Kolkata,2024-06-30,17:56,Toys & Baby,Board Game,2,3445.4,6890.8,Debit Card,5
CUST01667,Nikhil Joshi,48,Female,Kochi,2025-10-08,17:58,Groceries,Milk 1L,6,112.72,676.32,Cash,3
CUST01668,Ravi Kulkarni,24,Male,Indore,2024-07-13,11:42,Home & Kitchen,Pressure Cooker,1,7789.21,7789.21,Net Banking,3
CUST01669,Anita Rao,63,Male,Hyderabad,2024-12-23,11:29,Personal Care,Soap Bar Pack,6,875.49,5252.94,Walmart Gift Card,2
CUST01670,Seema Bansal,38,Male,Nagpur,2025-10-28,09:27,Sports & Fitness,Gym Gloves,4,5907.51,23630.04,Walmart Gift Card,5
CUST01671,Nisha Sharma,58,Male,Chandigarh,2025-04-23,18:28,Toys & Baby,Building Blocks,1,2522.56,2522.56,Cash,2
CUST01672,Vishal Nagar,62,Male,Kanpur,2025-10-20,12:34,Sports & Fitness,Skipping Rope,5,12827.79,64138.95,Walmart Gift Card,4
CUST01673,Yash Trivedi,29,Male,Visakhapatnam,2025-01-12,20:52,Toys & Baby,Toy Car,6,1624.08,9744.48,Cash,5
CUST01674,Nisha Chandra,40,Male,Chennai,2025-08-30,18:57,Electronics,Laptop,3,28060.03,84180.09,Debit Card,5
CUST01675,Ishita Rao,56,Female,Coimbatore,2024-05-19,18:55,Clothing,Men's T-Shirt,4,2279.98,9119.92,Net Banking,1
CUST01676,Pankaj Agarwal,58,Female,Chennai,2024-11-07,10:48,Personal Care,Sanitary Pads,4,555.82,2223.28,Cash,5
CUST01677,Ashish Verma,53,Male,Ludhiana,2025-05-24,13:35,Personal Care,Razor Pack,3,636.24,1908.72,UPI,4
CUST01678,Kiran Agarwal,22,Male,Nashik,2024-09-05,13:53,Toys & Baby,Feeding Bottle,1,1702.72,1702.72,Cash,5
CUST01679,Nikhil Das,64,Male,Nagpur,2024-10-23,14:00,Electronics,Smartwatch,5,2035.58,10177.9,Net Banking,3
CUST01680,Usha Das,18,Female,Kolkata,2025-04-14,09:25,Groceries,Basmati Rice 5kg,2,269.16,538.32,Cash,4
CUST01681,Neha Verma,52,Male,Jaipur,2024-08-14,09:35,Clothing,Formal Shirt,3,1680.23,5040.69,Net Banking,4
CUST01682,Anjali Mishra,48,Female,Coimbatore,2025-04-30,13:53,Toys & Baby,Baby Powder,2,2513.53,5027.06,Walmart Gift Card,2
CUST01683,Yash Menon,33,Male,Chennai,2024-02-18,09:13,Furniture,Wardrobe,3,23007.17,69021.51,Credit Card,5
CUST01684,Sunita Das,24,Female,Chandigarh,2025-07-25,13:49,Groceries,Milk 1L,4,211.03,844.12,Net Banking,4
CUST01685,Pankaj Shetty,60,Female,Indore,2024-01-20,19:07,Clothing,Men's T-Shirt,5,2343.22,11716.1,Net Banking,5
CUST01686,Deepak Menon,59,Male,Mumbai,2025-12-05,10:03,Groceries,Sugar 1kg,4,254.8,1019.2,Debit Card,4
CUST01687,Aarti Pandey,34,Male,Nashik,2025-11-12,14:27,Home & Kitchen,Non-stick Pan,4,3948.99,15795.96,Net Banking,5
CUST01688,Komal Chopra,37,Male,Nagpur,2024-12-18,18:38,Groceries,Cooking Oil 1L,1,227.98,227.98,Cash,5
CUST01689,Meera Yadav,45,Male,Kolkata,2024-12-05,12:13,Furniture,Bookshelf,1,15811.23,15811.23,Walmart Gift Card,4
CUST01690,Pankaj Verma,34,Female,Lucknow,2025-12-02,21:20,Clothing,Sports Shoes,3,1738.26,5214.78,UPI,4
CUST01691,Rekha Yadav,28,Male,Ahmedabad,2024-03-24,11:18,Clothing,Cotton Saree,1,1595.02,1595.02,UPI,5
CUST01692,Preeti Mehta,28,Male,Mumbai,2024-04-03,10:59,Personal Care,Sanitary Pads,2,613.07,1226.14,Walmart Gift Card,5
CUST01693,Aditya Iyer,58,Female,Patna,2024-09-09,18:22,Groceries,Toor Dal 1kg,5,403.4,2017.0,Net Banking,5
CUST01694,Ishita Dutta,38,Male,Kolkata,2024-12-20,11:45,Home & Kitchen,Dinner Set,2,5497.95,10995.9,UPI,2
CUST01695,Kiran Reddy,50,Female,Patna,2024-12-10,09:33,Electronics,Bluetooth Headphones,4,3741.96,14967.84,Walmart Gift Card,1
CUST01696,Abhishek Pandey,56,Male,Jaipur,2025-01-09,19:13,Clothing,Formal Shirt,3,1546.94,4640.82,UPI,3
CUST01697,Naveen Rathore,51,Female,Hyderabad,2024-11-03,20:51,Toys & Baby,Soft Toy,1,1489.99,1489.99,Net Banking,5
CUST01698,Anita Bose,36,Male,Delhi,2024-08-15,12:07,Electronics,Mixer Grinder,5,24416.75,122083.75,Net Banking,4
CUST01699,Neelam Patel,22,Male,Ahmedabad,2025-03-13,09:32,Toys & Baby,Baby Powder,5,3923.57,19617.85,Cash,3
CUST01700,Karan Tiwari,29,Female,Ludhiana,2025-03-21,11:20,Clothing,Men's T-Shirt,3,2524.83,7574.49,Walmart Gift Card,2
CUST01701,Siddharth Malhotra,25,Female,Visakhapatnam,2024-12-01,20:14,Electronics,Washing Machine,6,10201.64,61209.84,Cash,1
CUST01702,Sanjay Nagar,54,Male,Kanpur,2025-01-25,16:05,Clothing,Casual Sneakers,2,1054.48,2108.96,Walmart Gift Card,5
CUST01703,Pankaj Saxena,28,Female,Agra,2025-02-09,11:37,Furniture,Bed Frame,2,6432.65,12865.3,Net Banking,4
CUST01704,Rakesh Pillai,34,Female,Delhi,2025-12-07,09:07,Home & Kitchen,Wall Clock,5,6353.83,31769.15,Credit Card,5
CUST01705,Payal Rao,54,Male,Ludhiana,2024-03-28,17:38,Furniture,Dining Table,2,3737.19,7474.38,Cash,4
CUST01706,Rajat Chopra,59,Female,Nagpur,2025-11-17,18:46,Electronics,Air Conditioner,5,13951.3,69756.5,Cash,5
CUST01707,Pankaj Chopra,53,Female,Patna,2024-05-09,17:47,Electronics,Smartwatch,3,34137.13,102411.39,Credit Card,1
CUST01708,Vivek Iyer,22,Female,Kochi,2025-11-09,19:53,Home & Kitchen,Table Lamp,5,5333.62,26668.1,Credit Card,3
CUST01709,Naveen Sinha,52,Male,Chandigarh,2024-12-02,21:37,Home & Kitchen,Vacuum Cleaner,1,3777.66,3777.66,Net Banking,4
CUST01710,Pallavi Mishra,24,Female,Pune,2025-06-19,10:05,Clothing,Kids Jeans,5,2986.01,14930.05,Debit Card,4
CUST01711,Sneha Joshi,51,Female,Indore,2025-09-16,16:53,Toys & Baby,Baby Wipes,1,2354.68,2354.68,Net Banking,2
CUST01712,Shalini Mishra,54,Male,Mumbai,2025-08-09,19:54,Personal Care,Sunscreen,6,830.21,4981.26,Debit Card,2
CUST01713,Pankaj Kulkarni,54,Male,Kanpur,2025-08-22,12:14,Electronics,Air Conditioner,4,41667.84,166671.36,UPI,2
CUST01714,Siddharth Nagar,52,Male,Kochi,2024-05-09,19:25,Clothing,Men's T-Shirt,6,1125.65,6753.9,Credit Card,2
CUST01715,Ritu Ghosh,33,Male,Mumbai,2025-04-30,13:08,Groceries,Tea Powder 500g,2,519.06,1038.12,Walmart Gift Card,5
CUST01716,Yash Reddy,33,Female,Delhi,2024-04-13,17:45,Home & Kitchen,Table Lamp,3,6636.86,19910.58,Credit Card,1
CUST01717,Rajat Yadav,21,Male,Lucknow,2024-12-17,20:50,Groceries,Eggs (12 pack),2,270.25,540.5,Net Banking,5
CUST01718,Nikhil Saxena,43,Male,Bhopal,2025-02-14,18:15,Groceries,Milk 1L,5,446.34,2231.7,Debit Card,5
CUST01719,Aditya Chandra,21,Male,Chandigarh,2025-10-10,13:28,Electronics,Washing Machine,4,4793.36,19173.44,Walmart Gift Card,4
CUST01720,Divya Mishra,42,Female,Ahmedabad,2024-04-28,10:24,Home & Kitchen,Wall Clock,2,2952.99,5905.98,UPI,4
CUST01721,Ravi Chandra,20,Male,Vadodara,2024-01-29,11:34,Furniture,Wardrobe,4,5770.2,23080.8,Net Banking,5
CUST01722,Rakesh Menon,18,Female,Ahmedabad,2024-09-18,13:04,Electronics,Air Conditioner,1,17494.83,17494.83,Walmart Gift Card,5
CUST01723,Pooja Gupta,24,Female,Surat,2025-10-12,13:26,Home & Kitchen,Curtains,3,4352.99,13058.97,UPI,1
CUST01724,Komal Reddy,20,Male,Coimbatore,2024-08-07,09:16,Home & Kitchen,Non-stick Pan,2,3999.76,7999.52,Debit Card,5
CUST01725,Neelam Joshi,45,Male,Vadodara,2024-10-04,16:07,Toys & Baby,Feeding Bottle,6,1110.74,6664.44,Net Banking,4
CUST01726,Siddharth Joshi,19,Female,Agra,2025-12-12,21:55,Personal Care,Sanitary Pads,4,397.79,1591.16,Walmart Gift Card,1
CUST01727,Vivek Malhotra,50,Female,Nashik,2024-12-25,10:54,Clothing,Formal Shirt,3,2324.6,6973.8,Walmart Gift Card,4
CUST01728,Mohit Shetty,65,Female,Chennai,2024-07-20,09:41,Toys & Baby,Baby Wipes,4,1136.94,4547.76,Cash,2
CUST01729,Kavita Saxena,35,Male,Pune,2025-06-19,10:32,Electronics,Laptop,5,23071.35,115356.75,Cash,4
CUST01730,Tarun Rathore,59,Female,Vadodara,2025-05-01,16:00,Groceries,Sugar 1kg,2,272.59,545.18,UPI,2
CUST01731,Simran Sharma,56,Male,Nashik,2025-10-14,15:01,Furniture,Dining Table,2,13547.3,27094.6,Debit Card,3
CUST01732,Ravi Nair,40,Female,Kolkata,2024-06-23,12:57,Sports & Fitness,Badminton Racket,1,9897.09,9897.09,Credit Card,1
CUST01733,Radhika Rathore,47,Male,Mumbai,2025-12-25,20:31,Electronics,Microwave Oven,1,1669.87,1669.87,Walmart Gift Card,4
CUST01734,Sanjay Ghosh,31,Male,Jaipur,2024-03-01,18:30,Electronics,Laptop,5,29231.5,146157.5,Walmart Gift Card,4
CUST01735,Sanjay Iyer,27,Female,Ludhiana,2025-07-25,16:09,Sports & Fitness,Yoga Mat,5,11006.81,55034.05,Walmart Gift Card,5
CUST01736,Harsh Ghosh,44,Male,Kolkata,2024-05-27,11:18,Groceries,Wheat Flour 10kg,4,513.09,2052.36,Credit Card,4
CUST01737,Preeti Malhotra,44,Male,Hyderabad,2024-11-08,15:33,Clothing,Innerwear Pack,1,347.48,347.48,Cash,2
CUST01738,Rakesh Joshi,21,Female,Mumbai,2024-06-22,09:59,Groceries,Bread Loaf,4,431.95,1727.8,Debit Card,1
CUST01739,Vikram Thakur,39,Male,Nagpur,2025-08-07,14:12,Furniture,TV Unit,6,4685.24,28111.44,Cash,1
CUST01740,Priya Mishra,47,Female,Nashik,2024-05-19,14:51,Electronics,LED TV 43-inch,1,22676.03,22676.03,Net Banking,1
CUST01741,Sneha Kulkarni,31,Female,Bangalore,2024-06-13,10:06,Groceries,Basmati Rice 5kg,6,298.31,1789.86,Debit Card,5
CUST01742,Anjali Nagar,48,Male,Chandigarh,2024-09-16,14:55,Electronics,Smartphone,2,6101.8,12203.6,Walmart Gift Card,4
CUST01743,Ajay Reddy,49,Male,Agra,2025-04-10,13:19,Groceries,Wheat Flour 10kg,4,508.83,2035.32,Debit Card,5
CUST01744,Rohan Iyer,32,Female,Lucknow,2024-04-05,19:25,Toys & Baby,Toy Car,2,1506.13,3012.26,Credit Card,3
CUST01745,Tanvi Malhotra,31,Female,Bangalore,2025-04-01,21:53,Groceries,Basmati Rice 5kg,5,199.38,996.9,Cash,3
CUST01746,Rakesh Chandra,19,Male,Coimbatore,2024-05-13,16:26,Groceries,Milk 1L,3,101.91,305.73,Credit Card,5
CUST01747,Naveen Dutta,19,Male,Jaipur,2024-04-24,15:02,Sports & Fitness,Treadmill,5,8192.74,40963.7,Debit Card,2
CUST01748,Kavita Ghosh,60,Male,Surat,2024-04-03,11:51,Sports & Fitness,Cycling Helmet,5,13848.37,69241.85,Cash,5
CUST01749,Rajat Thakur,52,Female,Jaipur,2024-05-09,12:29,Clothing,Sports Shoes,5,2104.78,10523.9,Cash,1
CUST01750,Priya Nagar,51,Female,Lucknow,2025-03-24,19:35,Clothing,Men's T-Shirt,5,2310.3,11551.5,Credit Card,2
CUST01751,Vikram Trivedi,36,Male,Bangalore,2025-06-25,21:57,Clothing,Men's T-Shirt,1,1360.08,1360.08,Debit Card,5
CUST01752,Suresh Kapoor,38,Male,Jaipur,2024-02-10,17:10,Clothing,School Uniform,4,993.65,3974.6,Credit Card,4
CUST01753,Seema Menon,38,Female,Indore,2024-06-19,12:47,Groceries,Basmati Rice 5kg,2,86.25,172.5,Walmart Gift Card,5
CUST01754,Ankit Sharma,40,Female,Mumbai,2024-01-19,17:33,Toys & Baby,Building Blocks,1,337.74,337.74,Cash,4
CUST01755,Aarti Das,47,Male,Agra,2025-08-08,21:49,Groceries,Basmati Rice 5kg,1,333.89,333.89,Net Banking,2
CUST01756,Ritu Bose,25,Female,Mumbai,2025-10-04,11:52,Groceries,Wheat Flour 10kg,4,362.24,1448.96,Debit Card,3
CUST01757,Jyoti Kapoor,47,Female,Kochi,2024-12-10,13:34,Personal Care,Shampoo 340ml,4,67.48,269.92,Credit Card,5
CUST01758,Payal Bose,42,Male,Delhi,2025-12-01,12:15,Groceries,Coffee 200g,5,333.28,1666.4,Cash,2
CUST01759,Sanjay Desai,46,Male,Hyderabad,2025-09-10,17:41,Clothing,Women's Kurti,3,504.28,1512.84,UPI,4
CUST01760,Mohit Nagar,27,Female,Chennai,2025-11-11,09:04,Sports & Fitness,Football,6,4044.66,24267.96,UPI,4
CUST01761,Ishita Desai,35,Female,Indore,2025-09-13,18:16,Groceries,Milk 1L,4,568.9,2275.6,UPI,4
CUST01762,Kiran Pillai,46,Male,Visakhapatnam,2025-10-21,20:01,Groceries,Basmati Rice 5kg,5,125.87,629.35,Debit Card,2
CUST01763,Rajendra Iyer,26,Male,Vadodara,2025-02-04,11:02,Clothing,Formal Shirt,1,660.55,660.55,Net Banking,5
CUST01764,Rajendra Kumar,49,Female,Visakhapatnam,2025-01-02,19:12,Electronics,Smartphone,4,10851.15,43404.6,Cash,4
CUST01765,Deepak Rao,40,Female,Mumbai,2025-07-27,11:35,Groceries,Wheat Flour 10kg,2,390.87,781.74,Walmart Gift Card,5
CUST01766,Kavita Dutta,25,Female,Bangalore,2024-10-20,19:55,Home & Kitchen,Water Bottle,3,4581.02,13743.06,Cash,2
CUST01767,Vikram Singh,47,Male,Ahmedabad,2024-03-28,11:35,Groceries,Bread Loaf,4,62.94,251.76,Debit Card,3
CUST01768,Vishal Patel,19,Male,Kochi,2024-05-10,18:47,Toys & Baby,Toy Car,2,3936.08,7872.16,Walmart Gift Card,5
CUST01769,Karan Tiwari,23,Male,Mumbai,2024-01-12,16:47,Home & Kitchen,Dinner Set,5,5765.34,28826.7,Cash,5
CUST01770,Ishita Rao,64,Female,Lucknow,2024-05-27,16:26,Electronics,LED TV 43-inch,3,29755.05,89265.15,Debit Card,4
CUST01771,Sunita Verma,24,Male,Surat,2025-10-02,12:46,Groceries,Milk 1L,4,445.55,1782.2,UPI,5
CUST01772,Shreya Bose,33,Female,Ludhiana,2025-07-01,11:10,Sports & Fitness,Dumbbells Set,4,14987.76,59951.04,UPI,2
CUST01773,Suresh Kulkarni,60,Male,Nagpur,2025-03-04,20:51,Clothing,Men's T-Shirt,5,1327.96,6639.8,Cash,5
CUST01774,Kiran Iyer,26,Female,Bangalore,2025-02-22,17:28,Sports & Fitness,Water Bottle Sports,4,13281.34,53125.36,Net Banking,4
CUST01775,Aarti Bansal,47,Male,Coimbatore,2024-01-16,09:26,Groceries,Basmati Rice 5kg,6,164.23,985.38,Credit Card,4
CUST01776,Rajendra Ghosh,48,Female,Chennai,2024-11-10,09:19,Groceries,Milk 1L,3,496.43,1489.29,Walmart Gift Card,5
CUST01777,Rakesh Dutta,27,Male,Chennai,2024-12-30,11:22,Groceries,Bread Loaf,3,382.53,1147.59,UPI,3
CUST01778,Rahul Das,60,Female,Lucknow,2025-12-28,18:31,Home & Kitchen,Pressure Cooker,1,943.44,943.44,Debit Card,2
CUST01779,Seema Iyer,47,Male,Mumbai,2024-12-11,19:37,Toys & Baby,Board Game,2,1296.22,2592.44,UPI,3
CUST01780,Karan Sinha,51,Female,Agra,2025-02-18,13:55,Toys & Baby,Baby Powder,1,3972.98,3972.98,Credit Card,5
CUST01781,Sanjay Mehta,20,Male,Bangalore,2024-10-12,10:51,Groceries,Milk 1L,3,157.84,473.52,Walmart Gift Card,3
CUST01782,Kritika Verma,25,Female,Delhi,2024-09-02,16:09,Electronics,Air Conditioner,4,985.25,3941.0,Credit Card,5
CUST01783,Rohan Singh,30,Male,Delhi,2025-07-17,18:39,Sports & Fitness,Football,1,9001.18,9001.18,Net Banking,1
CUST01784,Arjun Patel,35,Male,Mumbai,2025-12-07,16:47,Groceries,Eggs (12 pack),1,182.39,182.39,Credit Card,5
CUST01785,Neelam Gupta,65,Male,Chandigarh,2025-09-23,21:03,Personal Care,Face Wash,3,634.34,1903.02,Walmart Gift Card,4
CUST01786,Sanjay Kaur,59,Female,Chandigarh,2024-01-10,19:07,Clothing,School Uniform,3,2635.17,7905.51,Credit Card,4
CUST01787,Pankaj Mishra,32,Female,Vadodara,2024-06-19,17:33,Groceries,Wheat Flour 10kg,1,309.9,309.9,Walmart Gift Card,5
CUST01788,Mahesh Sharma,48,Male,Bhopal,2024-04-24,15:06,Home & Kitchen,Non-stick Pan,6,1929.58,11577.48,Cash,1
CUST01789,Usha Reddy,57,Female,Chennai,2025-08-25,19:24,Groceries,Sugar 1kg,6,377.65,2265.9,UPI,5
CUST01790,Ashish Reddy,52,Male,Patna,2025-03-05,17:55,Electronics,Laptop,1,20575.46,20575.46,Credit Card,1
CUST01791,Swati Bhatt,53,Male,Coimbatore,2025-04-21,17:02,Personal Care,Soap Bar Pack,3,718.88,2156.64,Credit Card,3
CUST01792,Harsh Bhatt,30,Male,Pune,2024-05-04,15:37,Toys & Baby,Toy Car,2,3884.08,7768.16,Credit Card,5
CUST01793,Rakesh Dutta,40,Female,Jaipur,2025-03-29,19:43,Electronics,Mixer Grinder,1,17990.86,17990.86,UPI,2
CUST01794,Rekha Chandra,62,Male,Ahmedabad,2024-05-25,10:20,Home & Kitchen,Water Bottle,6,6026.26,36157.56,Credit Card,2
CUST01795,Ajay Pandey,27,Female,Bangalore,2024-02-17,19:33,Groceries,Basmati Rice 5kg,2,158.69,317.38,UPI,3
CUST01796,Rajat Joshi,62,Male,Nashik,2025-07-08,13:32,Clothing,Winter Jacket,5,626.62,3133.1,Credit Card,4
CUST01797,Sneha Sharma,37,Male,Kochi,2024-08-22,09:09,Clothing,Women's Kurti,1,1120.08,1120.08,Credit Card,5
CUST01798,Pooja Saxena,48,Female,Visakhapatnam,2025-12-31,21:15,Home & Kitchen,Storage Containers,6,2432.79,14596.74,Debit Card,5
CUST01799,Simran Pandey,53,Male,Bangalore,2024-10-09,16:26,Groceries,Basmati Rice 5kg,1,534.26,534.26,UPI,3
CUST01800,Ashish Nagar,55,Female,Hyderabad,2024-04-23,11:34,Electronics,Laptop,5,15693.63,78468.15,Credit Card,5
CUST01801,Jyoti Mishra,24,Male,Ahmedabad,2024-12-15,14:16,Home & Kitchen,Wall Clock,4,4127.51,16510.04,Debit Card,5
CUST01802,Anjali Thakur,47,Male,Ahmedabad,2024-10-26,15:48,Personal Care,Shampoo 340ml,2,308.33,616.66,Walmart Gift Card,5
CUST01803,Shalini Pillai,47,Female,Chennai,2025-04-16,12:03,Groceries,Wheat Flour 10kg,4,105.96,423.84,Net Banking,5
CUST01804,Ritu Chauhan,42,Female,Chandigarh,2024-03-03,12:06,Clothing,Winter Jacket,4,2077.59,8310.36,Cash,5
CUST01805,Bhavna Rao,51,Male,Kolkata,2025-05-30,14:45,Furniture,Bed Frame,1,21252.61,21252.61,Cash,3
CUST01806,Sunita Singh,28,Male,Surat,2024-05-31,16:11,Electronics,Refrigerator,6,24141.02,144846.12,Net Banking,4
CUST01807,Anjali Rathore,44,Female,Jaipur,2025-11-30,12:09,Groceries,Eggs (12 pack),6,540.8,3244.8,Cash,2
CUST01808,Nikhil Mishra,31,Female,Patna,2024-08-11,17:27,Clothing,Kids Jeans,3,1910.29,5730.87,Walmart Gift Card,5
CUST01809,Rohan Menon,60,Male,Jaipur,2024-08-27,11:03,Clothing,School Uniform,4,1876.13,7504.52,Walmart Gift Card,5
CUST01810,Komal Desai,34,Male,Kanpur,2025-04-30,12:36,Personal Care,Soap Bar Pack,5,708.48,3542.4,Cash,2
CUST01811,Ishita Thakur,46,Female,Jaipur,2024-11-25,15:28,Personal Care,Deodorant,2,632.72,1265.44,Credit Card,5
CUST01812,Rajendra Thakur,47,Female,Visakhapatnam,2024-03-19,18:45,Electronics,Microwave Oven,2,20085.97,40171.94,Credit Card,4
CUST01813,Seema Bose,27,Male,Patna,2025-04-11,20:13,Groceries,Bread Loaf,6,510.51,3063.06,Debit Card,1
CUST01814,Vivek Malhotra,59,Male,Patna,2025-10-28,16:27,Groceries,Wheat Flour 10kg,4,506.57,2026.28,Net Banking,2
CUST01815,Ashish Mehta,45,Male,Delhi,2025-01-15,10:18,Personal Care,Face Wash,5,801.75,4008.75,UPI,5
CUST01816,Simran Gupta,41,Male,Hyderabad,2024-07-02,11:01,Toys & Baby,Kids Bicycle,1,908.59,908.59,Debit Card,5
CUST01817,Priya Mehta,35,Male,Coimbatore,2025-07-13,09:55,Electronics,Mixer Grinder,1,3476.31,3476.31,Credit Card,5
CUST01818,Alka Verma,31,Male,Nagpur,2025-12-02,09:02,Furniture,Wardrobe,1,22372.05,22372.05,UPI,4
CUST01819,Nikhil Malhotra,44,Female,Kolkata,2024-04-25,21:28,Electronics,Microwave Oven,4,26328.69,105314.76,Debit Card,4
CUST01820,Pankaj Pillai,33,Male,Ludhiana,2024-11-28,13:03,Groceries,Coffee 200g,1,457.79,457.79,Debit Card,5
CUST01821,Ishita Mehta,62,Male,Kochi,2025-05-20,11:34,Home & Kitchen,Bed Sheet Set,4,5650.61,22602.44,Credit Card,3
CUST01822,Ritu Saxena,32,Female,Chandigarh,2025-03-16,20:26,Groceries,Coffee 200g,4,82.72,330.88,Cash,5
CUST01823,Mohit Chopra,47,Male,Ludhiana,2024-09-28,18:47,Home & Kitchen,Water Bottle,2,4766.68,9533.36,Walmart Gift Card,5
CUST01824,Rahul Rathore,64,Male,Vadodara,2025-03-04,20:31,Toys & Baby,Board Game,3,3282.65,9847.95,UPI,5
CUST01825,Rahul Chopra,20,Male,Coimbatore,2024-06-24,18:02,Personal Care,Toothpaste,5,866.26,4331.3,Debit Card,3
CUST01826,Pooja Chauhan,37,Male,Nashik,2024-02-05,18:14,Groceries,Toor Dal 1kg,5,364.83,1824.15,Debit Card,3
CUST01827,Yash Kapoor,33,Male,Kolkata,2024-02-11,11:51,Groceries,Cooking Oil 1L,2,246.64,493.28,UPI,5
CUST01828,Yash Singh,25,Male,Surat,2025-08-17,17:52,Electronics,LED TV 43-inch,2,38604.98,77209.96,Net Banking,4
CUST01829,Nikhil Chandra,30,Male,Pune,2024-06-16,18:27,Toys & Baby,Feeding Bottle,2,1637.05,3274.1,Debit Card,1
CUST01830,Sunil Verma,40,Male,Hyderabad,2025-08-16,09:28,Groceries,Toor Dal 1kg,3,99.76,299.28,UPI,5
CUST01831,Siddharth Chandra,56,Male,Delhi,2024-03-18,16:29,Groceries,Sugar 1kg,4,270.82,1083.28,UPI,5
CUST01832,Shalini Chopra,22,Male,Nagpur,2024-07-27,16:21,Groceries,Toor Dal 1kg,6,101.1,606.6,Net Banking,2
CUST01833,Suresh Malhotra,43,Female,Bangalore,2025-02-14,11:27,Personal Care,Toothpaste,4,372.8,1491.2,UPI,5
CUST01834,Siddharth Iyer,60,Female,Jaipur,2025-09-27,15:07,Electronics,Smartphone,6,1922.89,11537.34,Cash,4
CUST01835,Sneha Sharma,54,Male,Coimbatore,2024-05-20,13:03,Personal Care,Soap Bar Pack,3,324.94,974.82,Debit Card,3
CUST01836,Kavita Kumar,40,Male,Surat,2024-05-22,10:37,Electronics,Washing Machine,1,12774.04,12774.04,Walmart Gift Card,2
CUST01837,Naveen Desai,60,Male,Vadodara,2024-05-23,13:29,Toys & Baby,Soft Toy,5,1897.88,9489.4,Net Banking,3
CUST01838,Komal Bose,26,Male,Bangalore,2025-10-05,21:43,Clothing,Winter Jacket,6,2501.26,15007.56,UPI,2
CUST01839,Swati Sharma,37,Female,Patna,2025-08-11,12:13,Groceries,Eggs (12 pack),6,260.21,1561.26,Debit Card,3
CUST01840,Rekha Tiwari,24,Female,Nashik,2025-07-09,19:18,Sports & Fitness,Cricket Bat,3,7115.6,21346.8,Cash,4
CUST01841,Neha Sinha,39,Female,Kochi,2024-11-24,20:27,Clothing,Winter Jacket,6,1739.09,10434.54,Walmart Gift Card,5
CUST01842,Meera Das,29,Male,Kochi,2025-08-21,21:10,Clothing,Sports Shoes,4,594.66,2378.64,UPI,4
CUST01843,Preeti Yadav,65,Female,Bangalore,2024-06-25,11:55,Personal Care,Sanitary Pads,2,526.58,1053.16,UPI,1
CUST01844,Kavita Shetty,29,Female,Kochi,2024-11-03,16:11,Personal Care,Sanitary Pads,2,695.82,1391.64,Net Banking,5
CUST01845,Rajesh Kaur,34,Male,Chandigarh,2024-10-07,10:18,Groceries,Cooking Oil 1L,2,185.13,370.26,Net Banking,3
CUST01846,Priya Sharma,56,Female,Nagpur,2025-02-12,09:16,Groceries,Eggs (12 pack),1,123.91,123.91,UPI,1
CUST01847,Abhishek Pillai,30,Male,Bangalore,2024-08-25,18:04,Clothing,Formal Shirt,6,358.18,2149.08,Credit Card,2
CUST01848,Gaurav Desai,41,Male,Ludhiana,2025-04-19,10:05,Home & Kitchen,Bed Sheet Set,2,2488.35,4976.7,Net Banking,4
CUST01849,Rakesh Sharma,62,Male,Indore,2025-11-05,09:20,Sports & Fitness,Cycling Helmet,2,7028.77,14057.54,Cash,4
CUST01850,Kiran Reddy,61,Female,Delhi,2024-08-11,20:33,Clothing,Sports Shoes,2,1325.04,2650.08,Walmart Gift Card,5
CUST01851,Priya Sharma,54,Female,Ahmedabad,2025-03-31,15:42,Clothing,Winter Jacket,3,1415.06,4245.18,Debit Card,4
CUST01852,Manish Joshi,30,Female,Hyderabad,2024-04-05,15:19,Groceries,Coffee 200g,3,205.71,617.13,Debit Card,4
CUST01853,Sanjay Saxena,40,Female,Lucknow,2025-04-26,19:57,Groceries,Sugar 1kg,4,148.27,593.08,Cash,5
CUST01854,Payal Menon,20,Female,Visakhapatnam,2025-09-30,09:52,Groceries,Toor Dal 1kg,5,210.77,1053.85,UPI,5
CUST01855,Karan Bansal,38,Female,Hyderabad,2025-05-21,18:39,Clothing,Casual Sneakers,1,2994.51,2994.51,Net Banking,4
CUST01856,Vivek Pandey,62,Male,Delhi,2024-11-11,13:49,Furniture,Bed Frame,5,6651.03,33255.15,UPI,2
CUST01857,Jyoti Chopra,32,Female,Kanpur,2025-02-02,18:16,Clothing,Cotton Saree,2,1627.7,3255.4,Cash,1
CUST01858,Nisha Tiwari,36,Female,Kochi,2024-02-12,13:44,Groceries,Cooking Oil 1L,4,357.68,1430.72,Cash,3
CUST01859,Anita Sinha,45,Female,Bangalore,2025-05-27,14:40,Home & Kitchen,Non-stick Pan,5,2810.39,14051.95,UPI,5
CUST01860,Varun Malhotra,23,Female,Kochi,2024-02-03,18:49,Electronics,Washing Machine,5,27470.54,137352.7,Debit Card,5
CUST01861,Sunil Kumar,34,Female,Delhi,2024-08-15,16:32,Electronics,Refrigerator,6,4948.76,29692.56,Net Banking,4
CUST01862,Shalini Joshi,47,Male,Nagpur,2025-10-29,14:56,Personal Care,Toothpaste,5,692.05,3460.25,Cash,4
CUST01863,Neelam Kulkarni,26,Female,Ahmedabad,2025-12-11,10:33,Clothing,Women's Kurti,3,2062.58,6187.74,UPI,1
CUST01864,Neha Iyer,46,Female,Visakhapatnam,2024-11-11,14:02,Groceries,Wheat Flour 10kg,1,477.39,477.39,Walmart Gift Card,5
CUST01865,Sunita Verma,36,Male,Kanpur,2024-02-07,12:45,Clothing,Sports Shoes,1,1178.02,1178.02,Debit Card,5
CUST01866,Varun Pillai,55,Male,Pune,2024-08-04,09:52,Groceries,Eggs (12 pack),6,292.02,1752.12,Cash,5
CUST01867,Ritu Dutta,26,Male,Kochi,2025-10-19,13:49,Groceries,Bread Loaf,4,551.17,2204.68,Credit Card,1
CUST01868,Usha Rathore,50,Female,Surat,2024-02-17,15:30,Groceries,Milk 1L,6,378.79,2272.74,Debit Card,5
CUST01869,Nikhil Pandey,61,Male,Visakhapatnam,2025-02-13,09:47,Clothing,Innerwear Pack,5,2328.83,11644.15,UPI,5
CUST01870,Rahul Pandey,54,Male,Chennai,2025-07-28,15:48,Toys & Baby,Soft Toy,1,1123.21,1123.21,Walmart Gift Card,2
CUST01871,Vandana Das,61,Female,Mumbai,2024-03-12,15:48,Clothing,Winter Jacket,2,2557.07,5114.14,Debit Card,1
CUST01872,Tarun Kapoor,55,Male,Vadodara,2025-07-03,11:31,Toys & Baby,Baby Wipes,6,3981.27,23887.62,Credit Card,3
CUST01873,Neelam Yadav,31,Male,Bhopal,2024-11-11,18:16,Groceries,Basmati Rice 5kg,5,282.59,1412.95,Debit Card,5
CUST01874,Aarti Chopra,19,Male,Visakhapatnam,2024-08-28,10:43,Personal Care,Soap Bar Pack,6,861.09,5166.54,Debit Card,5
CUST01875,Naveen Thakur,62,Male,Hyderabad,2025-04-05,09:24,Electronics,Smartwatch,5,44045.05,220225.25,Net Banking,3
CUST01876,Karan Chandra,39,Female,Pune,2024-10-05,12:35,Groceries,Toor Dal 1kg,5,341.78,1708.9,Net Banking,4
CUST01877,Kritika Singh,62,Male,Visakhapatnam,2024-04-24,15:30,Personal Care,Toothpaste,4,668.73,2674.92,Net Banking,1
CUST01878,Sunita Saxena,59,Female,Coimbatore,2025-06-24,18:55,Groceries,Wheat Flour 10kg,3,535.67,1607.01,Credit Card,2
CUST01879,Rakesh Bose,55,Male,Chandigarh,2025-04-04,21:02,Clothing,Cotton Saree,1,799.21,799.21,Credit Card,5
CUST01880,Rohan Thakur,27,Female,Chandigarh,2025-06-09,19:34,Electronics,Mixer Grinder,1,9798.55,9798.55,Credit Card,2
CUST01881,Vishal Chopra,43,Male,Vadodara,2024-10-30,13:53,Groceries,Bread Loaf,5,145.62,728.1,Net Banking,5
CUST01882,Sneha Verma,47,Male,Vadodara,2024-07-07,19:41,Clothing,Innerwear Pack,3,2866.38,8599.14,Cash,4
CUST01883,Divya Kumar,44,Male,Indore,2025-01-29,10:10,Furniture,Office Chair,6,15596.26,93577.56,Cash,5
CUST01884,Ravi Nair,18,Male,Vadodara,2025-04-12,09:40,Groceries,Basmati Rice 5kg,2,393.7,787.4,Debit Card,5
CUST01885,Rajesh Bose,35,Female,Pune,2024-07-07,19:16,Electronics,Smartwatch,4,28655.46,114621.84,UPI,5
CUST01886,Amit Patel,29,Male,Kochi,2025-01-17,12:26,Personal Care,Face Wash,3,196.34,589.02,Net Banking,1
CUST01887,Divya Iyer,32,Female,Kanpur,2025-08-06,16:25,Groceries,Cooking Oil 1L,5,550.21,2751.05,Walmart Gift Card,1
CUST01888,Kritika Chandra,42,Female,Mumbai,2024-05-16,21:57,Groceries,Toor Dal 1kg,2,256.49,512.98,Walmart Gift Card,4
CUST01889,Anjali Tiwari,40,Male,Visakhapatnam,2025-12-17,17:52,Personal Care,Hair Oil,5,693.28,3466.4,Cash,5
CUST01890,Shalini Verma,33,Female,Visakhapatnam,2024-12-26,20:36,Electronics,Air Conditioner,5,7291.66,36458.3,Cash,5
CUST01891,Kritika Sinha,41,Female,Visakhapatnam,2024-08-24,15:02,Clothing,Kids Jeans,2,2892.01,5784.02,Cash,5
CUST01892,Alka Thakur,57,Female,Lucknow,2025-08-03,16:58,Home & Kitchen,Bed Sheet Set,3,4714.59,14143.77,Walmart Gift Card,3
CUST01893,Meera Singh,34,Male,Nashik,2025-07-31,18:08,Clothing,Kids Jeans,2,2893.43,5786.86,Credit Card,5
CUST01894,Neelam Das,22,Female,Agra,2025-01-21,18:37,Home & Kitchen,Bed Sheet Set,2,7156.44,14312.88,Net Banking,3
CUST01895,Kritika Joshi,38,Female,Nagpur,2025-09-17,11:23,Home & Kitchen,Vacuum Cleaner,6,4039.14,24234.84,Cash,1
CUST01896,Naveen Reddy,33,Female,Vadodara,2024-09-09,10:20,Groceries,Tea Powder 500g,3,542.37,1627.11,Debit Card,4
CUST01897,Arjun Iyer,26,Female,Mumbai,2025-10-30,19:44,Groceries,Wheat Flour 10kg,3,213.62,640.86,Cash,5
CUST01898,Ankit Chandra,64,Male,Lucknow,2025-07-31,10:13,Personal Care,Body Lotion,1,791.4,791.4,UPI,2
CUST01899,Rahul Joshi,51,Female,Surat,2025-08-28,18:34,Groceries,Tea Powder 500g,4,122.82,491.28,Cash,5
CUST01900,Sunita Pandey,28,Male,Lucknow,2025-10-26,11:03,Furniture,Dining Table,5,24286.09,121430.45,Net Banking,3
CUST01901,Simran Mishra,32,Male,Agra,2024-04-14,18:16,Furniture,TV Unit,4,15802.83,63211.32,Net Banking,5
CUST01902,Suresh Ghosh,52,Male,Chandigarh,2024-01-05,10:30,Sports & Fitness,Treadmill,4,8102.43,32409.72,Walmart Gift Card,5
CUST01903,Kritika Sharma,46,Female,Indore,2025-05-06,11:48,Groceries,Tea Powder 500g,4,364.53,1458.12,Walmart Gift Card,4
CUST01904,Amit Pandey,33,Female,Patna,2024-03-15,19:12,Electronics,Smartphone,3,10768.79,32306.37,Cash,5
CUST01905,Kiran Mehta,18,Male,Patna,2025-05-23,14:03,Clothing,Winter Jacket,6,716.29,4297.74,Debit Card,5
CUST01906,Divya Ghosh,60,Male,Delhi,2025-08-20,18:46,Groceries,Milk 1L,5,459.32,2296.6,Credit Card,4
CUST01907,Mahesh Bansal,30,Male,Bhopal,2024-10-27,13:17,Groceries,Toor Dal 1kg,6,151.12,906.72,Cash,4
CUST01908,Amit Agarwal,49,Female,Mumbai,2024-08-18,14:04,Clothing,School Uniform,4,2631.5,10526.0,Credit Card,5
CUST01909,Ajay Yadav,22,Male,Patna,2025-12-12,12:42,Home & Kitchen,Table Lamp,3,855.15,2565.45,Debit Card,5
CUST01910,Arjun Agarwal,40,Female,Pune,2025-07-25,21:22,Sports & Fitness,Yoga Mat,5,12246.36,61231.8,Net Banking,1
CUST01911,Yash Tiwari,52,Male,Kochi,2025-04-07,13:17,Personal Care,Toothpaste,3,811.97,2435.91,Walmart Gift Card,5
CUST01912,Abhishek Desai,56,Male,Nagpur,2024-10-18,09:37,Groceries,Eggs (12 pack),4,51.48,205.92,Debit Card,1
CUST01913,Bhavna Yadav,37,Male,Ludhiana,2025-12-29,17:09,Electronics,LED TV 43-inch,2,27505.95,55011.9,Debit Card,2
CUST01914,Vandana Verma,61,Male,Agra,2024-09-01,17:23,Electronics,Smartphone,6,33127.21,198763.26,Net Banking,5
CUST01915,Shalini Verma,60,Female,Ludhiana,2025-09-14,20:21,Clothing,Kids Jeans,4,1134.66,4538.64,Credit Card,5
CUST01916,Rajat Pillai,63,Male,Pune,2024-07-23,09:59,Personal Care,Deodorant,6,410.72,2464.32,Debit Card,5
CUST01917,Naveen Bose,19,Male,Indore,2025-07-25,16:02,Clothing,School Uniform,6,2903.62,17421.72,Net Banking,3
CUST01918,Anjali Reddy,56,Male,Ludhiana,2024-07-23,19:54,Toys & Baby,Feeding Bottle,2,407.56,815.12,Debit Card,5
CUST01919,Rakesh Mehta,24,Female,Ludhiana,2024-06-15,21:25,Electronics,Washing Machine,5,2879.42,14397.1,Debit Card,3
CUST01920,Ritu Reddy,56,Female,Delhi,2024-06-11,11:01,Electronics,Mixer Grinder,6,30512.82,183076.92,UPI,4
CUST01921,Tarun Sharma,48,Female,Jaipur,2025-12-15,21:03,Electronics,Microwave Oven,3,22026.95,66080.85,Net Banking,3
CUST01922,Anita Patel,46,Male,Lucknow,2024-09-06,18:17,Electronics,Bluetooth Headphones,5,26095.44,130477.2,Cash,5
CUST01923,Sunita Menon,26,Female,Kolkata,2025-01-07,12:00,Groceries,Coffee 200g,4,557.57,2230.28,Debit Card,5
CUST01924,Pooja Shetty,37,Male,Chennai,2025-02-01,17:25,Electronics,Air Conditioner,4,1062.44,4249.76,Credit Card,5
CUST01925,Rohan Das,33,Male,Nagpur,2024-05-12,20:33,Electronics,Refrigerator,1,17196.63,17196.63,Walmart Gift Card,2
CUST01926,Sandeep Agarwal,18,Male,Mumbai,2024-06-17,09:51,Toys & Baby,Kids Bicycle,1,2410.22,2410.22,Walmart Gift Card,4
CUST01927,Sneha Iyer,41,Male,Mumbai,2025-04-16,21:23,Home & Kitchen,Water Bottle,2,5555.19,11110.38,Net Banking,5
CUST01928,Abhishek Rao,25,Male,Nagpur,2024-02-14,11:55,Groceries,Coffee 200g,6,343.4,2060.4,Cash,5
CUST01929,Jyoti Bhatt,60,Female,Jaipur,2024-10-19,20:35,Toys & Baby,Kids Bicycle,2,270.99,541.98,Net Banking,4
CUST01930,Rajat Mishra,32,Male,Hyderabad,2025-09-01,15:22,Home & Kitchen,Table Lamp,1,5789.18,5789.18,Walmart Gift Card,5
CUST01931,Seema Joshi,36,Female,Surat,2025-09-03,21:43,Electronics,Refrigerator,2,39119.45,78238.9,UPI,3
CUST01932,Ritu Trivedi,57,Female,Delhi,2025-02-22,10:51,Electronics,Refrigerator,4,1333.57,5334.28,Cash,3
CUST01933,Bhavna Shetty,45,Male,Bhopal,2025-03-07,15:01,Groceries,Eggs (12 pack),6,134.84,809.04,Debit Card,4
CUST01934,Radhika Kumar,41,Female,Mumbai,2025-03-27,12:43,Groceries,Sugar 1kg,6,52.4,314.4,Walmart Gift Card,2
CUST01935,Sandeep Trivedi,24,Female,Indore,2025-01-17,11:11,Groceries,Tea Powder 500g,4,364.64,1458.56,UPI,4
CUST01936,Pooja Joshi,33,Female,Lucknow,2024-09-27,20:47,Clothing,Formal Shirt,1,2201.55,2201.55,UPI,4
CUST01937,Sanjay Yadav,62,Female,Agra,2024-03-22,21:41,Groceries,Eggs (12 pack),1,364.97,364.97,Net Banking,5
CUST01938,Rekha Pandey,63,Female,Agra,2025-07-21,12:12,Groceries,Milk 1L,4,536.85,2147.4,UPI,5
CUST01939,Pallavi Dutta,47,Female,Ludhiana,2024-07-09,12:47,Sports & Fitness,Treadmill,6,7136.87,42821.22,Walmart Gift Card,5
CUST01940,Tarun Patel,52,Female,Ahmedabad,2024-01-27,18:23,Toys & Baby,Baby Wipes,5,823.87,4119.35,Cash,5
CUST01941,Aditya Joshi,30,Male,Visakhapatnam,2024-05-16,12:36,Personal Care,Razor Pack,2,720.35,1440.7,Cash,4
CUST01942,Pallavi Gupta,29,Male,Surat,2025-04-16,15:39,Groceries,Cooking Oil 1L,4,564.12,2256.48,Net Banking,3
CUST01943,Pallavi Chopra,46,Female,Ahmedabad,2024-12-12,19:09,Home & Kitchen,Bed Sheet Set,2,5809.3,11618.6,Credit Card,3
CUST01944,Aditya Malhotra,19,Male,Jaipur,2024-07-12,12:48,Personal Care,Shampoo 340ml,1,415.56,415.56,Debit Card,4
CUST01945,Aarti Nair,31,Female,Patna,2025-09-14,09:51,Home & Kitchen,Wall Clock,5,4273.38,21366.9,Walmart Gift Card,5
CUST01946,Mohit Yadav,23,Female,Jaipur,2025-03-29,14:27,Personal Care,Face Wash,4,108.37,433.48,Net Banking,2
CUST01947,Anita Dutta,32,Male,Mumbai,2024-08-06,19:09,Groceries,Bread Loaf,3,591.57,1774.71,Debit Card,5
CUST01948,Shreya Nair,49,Female,Bhopal,2025-06-02,20:02,Clothing,Winter Jacket,1,1388.96,1388.96,Cash,5
CUST01949,Naveen Bansal,19,Female,Mumbai,2024-02-05,14:39,Groceries,Milk 1L,1,180.92,180.92,UPI,3
CUST01950,Rajendra Pandey,26,Female,Bangalore,2025-12-26,13:46,Personal Care,Shampoo 340ml,6,457.25,2743.5,Credit Card,3
CUST01951,Jyoti Agarwal,19,Female,Patna,2025-04-09,15:08,Personal Care,Deodorant,5,200.28,1001.4,UPI,1
CUST01952,Rekha Chopra,18,Male,Ahmedabad,2024-12-31,19:54,Personal Care,Body Lotion,5,616.38,3081.9,Cash,4
CUST01953,Ajay Kumar,36,Female,Jaipur,2024-04-16,17:59,Electronics,Mixer Grinder,6,26709.95,160259.7,Debit Card,5
CUST01954,Vandana Agarwal,56,Male,Jaipur,2025-09-27,14:52,Home & Kitchen,Table Lamp,4,419.9,1679.6,UPI,1
CUST01955,Rajat Thakur,62,Male,Chennai,2024-05-14,20:14,Toys & Baby,Board Game,3,944.27,2832.81,Net Banking,4
CUST01956,Rakesh Mehta,26,Male,Kolkata,2025-06-30,21:41,Personal Care,Sunscreen,6,845.03,5070.18,Credit Card,2
CUST01957,Mohit Chandra,36,Female,Ahmedabad,2025-12-02,16:27,Electronics,LED TV 43-inch,6,4036.95,24221.7,Walmart Gift Card,3
CUST01958,Meera Kapoor,55,Female,Patna,2025-04-17,20:32,Electronics,Smartphone,3,18377.97,55133.91,Walmart Gift Card,5
CUST01959,Karan Nagar,50,Male,Chennai,2025-05-09,09:21,Groceries,Tea Powder 500g,6,350.32,2101.92,Walmart Gift Card,4
CUST01960,Karan Saxena,51,Male,Nagpur,2025-08-12,19:23,Personal Care,Body Lotion,6,667.6,4005.6,Cash,4
CUST01961,Alka Ghosh,56,Female,Nagpur,2025-03-30,18:17,Groceries,Milk 1L,5,285.61,1428.05,Net Banking,5
CUST01962,Rajesh Shetty,33,Male,Nashik,2024-05-02,09:53,Toys & Baby,Soft Toy,2,885.19,1770.38,Net Banking,1
CUST01963,Ankit Menon,23,Female,Nagpur,2024-11-22,20:28,Groceries,Wheat Flour 10kg,4,227.46,909.84,Walmart Gift Card,5
CUST01964,Shalini Mishra,49,Female,Surat,2024-06-25,13:30,Electronics,Washing Machine,4,16361.28,65445.12,Cash,4
CUST01965,Amit Sharma,21,Female,Vadodara,2024-05-15,13:43,Clothing,School Uniform,4,2472.98,9891.92,Credit Card,5
CUST01966,Pooja Menon,42,Female,Jaipur,2024-11-05,13:04,Electronics,Smartphone,2,40216.42,80432.84,Net Banking,5
CUST01967,Aarti Sharma,27,Male,Pune,2024-08-26,14:52,Clothing,School Uniform,4,296.72,1186.88,Cash,1
CUST01968,Karan Rathore,19,Male,Indore,2024-10-01,11:58,Groceries,Coffee 200g,3,495.44,1486.32,Debit Card,5
CUST01969,Neha Malhotra,20,Female,Kochi,2024-02-01,18:49,Groceries,Coffee 200g,6,344.07,2064.42,UPI,2
CUST01970,Preeti Agarwal,60,Male,Agra,2025-05-11,18:56,Personal Care,Toothpaste,5,459.53,2297.65,Cash,3
CUST01971,Varun Mishra,27,Female,Hyderabad,2024-01-14,13:20,Groceries,Bread Loaf,5,198.67,993.35,Credit Card,5
CUST01972,Nikhil Tiwari,42,Female,Lucknow,2025-10-17,19:14,Sports & Fitness,Yoga Mat,5,4963.65,24818.25,Net Banking,4
CUST01973,Rahul Mishra,55,Male,Chennai,2025-09-23,13:17,Home & Kitchen,Storage Containers,1,1473.4,1473.4,Debit Card,1
CUST01974,Simran Patel,40,Male,Surat,2024-11-15,11:02,Clothing,Innerwear Pack,1,1538.77,1538.77,Debit Card,2
CUST01975,Pankaj Kulkarni,48,Female,Ludhiana,2024-04-26,19:19,Clothing,Cotton Saree,5,1254.57,6272.85,Credit Card,5
CUST01976,Varun Sinha,64,Male,Pune,2025-09-12,14:50,Groceries,Tea Powder 500g,6,121.03,726.18,Walmart Gift Card,5
CUST01977,Usha Agarwal,24,Female,Kolkata,2025-03-15,09:47,Groceries,Sugar 1kg,2,584.09,1168.18,Walmart Gift Card,5
CUST01978,Rakesh Chandra,35,Male,Bhopal,2024-08-02,10:54,Clothing,Casual Sneakers,3,2802.25,8406.75,Cash,4
CUST01979,Amit Saxena,43,Male,Agra,2025-06-26,21:48,Groceries,Wheat Flour 10kg,3,100.75,302.25,Credit Card,5
CUST01980,Vandana Nagar,27,Female,Chennai,2025-02-28,18:35,Furniture,Dining Table,3,14733.47,44200.41,Net Banking,1
CUST01981,Neelam Iyer,33,Male,Bhopal,2025-04-06,18:32,Personal Care,Body Lotion,6,457.96,2747.76,Net Banking,1
CUST01982,Shreya Chopra,32,Female,Coimbatore,2025-03-14,14:52,Toys & Baby,Baby Diapers Pack,1,2862.87,2862.87,UPI,5
CUST01983,Neha Dutta,35,Female,Bhopal,2025-03-31,15:31,Home & Kitchen,Dinner Set,1,5072.89,5072.89,UPI,5
CUST01984,Anita Kaur,51,Male,Ludhiana,2025-04-18,17:04,Clothing,Men's T-Shirt,4,2309.6,9238.4,UPI,2
CUST01985,Ishita Trivedi,56,Male,Ludhiana,2025-12-30,19:24,Home & Kitchen,Water Bottle,5,7902.39,39511.95,Debit Card,5
CUST01986,Nikhil Nagar,34,Female,Indore,2025-12-02,16:25,Groceries,Basmati Rice 5kg,2,577.72,1155.44,Credit Card,3
CUST01987,Aditya Kaur,43,Male,Kolkata,2024-12-07,20:05,Groceries,Coffee 200g,1,397.62,397.62,Net Banking,2
CUST01988,Shreya Ghosh,59,Female,Chandigarh,2024-01-28,19:52,Personal Care,Toothpaste,5,704.29,3521.45,Cash,1
CUST01989,Kiran Saxena,63,Male,Hyderabad,2024-05-30,18:35,Groceries,Coffee 200g,2,170.7,341.4,Debit Card,5
CUST01990,Simran Rao,35,Female,Coimbatore,2024-11-19,09:26,Electronics,Mixer Grinder,1,11523.38,11523.38,Cash,5
CUST01991,Vishal Nagar,57,Female,Vadodara,2025-12-08,16:00,Personal Care,Body Lotion,2,344.19,688.38,Cash,5
CUST01992,Aditya Mehta,28,Male,Hyderabad,2024-11-21,16:43,Electronics,Washing Machine,6,2687.7,16126.2,Credit Card,5
CUST01993,Suresh Patel,51,Female,Nashik,2024-10-13,13:02,Home & Kitchen,Curtains,5,2299.71,11498.55,UPI,5
CUST01994,Usha Shetty,31,Male,Bangalore,2025-10-29,20:06,Electronics,Microwave Oven,4,42833.04,171332.16,Debit Card,4
CUST01995,Ishita Singh,30,Female,Ludhiana,2025-02-06,21:34,Sports & Fitness,Dumbbells Set,3,9491.22,28473.66,Net Banking,2
CUST01996,Vikram Kaur,58,Female,Bhopal,2024-05-25,12:40,Home & Kitchen,Table Lamp,1,7008.63,7008.63,UPI,4
CUST01997,Radhika Pillai,50,Female,Jaipur,2024-01-26,21:14,Clothing,Casual Sneakers,5,2478.06,12390.3,Cash,5
CUST01998,Naveen Verma,22,Female,Pune,2025-05-25,17:42,Furniture,Recliner,3,12774.5,38323.5,Debit Card,2
CUST01999,Radhika Kaur,49,Female,Bhopal,2025-11-16,11:42,Personal Care,Face Wash,5,824.41,4122.05,Cash,4
CUST02000,Kavita Nagar,43,Male,Visakhapatnam,2025-01-12,20:42,Groceries,Coffee 200g,1,232.28,232.28,UPI,3
CUST02001,Simran Rao,29,Female,Bangalore,2025-10-03,20:16,Electronics,Washing Machine,1,25109.57,25109.57,Net Banking,4
CUST02002,Rekha Saxena,19,Female,Pune,2025-02-02,11:46,Electronics,Refrigerator,4,32138.64,128554.56,Credit Card,5
CUST02003,Radhika Shetty,36,Male,Chandigarh,2025-03-28,09:21,Clothing,Innerwear Pack,1,1417.91,1417.91,Credit Card,3
CUST02004,Nisha Kumar,50,Male,Nagpur,2024-10-20,10:14,Home & Kitchen,Pressure Cooker,6,6697.91,40187.46,UPI,4
CUST02005,Payal Saxena,62,Male,Visakhapatnam,2025-04-05,13:01,Home & Kitchen,Table Lamp,2,5597.86,11195.72,Walmart Gift Card,3
CUST02006,Suresh Shetty,43,Female,Coimbatore,2024-01-30,21:09,Home & Kitchen,Curtains,2,6199.61,12399.22,Cash,5
CUST02007,Sneha Ghosh,64,Female,Visakhapatnam,2025-03-01,15:28,Toys & Baby,Baby Wipes,5,3573.7,17868.5,Cash,2
CUST02008,Rakesh Menon,44,Female,Bangalore,2024-09-03,13:11,Groceries,Milk 1L,6,266.79,1600.74,Credit Card,3
CUST02009,Suresh Nair,61,Male,Jaipur,2024-08-01,20:28,Home & Kitchen,Table Lamp,1,718.11,718.11,Cash,4
CUST02010,Neelam Trivedi,40,Male,Hyderabad,2024-06-02,19:19,Clothing,Casual Sneakers,5,448.46,2242.3,UPI,5
CUST02011,Ritu Agarwal,36,Male,Nashik,2024-11-07,15:58,Groceries,Sugar 1kg,3,84.47,253.41,UPI,5
CUST02012,Bhavna Nair,42,Male,Hyderabad,2025-01-23,12:04,Clothing,Winter Jacket,4,2316.92,9267.68,Net Banking,5
CUST02013,Rakesh Chandra,58,Female,Kanpur,2025-12-02,16:24,Home & Kitchen,Bed Sheet Set,6,1584.26,9505.56,UPI,2
CUST02014,Naveen Thakur,20,Male,Pune,2024-07-02,20:51,Furniture,Shoe Rack,3,1558.28,4674.84,UPI,5
CUST02015,Karan Joshi,35,Female,Coimbatore,2024-07-03,17:58,Electronics,Air Conditioner,4,22065.11,88260.44,Net Banking,4
CUST02016,Amit Pandey,48,Male,Ahmedabad,2025-12-13,10:23,Groceries,Milk 1L,3,257.88,773.64,Walmart Gift Card,5
CUST02017,Aarti Kaur,30,Male,Kanpur,2025-04-13,17:33,Groceries,Toor Dal 1kg,6,479.92,2879.52,Cash,5
CUST02018,Preeti Kumar,26,Male,Lucknow,2025-05-22,19:27,Groceries,Milk 1L,3,184.12,552.36,Cash,2
CUST02019,Usha Kapoor,21,Female,Vadodara,2025-05-06,12:05,Groceries,Wheat Flour 10kg,6,433.19,2599.14,UPI,4
CUST02020,Arjun Yadav,23,Male,Jaipur,2025-10-08,10:51,Groceries,Eggs (12 pack),5,276.9,1384.5,Credit Card,5
CUST02021,Pooja Dutta,47,Male,Delhi,2025-03-09,13:08,Home & Kitchen,Storage Containers,6,4267.37,25604.22,UPI,5
CUST02022,Rohan Menon,59,Male,Chennai,2024-03-14,14:16,Toys & Baby,Kids Bicycle,6,871.9,5231.4,Debit Card,4
CUST02023,Priya Das,20,Male,Kolkata,2024-12-09,19:44,Groceries,Cooking Oil 1L,5,287.46,1437.3,UPI,1
CUST02024,Ishita Nair,28,Female,Kochi,2025-02-22,16:02,Groceries,Toor Dal 1kg,2,65.02,130.04,Credit Card,5
CUST02025,Pooja Bose,38,Male,Mumbai,2024-07-29,20:33,Groceries,Bread Loaf,4,541.06,2164.24,Debit Card,3
CUST02026,Meera Nair,35,Male,Delhi,2025-11-11,11:03,Sports & Fitness,Football,5,2131.28,10656.4,UPI,5
CUST02027,Meera Verma,24,Male,Bangalore,2024-08-02,12:36,Groceries,Sugar 1kg,3,343.8,1031.4,Credit Card,4
CUST02028,Simran Malhotra,41,Male,Vadodara,2025-09-04,13:21,Electronics,Bluetooth Headphones,2,7797.91,15595.82,Cash,4
CUST02029,Mohit Nair,31,Female,Kolkata,2025-03-14,21:00,Clothing,Formal Shirt,3,1925.88,5777.64,Debit Card,4
CUST02030,Usha Pillai,45,Male,Jaipur,2024-12-31,12:27,Groceries,Basmati Rice 5kg,6,495.63,2973.78,Cash,5
CUST02031,Kritika Agarwal,60,Female,Kolkata,2024-04-04,14:44,Home & Kitchen,Curtains,3,3327.41,9982.23,Debit Card,5
CUST02032,Kiran Chauhan,39,Male,Jaipur,2024-09-09,19:32,Clothing,Sports Shoes,2,1266.76,2533.52,Credit Card,5
CUST02033,Neelam Pandey,24,Female,Patna,2025-08-18,20:23,Personal Care,Deodorant,2,269.34,538.68,Debit Card,4
CUST02034,Pankaj Agarwal,43,Female,Kochi,2025-08-17,20:44,Electronics,Laptop,3,10010.32,30030.96,Walmart Gift Card,5
CUST02035,Suresh Ghosh,53,Female,Kochi,2025-12-25,21:24,Groceries,Toor Dal 1kg,2,532.59,1065.18,Cash,3
CUST02036,Naveen Mehta,39,Female,Bangalore,2025-03-04,12:47,Groceries,Eggs (12 pack),6,433.81,2602.86,Walmart Gift Card,4
CUST02037,Ishita Agarwal,31,Female,Indore,2025-11-15,18:01,Clothing,School Uniform,6,1430.21,8581.26,Cash,2
CUST02038,Ravi Shetty,27,Female,Agra,2025-07-13,21:42,Clothing,Winter Jacket,5,1923.15,9615.75,Credit Card,5
CUST02039,Sanjay Tiwari,32,Male,Hyderabad,2025-04-17,10:01,Electronics,Air Conditioner,6,9495.65,56973.9,Debit Card,1
CUST02040,Jyoti Joshi,48,Male,Nagpur,2024-10-07,17:39,Groceries,Cooking Oil 1L,1,568.64,568.64,Cash,5
CUST02041,Rahul Dutta,26,Female,Kochi,2024-05-05,13:25,Electronics,Laptop,1,6626.22,6626.22,Debit Card,4
CUST02042,Pankaj Das,29,Female,Chandigarh,2025-10-10,11:24,Electronics,Smartphone,6,26354.35,158126.1,Walmart Gift Card,4
CUST02043,Yash Das,31,Male,Nashik,2025-08-25,19:57,Groceries,Cooking Oil 1L,6,561.91,3371.46,UPI,1
CUST02044,Preeti Das,54,Female,Vadodara,2025-10-19,15:44,Toys & Baby,Baby Wipes,6,528.37,3170.22,Cash,4
CUST02045,Vishal Patel,57,Female,Bhopal,2025-07-17,12:13,Sports & Fitness,Yoga Mat,4,10292.53,41170.12,UPI,4
CUST02046,Manish Gupta,24,Female,Hyderabad,2024-09-09,18:38,Groceries,Coffee 200g,1,112.47,112.47,UPI,1
CUST02047,Arjun Kapoor,32,Male,Jaipur,2025-03-05,16:42,Sports & Fitness,Football,4,13781.1,55124.4,Debit Card,4
CUST02048,Sunil Mehta,36,Male,Agra,2024-03-13,15:31,Clothing,Formal Shirt,1,2253.02,2253.02,Net Banking,4
CUST02049,Vikram Kumar,34,Male,Hyderabad,2025-08-27,19:42,Clothing,Formal Shirt,5,2049.75,10248.75,Credit Card,1
CUST02050,Rohan Pandey,59,Male,Delhi,2024-05-01,15:58,Groceries,Tea Powder 500g,4,519.27,2077.08,Net Banking,1
CUST02051,Pooja Chandra,56,Male,Ahmedabad,2024-12-03,13:35,Electronics,Bluetooth Headphones,2,12195.51,24391.02,UPI,3
CUST02052,Neha Joshi,38,Male,Bangalore,2024-04-08,16:53,Clothing,Casual Sneakers,5,2957.02,14785.1,Net Banking,2
CUST02053,Nikhil Shetty,42,Male,Bangalore,2024-03-29,21:31,Electronics,Mixer Grinder,1,38600.4,38600.4,Credit Card,4
CUST02054,Meera Mehta,55,Female,Mumbai,2024-01-05,11:59,Sports & Fitness,Badminton Racket,4,10101.3,40405.2,Net Banking,2
CUST02055,Aarti Patel,25,Male,Ludhiana,2025-05-11,20:04,Clothing,Formal Shirt,3,625.97,1877.91,Net Banking,4
CUST02056,Rekha Bansal,50,Female,Patna,2024-09-01,17:50,Electronics,Refrigerator,2,27549.68,55099.36,Credit Card,1
CUST02057,Jyoti Pandey,57,Male,Coimbatore,2024-06-22,12:41,Sports & Fitness,Dumbbells Set,5,14981.59,74907.95,Debit Card,2
CUST02058,Yash Bhatt,21,Male,Visakhapatnam,2025-02-24,18:42,Groceries,Milk 1L,2,232.32,464.64,Cash,3
CUST02059,Sunita Kumar,44,Female,Kanpur,2025-05-23,20:19,Electronics,Washing Machine,2,34288.57,68577.14,Credit Card,1
CUST02060,Meera Chauhan,36,Female,Kochi,2025-12-22,18:17,Toys & Baby,Soft Toy,5,2216.93,11084.65,Net Banking,5
CUST02061,Sandeep Saxena,56,Female,Vadodara,2024-02-01,14:06,Home & Kitchen,Wall Clock,2,7852.12,15704.24,Net Banking,5
CUST02062,Rekha Rathore,40,Female,Pune,2024-07-07,16:40,Electronics,Air Conditioner,3,39983.86,119951.58,Walmart Gift Card,2
CUST02063,Vishal Iyer,42,Female,Chennai,2024-09-22,15:55,Personal Care,Deodorant,4,368.24,1472.96,Credit Card,5
CUST02064,Rahul Gupta,23,Female,Chandigarh,2025-01-22,17:41,Furniture,Office Chair,2,1619.7,3239.4,Cash,3
CUST02065,Pallavi Gupta,62,Female,Hyderabad,2025-02-25,15:34,Toys & Baby,Baby Diapers Pack,6,3923.82,23542.92,Net Banking,1
CUST02066,Varun Mehta,49,Male,Ludhiana,2025-05-28,20:07,Groceries,Eggs (12 pack),4,142.68,570.72,Credit Card,5
CUST02067,Deepak Nair,32,Male,Ludhiana,2024-01-14,17:17,Groceries,Cooking Oil 1L,5,135.26,676.3,Cash,5
CUST02068,Shreya Sinha,30,Female,Nashik,2024-04-04,09:46,Home & Kitchen,Dinner Set,1,160.12,160.12,Net Banking,4
CUST02069,Madhuri Thakur,25,Male,Kanpur,2024-09-09,14:42,Furniture,Office Chair,6,4213.34,25280.04,Credit Card,5
CUST02070,Rajesh Yadav,46,Male,Kolkata,2024-01-08,21:59,Personal Care,Soap Bar Pack,5,170.25,851.25,Cash,4
CUST02071,Ritu Chauhan,49,Male,Nashik,2025-07-07,09:54,Personal Care,Soap Bar Pack,2,84.54,169.08,Credit Card,1
CUST02072,Naveen Mehta,57,Female,Visakhapatnam,2024-12-06,21:08,Sports & Fitness,Football,3,1342.58,4027.74,Net Banking,2
CUST02073,Pallavi Bhatt,48,Female,Bhopal,2024-03-28,19:32,Electronics,Smartphone,5,2409.44,12047.2,Walmart Gift Card,4
CUST02074,Rahul Saxena,32,Female,Patna,2024-01-26,19:14,Sports & Fitness,Cycling Helmet,6,10713.45,64280.7,Cash,2
CUST02075,Ankit Mehta,32,Female,Jaipur,2025-08-12,09:20,Furniture,Sofa Set,6,10958.69,65752.14,UPI,5
CUST02076,Yash Trivedi,41,Female,Visakhapatnam,2024-01-01,15:38,Personal Care,Soap Bar Pack,3,216.72,650.16,Cash,1
CUST02077,Naveen Tiwari,27,Female,Mumbai,2025-04-15,12:14,Electronics,LED TV 43-inch,4,15454.93,61819.72,Cash,4
CUST02078,Komal Rathore,20,Male,Nagpur,2024-08-16,15:42,Electronics,Mixer Grinder,4,4920.92,19683.68,Net Banking,2
CUST02079,Naveen Kaur,53,Male,Chennai,2025-05-05,20:25,Electronics,LED TV 43-inch,5,13191.6,65958.0,Net Banking,3
CUST02080,Ravi Bhatt,35,Female,Bhopal,2024-01-10,17:18,Personal Care,Razor Pack,2,331.41,662.82,Walmart Gift Card,3
CUST02081,Aditya Iyer,34,Male,Pune,2025-04-10,20:08,Electronics,LED TV 43-inch,1,12906.67,12906.67,UPI,2
CUST02082,Mohit Mishra,33,Female,Nashik,2024-10-15,18:59,Groceries,Tea Powder 500g,3,223.43,670.29,Credit Card,5
CUST02083,Vivek Trivedi,54,Female,Mumbai,2024-09-01,21:13,Groceries,Cooking Oil 1L,3,298.7,896.1,Debit Card,3
CUST02084,Tanvi Thakur,36,Female,Kolkata,2024-05-22,17:24,Furniture,Office Chair,3,16540.84,49622.52,Debit Card,1
CUST02085,Shalini Verma,26,Female,Nagpur,2024-06-10,10:31,Groceries,Coffee 200g,5,99.86,499.3,UPI,3
CUST02086,Meera Nair,19,Female,Bangalore,2025-01-02,19:15,Clothing,School Uniform,2,2739.22,5478.44,Net Banking,3
CUST02087,Kiran Saxena,56,Male,Patna,2024-05-09,14:48,Toys & Baby,Baby Diapers Pack,4,963.03,3852.12,Credit Card,4
CUST02088,Ritu Rao,55,Male,Vadodara,2024-06-03,09:26,Groceries,Tea Powder 500g,3,54.17,162.51,Credit Card,1
CUST02089,Kavita Ghosh,33,Male,Pune,2024-03-27,18:03,Electronics,Laptop,4,27505.43,110021.72,Credit Card,1
CUST02090,Rahul Malhotra,63,Female,Indore,2025-01-20,20:45,Groceries,Cooking Oil 1L,2,512.93,1025.86,Walmart Gift Card,4
CUST02091,Jyoti Kumar,50,Female,Kanpur,2025-08-16,18:51,Sports & Fitness,Badminton Racket,1,10960.99,10960.99,Debit Card,4
CUST02092,Amit Bhatt,40,Male,Chennai,2025-04-24,16:58,Personal Care,Toothpaste,4,606.75,2427.0,Net Banking,2
CUST02093,Rajat Mishra,42,Female,Bhopal,2024-05-01,18:18,Personal Care,Body Lotion,4,70.79,283.16,UPI,4
CUST02094,Kavita Patel,60,Female,Patna,2024-02-29,14:11,Clothing,Sports Shoes,6,1427.03,8562.18,Walmart Gift Card,5
CUST02095,Neelam Kumar,26,Male,Agra,2025-05-03,17:03,Groceries,Wheat Flour 10kg,6,406.4,2438.4,Cash,2
CUST02096,Neha Iyer,26,Male,Bangalore,2025-11-27,16:01,Personal Care,Sanitary Pads,4,585.89,2343.56,Cash,5
CUST02097,Sandeep Joshi,39,Male,Chennai,2025-08-22,11:04,Groceries,Eggs (12 pack),1,346.53,346.53,Debit Card,5
CUST02098,Mahesh Bhatt,59,Female,Indore,2024-06-04,18:19,Groceries,Eggs (12 pack),1,95.72,95.72,Debit Card,1
CUST02099,Anjali Verma,65,Male,Bhopal,2025-08-01,20:09,Toys & Baby,Building Blocks,5,3034.13,15170.65,Debit Card,2
CUST02100,Nikhil Iyer,34,Female,Kanpur,2024-08-01,11:30,Home & Kitchen,Table Lamp,4,3132.92,12531.68,Net Banking,4
CUST02101,Kavita Trivedi,60,Male,Coimbatore,2024-12-15,12:58,Clothing,Cotton Saree,5,446.84,2234.2,Net Banking,3
CUST02102,Anjali Mehta,24,Female,Coimbatore,2025-03-14,15:18,Toys & Baby,Board Game,3,738.3,2214.9,Debit Card,5
CUST02103,Pankaj Rao,41,Male,Chennai,2024-08-13,21:58,Clothing,Formal Shirt,3,2843.43,8530.29,Debit Card,5
CUST02104,Abhishek Das,38,Female,Nashik,2025-06-07,13:37,Clothing,Sports Shoes,3,1704.57,5113.71,Cash,3
CUST02105,Nisha Agarwal,54,Female,Visakhapatnam,2025-10-02,11:20,Electronics,Bluetooth Headphones,1,14361.76,14361.76,Credit Card,5
CUST02106,Suresh Ghosh,44,Female,Nagpur,2025-11-19,09:55,Clothing,Cotton Saree,1,643.23,643.23,Cash,3
CUST02107,Madhuri Menon,63,Female,Kolkata,2024-01-23,18:28,Home & Kitchen,Curtains,6,2658.68,15952.08,Net Banking,4
CUST02108,Harsh Agarwal,26,Male,Chennai,2025-11-03,14:57,Home & Kitchen,Dinner Set,4,6969.11,27876.44,Credit Card,3
CUST02109,Ankit Kapoor,36,Female,Bhopal,2025-05-19,20:36,Home & Kitchen,Non-stick Pan,3,7299.06,21897.18,Cash,3
CUST02110,Komal Reddy,51,Female,Visakhapatnam,2025-10-27,18:33,Home & Kitchen,Vacuum Cleaner,1,1748.35,1748.35,Debit Card,2
CUST02111,Aarti Rathore,53,Male,Ahmedabad,2025-08-04,20:45,Groceries,Cooking Oil 1L,6,80.86,485.16,UPI,5
CUST02112,Karan Das,49,Female,Kochi,2024-08-12,19:08,Clothing,Sports Shoes,2,1369.24,2738.48,Net Banking,5
CUST02113,Anita Sharma,25,Male,Chennai,2024-02-20,20:43,Furniture,Bookshelf,1,20810.09,20810.09,Net Banking,4
CUST02114,Rajendra Agarwal,26,Female,Jaipur,2024-08-05,15:54,Personal Care,Soap Bar Pack,2,231.86,463.72,Cash,5
CUST02115,Rahul Nagar,28,Female,Patna,2024-01-09,14:40,Personal Care,Toothpaste,6,233.75,1402.5,Walmart Gift Card,4
CUST02116,Rajat Pillai,56,Male,Mumbai,2024-02-23,10:55,Home & Kitchen,Water Bottle,4,2347.46,9389.84,Debit Card,3
CUST02117,Pallavi Chandra,41,Male,Agra,2024-01-01,10:06,Furniture,Dining Table,1,20884.45,20884.45,UPI,4
CUST02118,Ravi Reddy,48,Female,Vadodara,2024-08-09,17:46,Personal Care,Shampoo 340ml,5,797.33,3986.65,Net Banking,1
CUST02119,Rajat Bose,58,Male,Delhi,2025-02-19,15:57,Electronics,Microwave Oven,2,3623.25,7246.5,Net Banking,5
CUST02120,Pooja Joshi,39,Male,Vadodara,2024-08-10,16:19,Home & Kitchen,Pressure Cooker,3,4193.16,12579.48,Cash,5
CUST02121,Radhika Nagar,21,Male,Delhi,2025-06-12,14:24,Home & Kitchen,Non-stick Pan,1,7389.07,7389.07,UPI,5
CUST02122,Manish Trivedi,46,Female,Delhi,2025-04-18,21:58,Groceries,Coffee 200g,1,135.12,135.12,Walmart Gift Card,2
CUST02123,Kiran Thakur,51,Male,Patna,2025-06-12,15:27,Personal Care,Sanitary Pads,1,149.63,149.63,Net Banking,5
CUST02124,Manish Patel,54,Female,Nagpur,2024-07-25,19:12,Clothing,Innerwear Pack,6,2210.22,13261.32,Debit Card,5
CUST02125,Karan Bansal,20,Female,Mumbai,2024-09-18,14:41,Electronics,Air Conditioner,2,17371.64,34743.28,Net Banking,2
CUST02126,Yash Pillai,38,Female,Visakhapatnam,2024-09-02,12:37,Groceries,Milk 1L,2,250.61,501.22,Walmart Gift Card,3
CUST02127,Rajat Chopra,42,Female,Coimbatore,2025-07-26,09:04,Groceries,Eggs (12 pack),6,315.09,1890.54,Walmart Gift Card,5
CUST02128,Vandana Agarwal,45,Female,Ludhiana,2024-07-26,09:09,Clothing,Winter Jacket,1,2490.66,2490.66,Net Banking,5
CUST02129,Nikhil Chopra,47,Male,Patna,2025-10-24,12:16,Personal Care,Sanitary Pads,5,530.55,2652.75,UPI,2
CUST02130,Komal Singh,28,Female,Chennai,2024-09-01,09:51,Toys & Baby,Stroller,3,1763.23,5289.69,Net Banking,5
CUST02131,Rajesh Sharma,52,Female,Chennai,2024-08-17,17:55,Furniture,Study Table,6,12231.98,73391.88,Walmart Gift Card,3
CUST02132,Payal Bansal,48,Female,Kochi,2025-05-28,13:08,Sports & Fitness,Dumbbells Set,1,13206.53,13206.53,UPI,3
CUST02133,Payal Nagar,42,Male,Mumbai,2024-03-25,11:04,Personal Care,Shampoo 340ml,1,431.77,431.77,Credit Card,3
CUST02134,Shalini Iyer,30,Female,Coimbatore,2024-12-23,20:42,Electronics,Laptop,6,43422.59,260535.54,Cash,5
CUST02135,Tarun Mehta,57,Female,Hyderabad,2025-01-20,14:45,Personal Care,Sunscreen,6,458.78,2752.68,Net Banking,5
CUST02136,Yash Das,43,Female,Indore,2025-01-21,17:54,Electronics,Smartwatch,5,32775.58,163877.9,Debit Card,4
CUST02137,Rajat Agarwal,19,Male,Nashik,2024-10-15,11:43,Personal Care,Face Wash,2,846.38,1692.76,Cash,5
CUST02138,Anita Kulkarni,57,Male,Visakhapatnam,2024-09-21,12:39,Groceries,Wheat Flour 10kg,5,91.77,458.85,Walmart Gift Card,1
CUST02139,Vishal Verma,41,Female,Patna,2024-12-08,16:50,Personal Care,Sanitary Pads,1,700.3,700.3,Walmart Gift Card,2
CUST02140,Arjun Mishra,20,Male,Delhi,2025-05-31,09:08,Groceries,Cooking Oil 1L,4,54.9,219.6,Cash,5
CUST02141,Nikhil Bose,47,Female,Nashik,2024-10-22,17:32,Clothing,School Uniform,2,856.81,1713.62,Walmart Gift Card,4
CUST02142,Radhika Trivedi,23,Male,Hyderabad,2024-09-15,15:15,Electronics,Refrigerator,4,25999.94,103999.76,Walmart Gift Card,5
CUST02143,Sunita Bhatt,61,Male,Chennai,2025-05-21,20:08,Groceries,Sugar 1kg,1,568.33,568.33,Walmart Gift Card,5
CUST02144,Sandeep Chauhan,27,Male,Lucknow,2025-08-29,11:46,Electronics,Washing Machine,3,38737.37,116212.11,Cash,3
CUST02145,Aarti Sharma,20,Male,Visakhapatnam,2025-11-11,09:05,Furniture,Bookshelf,1,14333.45,14333.45,UPI,5
CUST02146,Rahul Yadav,23,Male,Ludhiana,2025-05-22,10:25,Personal Care,Hair Oil,2,752.08,1504.16,Walmart Gift Card,4
CUST02147,Neha Kapoor,33,Female,Indore,2024-07-24,21:00,Toys & Baby,Building Blocks,4,2433.26,9733.04,Credit Card,1
CUST02148,Neha Gupta,55,Male,Vadodara,2025-03-30,17:07,Toys & Baby,Kids Bicycle,2,357.27,714.54,Walmart Gift Card,1
CUST02149,Bhavna Shetty,20,Male,Vadodara,2024-10-12,10:21,Home & Kitchen,Curtains,3,5637.31,16911.93,Net Banking,3
CUST02150,Rohan Chandra,65,Male,Delhi,2025-03-10,10:15,Furniture,Sofa Set,6,11921.82,71530.92,Cash,5
CUST02151,Nisha Shetty,59,Male,Vadodara,2025-11-21,19:27,Personal Care,Toothpaste,2,887.44,1774.88,Net Banking,2
CUST02152,Yash Ghosh,37,Female,Visakhapatnam,2024-08-13,10:53,Sports & Fitness,Gym Gloves,1,13102.86,13102.86,Credit Card,1
CUST02153,Yash Dutta,31,Male,Mumbai,2025-09-11,16:39,Toys & Baby,Board Game,4,3726.49,14905.96,Net Banking,4
CUST02154,Meera Mehta,53,Male,Kochi,2025-02-21,20:55,Electronics,Refrigerator,5,11088.9,55444.5,UPI,1
CUST02155,Kavita Das,49,Female,Patna,2025-02-11,11:42,Personal Care,Toothpaste,5,476.0,2380.0,Net Banking,4
CUST02156,Ajay Desai,45,Female,Mumbai,2025-02-15,11:37,Groceries,Bread Loaf,6,138.81,832.86,Debit Card,3
CUST02157,Sandeep Pillai,45,Female,Vadodara,2025-12-05,12:28,Toys & Baby,Baby Powder,1,2322.52,2322.52,Walmart Gift Card,5
CUST02158,Arjun Das,38,Male,Kolkata,2025-07-04,18:00,Home & Kitchen,Wall Clock,6,7152.13,42912.78,Cash,4
CUST02159,Aditya Yadav,54,Male,Chennai,2024-06-04,15:20,Electronics,Smartwatch,4,22028.03,88112.12,Net Banking,5
CUST02160,Rakesh Bhatt,19,Male,Ludhiana,2024-03-15,20:59,Electronics,Air Conditioner,1,14815.28,14815.28,UPI,2
CUST02161,Pankaj Mehta,42,Female,Patna,2024-05-22,18:55,Home & Kitchen,Curtains,5,699.27,3496.35,UPI,5
CUST02162,Yash Patel,52,Female,Bangalore,2024-02-27,19:23,Home & Kitchen,Dinner Set,5,3513.96,17569.8,Credit Card,1
CUST02163,Swati Bose,35,Male,Vadodara,2025-04-19,09:40,Sports & Fitness,Cycling Helmet,4,5373.8,21495.2,Debit Card,1
CUST02164,Ankit Kaur,30,Male,Hyderabad,2024-03-06,19:32,Groceries,Cooking Oil 1L,3,398.49,1195.47,Cash,1
CUST02165,Jyoti Agarwal,28,Male,Nagpur,2024-07-04,11:14,Home & Kitchen,Wall Clock,3,1321.49,3964.47,Debit Card,5
CUST02166,Nikhil Reddy,58,Male,Nagpur,2025-05-25,19:12,Groceries,Basmati Rice 5kg,1,480.35,480.35,Credit Card,3
CUST02167,Pallavi Malhotra,42,Female,Chennai,2025-04-25,21:47,Electronics,Smartwatch,4,16865.82,67463.28,Walmart Gift Card,4
CUST02168,Sneha Yadav,49,Male,Chandigarh,2025-09-03,14:57,Personal Care,Hair Oil,4,854.67,3418.68,Cash,5
CUST02169,Harsh Singh,64,Female,Ludhiana,2024-09-16,14:14,Furniture,Sofa Set,3,16679.62,50038.86,UPI,5
CUST02170,Karan Agarwal,42,Female,Ludhiana,2025-06-10,12:42,Sports & Fitness,Skipping Rope,3,13926.68,41780.04,Walmart Gift Card,4
CUST02171,Rajendra Kapoor,36,Male,Coimbatore,2025-03-15,19:10,Furniture,Dining Table,6,14355.27,86131.62,Cash,5
CUST02172,Preeti Pillai,43,Female,Vadodara,2025-04-16,16:23,Electronics,Smartphone,1,38841.91,38841.91,Net Banking,5
CUST02173,Amit Nagar,56,Female,Ahmedabad,2025-11-03,19:16,Groceries,Bread Loaf,5,358.47,1792.35,UPI,4
CUST02174,Rekha Thakur,62,Female,Ludhiana,2024-11-22,21:03,Groceries,Basmati Rice 5kg,6,484.75,2908.5,UPI,1
CUST02175,Vivek Shetty,35,Female,Bhopal,2024-10-14,11:58,Groceries,Basmati Rice 5kg,1,301.84,301.84,Net Banking,4
CUST02176,Anjali Kulkarni,46,Male,Kochi,2025-10-12,21:59,Clothing,Kids Jeans,5,1115.51,5577.55,UPI,1
CUST02177,Aditya Dutta,19,Male,Indore,2024-02-09,19:08,Groceries,Tea Powder 500g,3,110.47,331.41,Walmart Gift Card,1
CUST02178,Naveen Mishra,19,Male,Ludhiana,2024-03-07,11:58,Groceries,Sugar 1kg,3,174.84,524.52,Cash,4
CUST02179,Simran Rao,49,Female,Pune,2025-11-03,14:36,Groceries,Wheat Flour 10kg,1,128.23,128.23,Credit Card,4
CUST02180,Nisha Das,40,Male,Bhopal,2025-11-22,15:57,Toys & Baby,Toy Car,5,1793.11,8965.55,Debit Card,5
CUST02181,Manish Singh,51,Female,Patna,2024-12-24,14:18,Groceries,Sugar 1kg,5,443.2,2216.0,UPI,2
CUST02182,Pallavi Pillai,20,Male,Agra,2024-11-07,14:53,Groceries,Wheat Flour 10kg,1,312.15,312.15,UPI,5
CUST02183,Gaurav Kulkarni,62,Male,Indore,2025-03-01,16:12,Groceries,Cooking Oil 1L,5,514.86,2574.3,Debit Card,5
CUST02184,Harsh Saxena,24,Male,Bangalore,2024-06-19,21:27,Home & Kitchen,Vacuum Cleaner,3,7712.08,23136.24,UPI,2
CUST02185,Vivek Pillai,19,Female,Vadodara,2025-08-26,18:59,Groceries,Eggs (12 pack),4,137.88,551.52,Credit Card,5
CUST02186,Simran Patel,56,Female,Ahmedabad,2024-03-16,15:47,Groceries,Sugar 1kg,5,378.74,1893.7,Cash,1
CUST02187,Bhavna Mishra,20,Female,Kochi,2024-05-08,19:45,Home & Kitchen,Wall Clock,5,1271.28,6356.4,Walmart Gift Card,5
CUST02188,Pankaj Rao,61,Male,Kolkata,2025-06-27,17:33,Sports & Fitness,Football,3,11768.34,35305.02,Credit Card,4
CUST02189,Rajendra Tiwari,23,Female,Chandigarh,2024-09-05,15:19,Groceries,Cooking Oil 1L,3,384.29,1152.87,UPI,1
CUST02190,Ankit Dutta,29,Male,Hyderabad,2025-01-14,16:24,Groceries,Cooking Oil 1L,4,249.0,996.0,Cash,3
CUST02191,Karan Reddy,63,Female,Lucknow,2024-03-28,17:54,Home & Kitchen,Dinner Set,6,2181.27,13087.62,Walmart Gift Card,4
CUST02192,Naveen Desai,45,Female,Ahmedabad,2024-06-09,19:37,Furniture,Office Chair,1,17613.39,17613.39,Cash,5
CUST02193,Ritu Mehta,38,Male,Indore,2025-04-23,18:08,Groceries,Coffee 200g,1,571.8,571.8,Cash,5
CUST02194,Karan Rathore,31,Male,Vadodara,2024-03-26,20:03,Groceries,Bread Loaf,2,426.92,853.84,Walmart Gift Card,5
CUST02195,Simran Chandra,27,Male,Hyderabad,2024-03-18,21:20,Home & Kitchen,Curtains,4,4602.52,18410.08,Cash,4
CUST02196,Vishal Pillai,48,Male,Mumbai,2025-05-14,09:28,Electronics,Smartwatch,5,30964.05,154820.25,Walmart Gift Card,4
CUST02197,Yash Thakur,65,Male,Kanpur,2024-02-22,09:51,Toys & Baby,Baby Diapers Pack,3,1169.24,3507.72,Debit Card,1
CUST02198,Suresh Saxena,65,Male,Ludhiana,2024-11-13,19:22,Clothing,Innerwear Pack,1,2689.4,2689.4,Credit Card,3
CUST02199,Siddharth Nagar,43,Female,Nagpur,2024-07-29,13:26,Groceries,Basmati Rice 5kg,3,54.68,164.04,Walmart Gift Card,5
CUST02200,Yash Pandey,58,Male,Ludhiana,2025-07-08,17:06,Personal Care,Face Wash,2,722.6,1445.2,Credit Card,2
CUST02201,Kritika Dutta,60,Male,Bhopal,2024-09-07,13:24,Groceries,Basmati Rice 5kg,3,105.07,315.21,Credit Card,2
CUST02202,Vandana Pandey,28,Male,Mumbai,2025-01-05,21:15,Groceries,Tea Powder 500g,6,350.8,2104.8,Debit Card,1
CUST02203,Anita Kumar,61,Female,Vadodara,2024-01-10,12:34,Groceries,Bread Loaf,2,278.43,556.86,Net Banking,2
CUST02204,Payal Desai,65,Female,Nashik,2025-10-25,16:27,Groceries,Tea Powder 500g,5,438.54,2192.7,Cash,3
CUST02205,Anjali Gupta,19,Female,Chennai,2024-01-10,16:07,Groceries,Wheat Flour 10kg,1,581.59,581.59,Cash,4
CUST02206,Varun Dutta,41,Male,Chandigarh,2024-08-09,16:00,Personal Care,Sunscreen,3,147.53,442.59,Net Banking,5
CUST02207,Arjun Reddy,55,Male,Nashik,2025-01-07,15:38,Electronics,Microwave Oven,3,12271.74,36815.22,Cash,3
CUST02208,Ravi Tiwari,39,Female,Hyderabad,2024-08-29,16:28,Home & Kitchen,Vacuum Cleaner,4,4063.35,16253.4,Walmart Gift Card,2
CUST02209,Rajendra Nagar,44,Male,Indore,2025-02-15,21:53,Groceries,Milk 1L,4,108.6,434.4,Cash,5
CUST02210,Vandana Rao,19,Female,Kanpur,2025-06-21,16:47,Clothing,Casual Sneakers,1,787.89,787.89,UPI,1
CUST02211,Nisha Nair,31,Female,Coimbatore,2025-02-04,15:11,Electronics,Bluetooth Headphones,3,13932.68,41798.04,Cash,5
CUST02212,Nikhil Joshi,18,Female,Coimbatore,2025-12-01,13:11,Groceries,Eggs (12 pack),4,478.52,1914.08,Walmart Gift Card,2
CUST02213,Komal Malhotra,36,Male,Hyderabad,2025-03-01,13:30,Home & Kitchen,Table Lamp,6,3458.76,20752.56,Credit Card,4
CUST02214,Sunita Yadav,42,Female,Agra,2025-07-18,17:49,Clothing,Casual Sneakers,1,845.24,845.24,Debit Card,1
CUST02215,Sneha Agarwal,52,Male,Patna,2025-12-07,10:48,Personal Care,Body Lotion,4,672.31,2689.24,UPI,3
CUST02216,Ankit Thakur,25,Male,Patna,2024-10-13,10:02,Furniture,TV Unit,3,15560.29,46680.87,UPI,1
CUST02217,Rakesh Iyer,55,Male,Bangalore,2024-10-14,16:07,Clothing,Kids Jeans,2,1662.3,3324.6,Net Banking,4
CUST02218,Rahul Patel,52,Male,Bhopal,2025-05-06,14:43,Personal Care,Sanitary Pads,6,104.88,629.28,Cash,4
CUST02219,Payal Bhatt,55,Female,Nashik,2024-05-18,10:31,Home & Kitchen,Water Bottle,2,7449.39,14898.78,Credit Card,2
CUST02220,Shalini Shetty,44,Female,Indore,2025-11-09,10:57,Electronics,Bluetooth Headphones,5,28195.65,140978.25,Credit Card,5
CUST02221,Pooja Trivedi,31,Female,Indore,2024-04-06,11:38,Toys & Baby,Baby Wipes,4,880.45,3521.8,Cash,5
CUST02222,Radhika Rathore,29,Female,Hyderabad,2025-05-14,17:32,Clothing,Formal Shirt,5,1378.93,6894.65,Credit Card,2
CUST02223,Preeti Sinha,62,Male,Nagpur,2024-07-31,19:52,Clothing,Kids Jeans,6,380.24,2281.44,Credit Card,5
CUST02224,Pooja Pillai,49,Female,Pune,2025-12-08,12:26,Personal Care,Face Wash,1,386.77,386.77,Credit Card,4
CUST02225,Pooja Bansal,57,Female,Jaipur,2024-02-27,12:30,Home & Kitchen,Non-stick Pan,3,5560.59,16681.77,Walmart Gift Card,3
CUST02226,Radhika Bhatt,41,Female,Vadodara,2025-08-23,17:48,Groceries,Bread Loaf,2,424.05,848.1,Credit Card,3
CUST02227,Payal Agarwal,64,Male,Nashik,2024-12-16,10:28,Home & Kitchen,Bed Sheet Set,3,6250.99,18752.97,UPI,2
CUST02228,Swati Yadav,53,Male,Chandigarh,2024-07-02,10:52,Personal Care,Hair Oil,4,788.82,3155.28,Walmart Gift Card,3
CUST02229,Rajesh Das,20,Male,Visakhapatnam,2025-01-01,13:06,Clothing,Winter Jacket,5,1895.14,9475.7,Debit Card,4
CUST02230,Siddharth Rao,24,Female,Nagpur,2025-04-26,18:25,Groceries,Basmati Rice 5kg,5,183.3,916.5,Net Banking,5
CUST02231,Anjali Kaur,45,Female,Kanpur,2025-10-06,13:58,Furniture,Recliner,5,12423.13,62115.65,Walmart Gift Card,1
CUST02232,Vivek Mehta,47,Female,Chandigarh,2024-04-05,15:25,Personal Care,Body Lotion,3,606.71,1820.13,Net Banking,2
CUST02233,Karan Joshi,31,Female,Pune,2024-05-19,10:30,Furniture,Wardrobe,1,12738.15,12738.15,Walmart Gift Card,4
CUST02234,Aarti Sharma,63,Male,Lucknow,2024-10-03,10:44,Groceries,Cooking Oil 1L,6,143.9,863.4,Net Banking,4
CUST02235,Neha Menon,61,Male,Kolkata,2024-01-15,10:57,Personal Care,Sanitary Pads,3,319.17,957.51,Net Banking,2
CUST02236,Bhavna Bhatt,35,Male,Lucknow,2025-11-15,09:10,Personal Care,Soap Bar Pack,3,190.45,571.35,Walmart Gift Card,4
CUST02237,Kritika Chauhan,18,Female,Bhopal,2025-06-11,15:42,Clothing,Women's Kurti,1,2087.85,2087.85,Credit Card,5
CUST02238,Neelam Agarwal,18,Female,Hyderabad,2025-09-26,20:04,Electronics,Washing Machine,2,28248.07,56496.14,Debit Card,5
CUST02239,Vikram Yadav,37,Male,Lucknow,2024-02-27,17:58,Toys & Baby,Baby Wipes,6,2570.41,15422.46,Debit Card,5
CUST02240,Pooja Kumar,19,Male,Surat,2025-08-14,18:11,Electronics,Smartwatch,3,8810.75,26432.25,Credit Card,3
CUST02241,Aditya Bansal,42,Female,Indore,2024-06-20,18:22,Home & Kitchen,Storage Containers,5,1510.16,7550.8,Debit Card,4
CUST02242,Sunil Saxena,23,Female,Bangalore,2024-01-17,18:50,Toys & Baby,Baby Powder,2,2474.44,4948.88,Debit Card,4
CUST02243,Suresh Agarwal,59,Male,Lucknow,2024-07-11,13:26,Groceries,Bread Loaf,6,147.72,886.32,Debit Card,4
CUST02244,Naveen Sinha,52,Male,Ahmedabad,2025-06-23,15:27,Electronics,Mixer Grinder,3,5331.72,15995.16,Net Banking,4
CUST02245,Vikram Nagar,45,Female,Lucknow,2025-01-27,18:08,Groceries,Sugar 1kg,6,359.11,2154.66,Net Banking,5
CUST02246,Tanvi Verma,46,Female,Pune,2024-06-16,21:54,Electronics,LED TV 43-inch,5,38899.02,194495.1,Net Banking,5
CUST02247,Varun Bansal,58,Male,Ahmedabad,2024-08-02,14:38,Home & Kitchen,Wall Clock,4,2374.53,9498.12,Credit Card,5
CUST02248,Kiran Mishra,20,Female,Bhopal,2024-02-08,21:37,Groceries,Tea Powder 500g,5,160.78,803.9,Net Banking,5
CUST02249,Shalini Nair,53,Female,Pune,2025-10-22,15:42,Furniture,Bed Frame,6,18648.56,111891.36,Cash,5
CUST02250,Rekha Rathore,55,Female,Bhopal,2025-10-19,09:55,Groceries,Wheat Flour 10kg,4,435.15,1740.6,Cash,1
CUST02251,Arjun Bose,57,Female,Bangalore,2025-04-03,10:21,Groceries,Sugar 1kg,5,193.39,966.95,Cash,5
CUST02252,Radhika Menon,45,Female,Mumbai,2025-03-08,09:43,Home & Kitchen,Pressure Cooker,5,5864.57,29322.85,Credit Card,5
CUST02253,Ashish Bhatt,34,Male,Pune,2025-10-17,15:36,Electronics,Laptop,3,27792.77,83378.31,Net Banking,5
CUST02254,Rahul Agarwal,38,Male,Chandigarh,2025-08-13,21:14,Electronics,Refrigerator,4,38673.75,154695.0,Cash,5
CUST02255,Bhavna Gupta,26,Female,Kolkata,2025-12-20,17:37,Personal Care,Sanitary Pads,1,456.17,456.17,Debit Card,5
CUST02256,Madhuri Reddy,37,Male,Chennai,2025-12-23,16:27,Electronics,Laptop,5,15108.69,75543.45,Walmart Gift Card,3
CUST02257,Rakesh Pandey,50,Male,Chandigarh,2025-08-09,12:48,Clothing,Winter Jacket,5,2028.77,10143.85,Walmart Gift Card,5
CUST02258,Rohan Saxena,30,Female,Vadodara,2024-01-23,21:05,Electronics,LED TV 43-inch,6,37923.51,227541.06,Debit Card,5
CUST02259,Rakesh Thakur,39,Male,Nashik,2025-05-30,14:09,Home & Kitchen,Non-stick Pan,3,5195.2,15585.6,Walmart Gift Card,5
CUST02260,Vishal Tiwari,51,Female,Patna,2024-05-30,09:12,Groceries,Sugar 1kg,4,230.15,920.6,Walmart Gift Card,5
CUST02261,Preeti Bose,37,Female,Pune,2025-09-04,15:47,Home & Kitchen,Dinner Set,4,4143.06,16572.24,Walmart Gift Card,4
CUST02262,Simran Mehta,52,Male,Coimbatore,2025-11-26,15:05,Sports & Fitness,Football,2,5687.6,11375.2,Cash,1
CUST02263,Madhuri Rao,25,Female,Lucknow,2025-03-14,11:43,Electronics,Washing Machine,4,21200.55,84802.2,Cash,3
CUST02264,Sunita Desai,43,Female,Ludhiana,2025-07-21,18:31,Electronics,LED TV 43-inch,5,27949.99,139749.95,Cash,4
CUST02265,Jyoti Chauhan,57,Female,Coimbatore,2025-12-30,14:08,Electronics,Laptop,3,37897.54,113692.62,Net Banking,5
CUST02266,Rajesh Rathore,65,Female,Jaipur,2025-04-21,15:35,Toys & Baby,Baby Diapers Pack,2,1957.17,3914.34,Cash,4
CUST02267,Sneha Bose,27,Male,Patna,2025-03-31,14:12,Clothing,Cotton Saree,1,1097.34,1097.34,UPI,2
CUST02268,Pooja Yadav,48,Male,Chandigarh,2024-02-03,19:45,Personal Care,Shampoo 340ml,5,554.22,2771.1,Credit Card,4
CUST02269,Vikram Menon,41,Female,Kanpur,2024-09-26,14:15,Personal Care,Face Wash,2,685.69,1371.38,Net Banking,5
CUST02270,Sandeep Chauhan,33,Female,Kolkata,2024-02-02,19:43,Furniture,Bookshelf,4,11601.18,46404.72,Walmart Gift Card,1
CUST02271,Vikram Bose,47,Male,Agra,2024-11-11,18:48,Personal Care,Toothpaste,1,677.91,677.91,Walmart Gift Card,5
CUST02272,Neelam Kumar,23,Female,Surat,2024-11-21,17:13,Sports & Fitness,Dumbbells Set,5,1706.67,8533.35,Walmart Gift Card,5
CUST02273,Shalini Das,45,Male,Lucknow,2024-04-05,17:41,Personal Care,Razor Pack,4,417.04,1668.16,Walmart Gift Card,5
CUST02274,Usha Trivedi,60,Male,Jaipur,2025-10-28,21:53,Personal Care,Sunscreen,4,395.91,1583.64,Cash,3
CUST02275,Rahul Chauhan,63,Male,Kanpur,2025-06-23,19:39,Clothing,Innerwear Pack,5,1281.05,6405.25,Credit Card,4
CUST02276,Nisha Rao,62,Male,Mumbai,2025-03-08,13:54,Personal Care,Sunscreen,6,216.19,1297.14,Credit Card,5
CUST02277,Shalini Bansal,61,Male,Nashik,2024-02-26,14:04,Clothing,Kids Jeans,2,434.48,868.96,Debit Card,2
CUST02278,Sunil Saxena,42,Male,Lucknow,2025-08-27,10:16,Clothing,Casual Sneakers,2,836.34,1672.68,Cash,5
CUST02279,Nisha Bose,47,Female,Lucknow,2024-09-25,13:06,Toys & Baby,Baby Diapers Pack,2,1376.53,2753.06,Credit Card,3
CUST02280,Gaurav Nagar,48,Male,Kanpur,2025-02-20,15:19,Sports & Fitness,Cycling Helmet,6,10292.99,61757.94,Cash,5
CUST02281,Naveen Mehta,31,Male,Pune,2024-01-09,11:22,Furniture,Office Chair,5,17346.43,86732.15,Net Banking,5
CUST02282,Anita Agarwal,44,Female,Ludhiana,2025-06-23,21:34,Toys & Baby,Stroller,2,3808.38,7616.76,UPI,3
CUST02283,Ritu Trivedi,53,Female,Surat,2025-06-19,13:45,Toys & Baby,Kids Bicycle,1,3254.5,3254.5,Walmart Gift Card,2
CUST02284,Nisha Dutta,42,Female,Kanpur,2025-09-27,11:13,Toys & Baby,Baby Wipes,4,1896.79,7587.16,Net Banking,4
CUST02285,Sanjay Kaur,32,Female,Ludhiana,2024-02-12,20:03,Personal Care,Sunscreen,1,520.09,520.09,Debit Card,2
CUST02286,Pallavi Saxena,30,Female,Chennai,2024-04-15,20:38,Personal Care,Face Wash,3,828.37,2485.11,UPI,5
CUST02287,Aditya Singh,55,Male,Kolkata,2024-07-16,13:05,Groceries,Milk 1L,2,309.7,619.4,Credit Card,4
CUST02288,Kiran Patel,30,Male,Bangalore,2024-02-25,10:20,Electronics,Washing Machine,3,9453.35,28360.05,Debit Card,1
CUST02289,Rajesh Singh,37,Female,Mumbai,2024-04-12,09:39,Clothing,School Uniform,1,2097.23,2097.23,Walmart Gift Card,5
CUST02290,Abhishek Chandra,53,Female,Coimbatore,2025-12-25,15:15,Personal Care,Deodorant,4,401.69,1606.76,Walmart Gift Card,4
CUST02291,Ishita Pandey,25,Male,Nashik,2025-09-04,13:21,Home & Kitchen,Bed Sheet Set,4,7519.26,30077.04,Debit Card,1
CUST02292,Neelam Pandey,61,Male,Nashik,2024-04-17,20:47,Furniture,Office Chair,1,11354.75,11354.75,Cash,5
CUST02293,Divya Verma,21,Male,Kolkata,2025-07-02,11:26,Home & Kitchen,Bed Sheet Set,6,1119.46,6716.76,Net Banking,3
CUST02294,Shreya Patel,58,Female,Kanpur,2025-01-25,18:36,Furniture,TV Unit,2,16784.01,33568.02,Cash,3
CUST02295,Sneha Sinha,30,Female,Patna,2024-12-19,18:14,Home & Kitchen,Pressure Cooker,6,180.48,1082.88,Debit Card,5
CUST02296,Jyoti Nair,26,Female,Delhi,2025-10-22,19:29,Personal Care,Face Wash,2,85.62,171.24,UPI,5
CUST02297,Jyoti Nair,34,Male,Ludhiana,2024-03-31,13:21,Clothing,Women's Kurti,2,1927.67,3855.34,Debit Card,1
CUST02298,Mohit Nagar,59,Male,Visakhapatnam,2025-01-24,09:18,Furniture,Shoe Rack,4,1874.49,7497.96,Net Banking,1
CUST02299,Vivek Malhotra,34,Male,Indore,2025-02-12,20:38,Personal Care,Hair Oil,4,281.33,1125.32,UPI,1
CUST02300,Rahul Bose,23,Female,Indore,2025-02-02,14:40,Electronics,Microwave Oven,2,2359.25,4718.5,UPI,5
CUST02301,Meera Rao,50,Female,Vadodara,2025-01-25,14:27,Clothing,School Uniform,4,2252.01,9008.04,Walmart Gift Card,4
CUST02302,Pooja Joshi,42,Male,Indore,2024-03-31,10:51,Home & Kitchen,Bed Sheet Set,5,330.79,1653.95,Walmart Gift Card,4
CUST02303,Rakesh Sharma,35,Female,Agra,2025-09-22,09:13,Electronics,Mixer Grinder,1,34112.01,34112.01,Net Banking,1
CUST02304,Nikhil Mishra,25,Female,Vadodara,2024-06-21,20:36,Home & Kitchen,Water Bottle,6,2080.25,12481.5,UPI,4
CUST02305,Pooja Kaur,63,Male,Jaipur,2025-01-05,12:19,Clothing,Innerwear Pack,6,381.39,2288.34,Cash,3
CUST02306,Aditya Kaur,40,Male,Kochi,2025-07-31,14:46,Clothing,Winter Jacket,6,404.81,2428.86,Debit Card,3
CUST02307,Ravi Trivedi,18,Female,Vadodara,2025-02-27,21:21,Personal Care,Sanitary Pads,6,504.13,3024.78,Cash,3
CUST02308,Nisha Chauhan,60,Male,Kolkata,2024-01-02,21:48,Clothing,Kids Jeans,6,1725.43,10352.58,Credit Card,4
CUST02309,Shreya Desai,41,Male,Delhi,2025-07-02,20:19,Clothing,School Uniform,5,1192.83,5964.15,Walmart Gift Card,5
CUST02310,Ashish Menon,58,Female,Vadodara,2025-07-18,12:30,Groceries,Bread Loaf,3,228.17,684.51,UPI,4
CUST02311,Ishita Ghosh,48,Female,Chennai,2025-05-04,14:57,Groceries,Milk 1L,6,160.37,962.22,UPI,5
CUST02312,Deepak Nagar,62,Female,Jaipur,2025-12-03,10:45,Clothing,Casual Sneakers,3,489.21,1467.63,Walmart Gift Card,4
CUST02313,Seema Saxena,61,Male,Indore,2025-09-23,18:31,Clothing,Women's Kurti,6,2042.76,12256.56,Cash,4
CUST02314,Mohit Rao,35,Female,Kanpur,2025-03-22,13:56,Personal Care,Toothpaste,3,714.07,2142.21,Credit Card,5
CUST02315,Pankaj Sinha,56,Female,Ahmedabad,2024-07-30,14:47,Furniture,Study Table,1,14794.53,14794.53,Net Banking,3
CUST02316,Neha Reddy,43,Male,Delhi,2025-10-16,11:11,Groceries,Milk 1L,5,311.47,1557.35,UPI,3
CUST02317,Suresh Sinha,35,Male,Lucknow,2025-02-24,17:03,Personal Care,Sunscreen,2,462.86,925.72,Net Banking,4
CUST02318,Rekha Singh,23,Male,Jaipur,2025-07-20,09:04,Groceries,Sugar 1kg,2,550.49,1100.98,UPI,4
CUST02319,Pankaj Desai,41,Female,Nagpur,2024-11-30,13:17,Sports & Fitness,Gym Gloves,1,13942.45,13942.45,Cash,1
CUST02320,Yash Desai,55,Male,Nagpur,2025-02-16,19:44,Groceries,Bread Loaf,4,520.69,2082.76,Debit Card,5
CUST02321,Meera Singh,58,Female,Kochi,2024-04-19,18:44,Groceries,Toor Dal 1kg,5,365.36,1826.8,Debit Card,5
CUST02322,Ajay Rathore,65,Male,Vadodara,2024-12-31,14:46,Electronics,LED TV 43-inch,2,44165.29,88330.58,Walmart Gift Card,4
CUST02323,Kritika Verma,61,Female,Bhopal,2024-06-11,15:11,Electronics,Washing Machine,5,6933.18,34665.9,Cash,4
CUST02324,Preeti Thakur,41,Female,Patna,2024-01-03,16:35,Home & Kitchen,Dinner Set,3,6024.85,18074.55,Net Banking,1
CUST02325,Payal Mishra,23,Male,Nashik,2024-03-11,11:36,Clothing,Casual Sneakers,4,1280.27,5121.08,Walmart Gift Card,4
CUST02326,Naveen Mehta,37,Male,Surat,2025-09-26,17:11,Groceries,Wheat Flour 10kg,4,554.71,2218.84,Net Banking,4
CUST02327,Mahesh Mishra,60,Female,Jaipur,2024-11-22,18:57,Clothing,Sports Shoes,3,1292.9,3878.7,Credit Card,5
CUST02328,Rahul Chauhan,38,Female,Kochi,2024-08-15,21:27,Home & Kitchen,Curtains,6,6707.45,40244.7,Net Banking,5
CUST02329,Jyoti Mehta,39,Female,Agra,2025-08-19,13:49,Groceries,Cooking Oil 1L,6,51.47,308.82,Net Banking,1
CUST02330,Ashish Das,62,Male,Lucknow,2025-04-19,16:07,Toys & Baby,Stroller,2,1503.77,3007.54,Credit Card,1
CUST02331,Manish Reddy,39,Female,Bhopal,2024-09-26,12:42,Clothing,Winter Jacket,3,1940.04,5820.12,Credit Card,4
CUST02332,Sunil Bansal,26,Male,Kanpur,2024-09-17,10:14,Sports & Fitness,Gym Gloves,5,5184.14,25920.7,UPI,4
CUST02333,Ashish Pandey,24,Female,Ludhiana,2025-11-12,14:09,Electronics,Washing Machine,4,10258.65,41034.6,Debit Card,3
CUST02334,Sunil Chauhan,41,Female,Ludhiana,2025-09-04,13:53,Groceries,Coffee 200g,3,317.29,951.87,Cash,5
CUST02335,Rajendra Mehta,59,Female,Nagpur,2024-04-30,21:12,Groceries,Tea Powder 500g,3,395.44,1186.32,Cash,3
CUST02336,Aditya Joshi,65,Female,Bhopal,2025-02-14,21:37,Groceries,Basmati Rice 5kg,4,105.97,423.88,Cash,2
CUST02337,Harsh Trivedi,60,Female,Kochi,2024-12-23,20:20,Toys & Baby,Building Blocks,3,585.49,1756.47,Net Banking,5
CUST02338,Anjali Sinha,63,Male,Patna,2024-02-07,10:29,Furniture,Dining Table,6,19514.71,117088.26,Credit Card,4
CUST02339,Sunita Mehta,19,Male,Bhopal,2024-04-17,16:47,Electronics,LED TV 43-inch,6,38210.17,229261.02,Credit Card,5
CUST02340,Vishal Ghosh,59,Female,Agra,2024-07-01,17:20,Groceries,Tea Powder 500g,4,435.4,1741.6,UPI,2
CUST02341,Ravi Iyer,25,Female,Agra,2025-08-22,15:28,Toys & Baby,Building Blocks,6,2243.74,13462.44,Cash,4
CUST02342,Radhika Kapoor,45,Female,Ahmedabad,2025-02-21,09:31,Electronics,Washing Machine,6,24101.72,144610.32,Credit Card,5
CUST02343,Suresh Nair,52,Male,Jaipur,2024-04-19,21:12,Personal Care,Body Lotion,2,732.71,1465.42,Net Banking,1
CUST02344,Pooja Agarwal,30,Male,Nashik,2024-11-13,18:14,Clothing,Formal Shirt,2,1604.37,3208.74,Cash,5
CUST02345,Gaurav Yadav,48,Female,Bhopal,2024-01-23,12:45,Personal Care,Toothpaste,6,285.15,1710.9,Walmart Gift Card,1
CUST02346,Rohan Kulkarni,61,Male,Kanpur,2024-06-06,15:52,Personal Care,Sanitary Pads,3,531.0,1593.0,Credit Card,3
CUST02347,Tanvi Malhotra,60,Female,Ahmedabad,2025-12-25,21:51,Furniture,Wardrobe,5,23730.43,118652.15,Credit Card,3
CUST02348,Rajendra Sinha,42,Female,Agra,2024-07-19,21:51,Groceries,Cooking Oil 1L,6,120.63,723.78,Debit Card,2
CUST02349,Pallavi Chopra,38,Male,Nagpur,2025-10-19,17:36,Groceries,Wheat Flour 10kg,5,319.08,1595.4,Debit Card,5
CUST02350,Bhavna Das,38,Female,Jaipur,2025-12-17,12:11,Home & Kitchen,Dinner Set,4,7330.5,29322.0,UPI,5
CUST02351,Shalini Bhatt,22,Male,Vadodara,2025-12-13,14:05,Groceries,Tea Powder 500g,6,517.5,3105.0,Debit Card,5
CUST02352,Madhuri Kapoor,50,Male,Coimbatore,2025-10-25,19:34,Electronics,LED TV 43-inch,2,25225.67,50451.34,Credit Card,4
CUST02353,Pankaj Pillai,50,Female,Hyderabad,2024-09-23,15:42,Clothing,Formal Shirt,4,2832.52,11330.08,Debit Card,3
CUST02354,Sneha Kumar,34,Male,Pune,2024-04-23,11:28,Groceries,Toor Dal 1kg,1,544.67,544.67,Debit Card,4
CUST02355,Sunita Sharma,30,Male,Vadodara,2025-05-09,09:46,Clothing,Sports Shoes,3,1538.96,4616.88,Net Banking,1
CUST02356,Neelam Bansal,45,Male,Ludhiana,2025-09-10,14:00,Groceries,Eggs (12 pack),4,129.41,517.64,Cash,5
CUST02357,Payal Kumar,58,Female,Kolkata,2025-07-12,17:54,Sports & Fitness,Gym Gloves,2,818.59,1637.18,Net Banking,5
CUST02358,Rohan Pandey,24,Female,Agra,2024-10-31,19:21,Groceries,Sugar 1kg,6,139.01,834.06,Cash,4
CUST02359,Sandeep Kulkarni,37,Male,Agra,2025-12-02,21:14,Home & Kitchen,Storage Containers,1,2684.78,2684.78,Net Banking,1
CUST02360,Sunita Bose,54,Male,Agra,2024-11-01,11:21,Personal Care,Razor Pack,6,72.99,437.94,Walmart Gift Card,2
CUST02361,Madhuri Singh,25,Male,Kochi,2025-02-10,17:09,Toys & Baby,Baby Powder,5,489.38,2446.9,Net Banking,5
CUST02362,Alka Sharma,47,Female,Kolkata,2024-09-11,19:57,Groceries,Milk 1L,2,86.84,173.68,Cash,3
CUST02363,Tanvi Chopra,43,Male,Chennai,2024-01-26,17:45,Groceries,Bread Loaf,5,454.23,2271.15,Net Banking,5
CUST02364,Abhishek Agarwal,50,Male,Chennai,2025-01-11,17:14,Toys & Baby,Kids Bicycle,2,876.05,1752.1,Net Banking,4
CUST02365,Rajesh Chandra,58,Male,Mumbai,2024-11-30,10:30,Clothing,Casual Sneakers,2,2684.82,5369.64,UPI,5
CUST02366,Harsh Saxena,54,Male,Visakhapatnam,2024-03-24,13:03,Personal Care,Toothpaste,1,795.91,795.91,Credit Card,3
CUST02367,Vandana Desai,30,Male,Agra,2025-05-08,18:37,Electronics,Air Conditioner,6,26564.48,159386.88,Credit Card,4
CUST02368,Tanvi Thakur,47,Male,Patna,2024-07-15,09:22,Furniture,Office Chair,4,17932.58,71730.32,Cash,5
CUST02369,Neha Ghosh,37,Male,Chennai,2025-02-05,13:34,Electronics,Refrigerator,1,15384.21,15384.21,Debit Card,5
CUST02370,Nikhil Desai,46,Female,Ludhiana,2025-02-17,16:29,Electronics,Air Conditioner,4,34567.21,138268.84,Walmart Gift Card,5
CUST02371,Neha Sharma,42,Female,Ahmedabad,2025-10-12,19:53,Electronics,Smartwatch,6,20913.06,125478.36,Debit Card,2
CUST02372,Tarun Desai,20,Male,Ahmedabad,2025-04-07,14:58,Groceries,Coffee 200g,4,461.63,1846.52,Cash,4
CUST02373,Tanvi Reddy,18,Female,Ludhiana,2025-12-18,16:46,Electronics,Air Conditioner,1,26729.87,26729.87,Debit Card,2
CUST02374,Vandana Patel,40,Female,Mumbai,2025-04-10,18:49,Toys & Baby,Feeding Bottle,2,1986.23,3972.46,Net Banking,5
CUST02375,Naveen Bansal,44,Male,Hyderabad,2024-11-10,16:23,Groceries,Eggs (12 pack),5,309.96,1549.8,UPI,5
CUST02376,Neelam Mishra,47,Male,Vadodara,2025-11-30,18:13,Home & Kitchen,Vacuum Cleaner,2,1456.39,2912.78,UPI,5
CUST02377,Varun Verma,31,Male,Nashik,2025-03-02,09:53,Clothing,Sports Shoes,5,2610.25,13051.25,Cash,5
CUST02378,Swati Menon,22,Male,Vadodara,2025-10-01,21:55,Groceries,Bread Loaf,5,312.0,1560.0,Cash,5
CUST02379,Vishal Rathore,56,Female,Bhopal,2025-02-20,11:24,Groceries,Sugar 1kg,5,360.75,1803.75,Debit Card,5
CUST02380,Alka Kaur,29,Female,Bangalore,2024-09-01,14:07,Personal Care,Toothpaste,1,854.94,854.94,Debit Card,5
CUST02381,Vivek Malhotra,60,Male,Indore,2024-08-25,12:43,Clothing,Kids Jeans,3,804.72,2414.16,Debit Card,1
CUST02382,Ankit Joshi,57,Male,Jaipur,2024-01-29,15:36,Electronics,LED TV 43-inch,4,36796.27,147185.08,UPI,4
CUST02383,Amit Das,57,Female,Chandigarh,2025-02-05,14:49,Groceries,Milk 1L,4,345.73,1382.92,Debit Card,4
CUST02384,Divya Nair,50,Female,Ahmedabad,2024-09-28,13:33,Clothing,Men's T-Shirt,1,2410.04,2410.04,Net Banking,5
CUST02385,Rajat Shetty,48,Female,Ahmedabad,2025-06-16,21:00,Groceries,Coffee 200g,6,464.39,2786.34,UPI,3
CUST02386,Abhishek Tiwari,37,Male,Vadodara,2025-02-24,21:19,Toys & Baby,Stroller,2,3900.26,7800.52,Debit Card,5
CUST02387,Mohit Verma,48,Female,Ludhiana,2025-11-26,11:02,Clothing,Casual Sneakers,5,1341.44,6707.2,Debit Card,3
CUST02388,Nisha Reddy,33,Male,Patna,2024-11-29,17:25,Groceries,Wheat Flour 10kg,5,582.86,2914.3,Cash,4
CUST02389,Suresh Shetty,48,Female,Kolkata,2025-12-17,10:16,Furniture,Shoe Rack,4,6270.09,25080.36,Debit Card,4
CUST02390,Abhishek Menon,29,Male,Patna,2024-04-27,15:00,Furniture,Recliner,4,8778.17,35112.68,Debit Card,4
CUST02391,Swati Shetty,53,Male,Patna,2024-07-02,17:31,Groceries,Milk 1L,1,435.87,435.87,UPI,5
CUST02392,Arjun Iyer,19,Male,Coimbatore,2025-05-15,14:19,Groceries,Basmati Rice 5kg,1,447.74,447.74,UPI,4
CUST02393,Karan Das,35,Female,Nashik,2024-10-02,15:26,Groceries,Wheat Flour 10kg,1,527.64,527.64,Debit Card,5
CUST02394,Siddharth Verma,24,Female,Kolkata,2024-06-23,09:14,Clothing,Innerwear Pack,4,945.37,3781.48,Walmart Gift Card,5
CUST02395,Neha Bansal,52,Female,Lucknow,2025-01-16,17:31,Personal Care,Body Lotion,2,71.25,142.5,Debit Card,4
CUST02396,Preeti Das,52,Male,Indore,2025-08-31,11:14,Groceries,Wheat Flour 10kg,3,234.57,703.71,Debit Card,5
CUST02397,Ashish Kumar,35,Female,Vadodara,2024-04-07,14:02,Personal Care,Sunscreen,6,446.65,2679.9,Walmart Gift Card,2
CUST02398,Rekha Trivedi,56,Female,Coimbatore,2025-08-08,11:02,Groceries,Coffee 200g,2,242.72,485.44,Credit Card,3
CUST02399,Radhika Nair,33,Male,Visakhapatnam,2024-10-02,18:41,Groceries,Coffee 200g,4,512.98,2051.92,Debit Card,5
CUST02400,Tanvi Nagar,28,Male,Surat,2024-03-20,15:53,Clothing,Cotton Saree,3,2479.02,7437.06,Debit Card,5
CUST02401,Arjun Bhatt,56,Male,Mumbai,2025-04-15,13:44,Furniture,Wardrobe,3,21016.51,63049.53,Credit Card,4
CUST02402,Swati Pandey,53,Female,Ahmedabad,2025-09-07,10:33,Home & Kitchen,Bed Sheet Set,4,1172.75,4691.0,Net Banking,4
CUST02403,Karan Malhotra,37,Female,Kochi,2025-05-06,11:56,Clothing,Sports Shoes,6,2420.86,14525.16,UPI,4
CUST02404,Rajesh Pandey,30,Female,Lucknow,2025-09-10,15:23,Home & Kitchen,Vacuum Cleaner,5,4038.95,20194.75,Cash,2
CUST02405,Tanvi Das,63,Female,Ahmedabad,2025-08-08,09:48,Furniture,Study Table,2,15914.51,31829.02,Debit Card,4
CUST02406,Sunil Verma,59,Female,Chennai,2025-10-03,09:46,Electronics,Smartwatch,4,43276.59,173106.36,Credit Card,4
CUST02407,Priya Thakur,22,Female,Visakhapatnam,2024-10-21,11:25,Electronics,Laptop,4,19151.83,76607.32,Cash,3
CUST02408,Suresh Chauhan,34,Male,Delhi,2024-03-27,20:17,Groceries,Coffee 200g,2,79.18,158.36,Walmart Gift Card,1
CUST02409,Sanjay Mishra,27,Female,Ahmedabad,2024-07-05,15:19,Groceries,Wheat Flour 10kg,4,151.39,605.56,Credit Card,4
CUST02410,Ashish Mishra,44,Male,Mumbai,2025-09-17,21:14,Home & Kitchen,Table Lamp,3,1138.11,3414.33,Debit Card,5
CUST02411,Seema Agarwal,46,Female,Kolkata,2025-10-24,21:20,Groceries,Tea Powder 500g,6,183.3,1099.8,Net Banking,5
CUST02412,Neelam Bansal,48,Male,Kanpur,2024-06-19,15:49,Groceries,Coffee 200g,1,484.3,484.3,Debit Card,4
CUST02413,Alka Desai,43,Female,Mumbai,2024-01-17,18:02,Groceries,Sugar 1kg,2,382.81,765.62,Walmart Gift Card,1
CUST02414,Rekha Pandey,47,Female,Bangalore,2025-05-30,16:15,Toys & Baby,Feeding Bottle,3,668.03,2004.09,Walmart Gift Card,5
CUST02415,Siddharth Bose,60,Male,Visakhapatnam,2025-02-14,18:31,Furniture,Bookshelf,6,7341.73,44050.38,Net Banking,3
CUST02416,Neha Pillai,46,Female,Jaipur,2024-08-24,19:36,Sports & Fitness,Football,5,3107.5,15537.5,Cash,1
CUST02417,Shalini Yadav,31,Male,Visakhapatnam,2024-08-15,14:29,Electronics,Air Conditioner,4,25460.77,101843.08,Debit Card,4
CUST02418,Usha Mehta,32,Male,Mumbai,2025-10-06,19:13,Furniture,Sofa Set,3,9499.09,28497.27,Credit Card,3
CUST02419,Simran Pillai,37,Male,Kolkata,2025-08-06,17:23,Groceries,Eggs (12 pack),3,61.9,185.7,Debit Card,5
CUST02420,Deepak Singh,33,Male,Kanpur,2024-09-11,11:20,Groceries,Wheat Flour 10kg,4,76.51,306.04,Credit Card,1
CUST02421,Ashish Patel,41,Female,Surat,2024-09-30,19:44,Clothing,Casual Sneakers,1,2460.92,2460.92,Credit Card,4
CUST02422,Shreya Iyer,59,Female,Surat,2024-06-09,14:52,Electronics,Bluetooth Headphones,1,27042.92,27042.92,UPI,2
CUST02423,Suresh Yadav,32,Male,Patna,2024-09-12,20:56,Personal Care,Toothpaste,5,136.55,682.75,UPI,1
CUST02424,Yash Rao,64,Female,Nashik,2025-04-26,10:21,Sports & Fitness,Dumbbells Set,5,10751.67,53758.35,Walmart Gift Card,5
CUST02425,Siddharth Tiwari,49,Male,Nagpur,2025-10-08,19:08,Clothing,Winter Jacket,2,2886.68,5773.36,UPI,5
CUST02426,Kritika Verma,45,Male,Kochi,2025-07-03,19:23,Clothing,Women's Kurti,6,2091.44,12548.64,Walmart Gift Card,5
CUST02427,Aditya Yadav,26,Male,Mumbai,2024-06-06,09:20,Clothing,Women's Kurti,3,364.22,1092.66,Net Banking,5
CUST02428,Rajendra Tiwari,60,Female,Nashik,2024-08-08,20:27,Clothing,Women's Kurti,3,772.08,2316.24,Credit Card,1
CUST02429,Vikram Mehta,20,Male,Lucknow,2024-02-21,20:13,Personal Care,Sanitary Pads,6,140.68,844.08,Net Banking,3
CUST02430,Ashish Nagar,51,Male,Ludhiana,2025-02-04,19:07,Home & Kitchen,Non-stick Pan,3,6424.1,19272.3,Cash,4
CUST02431,Mahesh Reddy,44,Female,Visakhapatnam,2025-12-02,14:59,Clothing,Cotton Saree,1,1700.47,1700.47,Cash,1
CUST02432,Yash Gupta,60,Female,Surat,2025-01-24,16:11,Sports & Fitness,Cycling Helmet,5,11428.22,57141.1,Net Banking,1
CUST02433,Priya Bansal,27,Female,Kolkata,2024-10-24,16:09,Toys & Baby,Baby Powder,1,2725.6,2725.6,Walmart Gift Card,4
CUST02434,Vishal Joshi,40,Female,Lucknow,2025-12-30,21:01,Groceries,Tea Powder 500g,2,449.93,899.86,Net Banking,4
CUST02435,Rohan Das,56,Female,Vadodara,2025-01-15,10:41,Personal Care,Sunscreen,6,890.46,5342.76,UPI,5
CUST02436,Rajat Thakur,53,Male,Indore,2024-09-26,18:02,Clothing,Women's Kurti,3,1315.7,3947.1,Cash,5
CUST02437,Seema Nagar,64,Female,Bhopal,2024-04-13,10:27,Electronics,Air Conditioner,3,34518.48,103555.44,UPI,5
CUST02438,Rekha Gupta,40,Female,Nagpur,2024-04-01,17:03,Groceries,Toor Dal 1kg,2,559.37,1118.74,Walmart Gift Card,5
CUST02439,Nikhil Kaur,27,Male,Kochi,2024-12-20,15:21,Groceries,Milk 1L,5,509.19,2545.95,Debit Card,4
CUST02440,Tarun Bansal,48,Male,Mumbai,2025-07-24,16:06,Personal Care,Toothpaste,4,475.91,1903.64,Net Banking,3
CUST02441,Neelam Mehta,41,Female,Ludhiana,2024-05-27,13:42,Clothing,Kids Jeans,1,2593.31,2593.31,Credit Card,3
CUST02442,Komal Bhatt,39,Female,Mumbai,2024-02-02,17:47,Home & Kitchen,Water Bottle,3,4780.35,14341.05,Walmart Gift Card,1
CUST02443,Nikhil Ghosh,49,Female,Chandigarh,2024-11-13,15:06,Clothing,School Uniform,5,1565.35,7826.75,Cash,4
CUST02444,Priya Kapoor,36,Male,Vadodara,2024-03-22,13:14,Groceries,Basmati Rice 5kg,1,66.45,66.45,UPI,3
CUST02445,Bhavna Chandra,32,Male,Patna,2025-08-04,18:41,Personal Care,Hair Oil,1,427.65,427.65,Cash,5
CUST02446,Varun Menon,42,Male,Vadodara,2025-09-12,21:24,Home & Kitchen,Curtains,3,933.24,2799.72,Debit Card,3
CUST02447,Tanvi Iyer,46,Female,Chandigarh,2024-02-08,11:14,Clothing,Men's T-Shirt,2,600.34,1200.68,UPI,1
CUST02448,Komal Saxena,65,Female,Bhopal,2025-11-06,14:33,Toys & Baby,Baby Wipes,2,1501.76,3003.52,Net Banking,1
CUST02449,Pallavi Mehta,51,Male,Vadodara,2025-02-16,15:02,Furniture,Study Table,3,3132.07,9396.21,Walmart Gift Card,2
CUST02450,Swati Joshi,55,Male,Patna,2025-09-20,09:37,Clothing,Formal Shirt,3,1586.26,4758.78,Net Banking,5
CUST02451,Rajesh Menon,23,Female,Chennai,2024-10-15,13:19,Clothing,Innerwear Pack,3,2530.1,7590.3,Debit Card,1
CUST02452,Ankit Chopra,34,Male,Jaipur,2024-09-07,16:15,Clothing,Sports Shoes,2,2241.51,4483.02,Cash,2
CUST02453,Naveen Chauhan,20,Male,Bangalore,2024-06-05,15:43,Toys & Baby,Baby Wipes,5,223.11,1115.55,Cash,2
CUST02454,Pallavi Reddy,56,Male,Coimbatore,2024-09-27,16:59,Home & Kitchen,Non-stick Pan,4,819.37,3277.48,Credit Card,2
CUST02455,Kavita Kaur,57,Male,Kochi,2024-05-26,13:46,Electronics,Refrigerator,6,30703.13,184218.78,Cash,5
CUST02456,Preeti Bhatt,22,Male,Ahmedabad,2024-03-12,17:06,Electronics,Microwave Oven,1,9551.78,9551.78,Credit Card,2
CUST02457,Bhavna Sharma,39,Male,Visakhapatnam,2025-03-31,18:42,Personal Care,Face Wash,3,594.39,1783.17,Credit Card,4
CUST02458,Bhavna Rathore,20,Female,Indore,2025-01-30,16:06,Groceries,Toor Dal 1kg,1,493.67,493.67,UPI,5
CUST02459,Seema Joshi,22,Male,Pune,2025-04-30,11:48,Groceries,Milk 1L,4,199.47,797.88,Debit Card,5
CUST02460,Ishita Bansal,56,Female,Delhi,2025-04-05,13:16,Clothing,Formal Shirt,1,861.83,861.83,Net Banking,5
CUST02461,Amit Thakur,32,Male,Nashik,2025-09-21,13:05,Groceries,Sugar 1kg,4,461.29,1845.16,Debit Card,5
CUST02462,Naveen Kumar,18,Female,Mumbai,2024-03-07,20:41,Groceries,Bread Loaf,4,242.83,971.32,Net Banking,1
CUST02463,Yash Trivedi,43,Male,Bangalore,2025-06-30,18:25,Personal Care,Shampoo 340ml,1,82.48,82.48,Walmart Gift Card,5
CUST02464,Aarti Menon,24,Male,Surat,2024-01-22,09:17,Groceries,Basmati Rice 5kg,4,562.06,2248.24,Cash,4
CUST02465,Mahesh Das,47,Female,Ludhiana,2025-06-04,13:33,Electronics,Smartwatch,5,26919.64,134598.2,Credit Card,5
CUST02466,Priya Desai,43,Male,Mumbai,2024-03-14,16:31,Sports & Fitness,Gym Gloves,4,258.15,1032.6,Debit Card,5
CUST02467,Siddharth Ghosh,37,Male,Pune,2024-04-23,10:28,Toys & Baby,Baby Diapers Pack,4,2158.44,8633.76,Credit Card,5
CUST02468,Rohan Gupta,35,Male,Kolkata,2024-12-31,14:54,Furniture,Bed Frame,3,8402.53,25207.59,Net Banking,5
CUST02469,Madhuri Agarwal,32,Male,Ahmedabad,2025-02-20,20:59,Home & Kitchen,Table Lamp,3,5359.2,16077.6,UPI,5
CUST02470,Deepak Rao,54,Male,Patna,2025-01-03,12:58,Personal Care,Shampoo 340ml,2,670.59,1341.18,Credit Card,1
CUST02471,Bhavna Chandra,62,Male,Nagpur,2024-04-24,20:39,Home & Kitchen,Water Bottle,2,5796.83,11593.66,Cash,5
CUST02472,Aditya Mehta,47,Male,Agra,2024-10-06,17:31,Toys & Baby,Board Game,6,3660.85,21965.1,Walmart Gift Card,3
CUST02473,Anita Dutta,40,Female,Surat,2025-05-05,19:51,Sports & Fitness,Football,5,2470.82,12354.1,Cash,5
CUST02474,Divya Bose,62,Male,Ahmedabad,2025-05-08,18:24,Electronics,Laptop,1,40338.94,40338.94,Cash,1
CUST02475,Rekha Sharma,41,Female,Ludhiana,2025-04-18,18:08,Home & Kitchen,Vacuum Cleaner,2,6624.34,13248.68,Credit Card,2
CUST02476,Sunita Nair,39,Male,Nagpur,2025-01-14,21:16,Personal Care,Sunscreen,5,574.38,2871.9,Cash,4
CUST02477,Kiran Joshi,55,Female,Mumbai,2025-10-23,14:23,Groceries,Toor Dal 1kg,6,587.45,3524.7,Cash,1
CUST02478,Simran Thakur,63,Male,Jaipur,2024-04-11,20:34,Home & Kitchen,Vacuum Cleaner,6,6743.43,40460.58,Cash,5
CUST02479,Shreya Chauhan,38,Male,Nashik,2024-06-26,15:03,Toys & Baby,Baby Diapers Pack,3,193.03,579.09,Credit Card,1
CUST02480,Arjun Reddy,60,Male,Bangalore,2025-08-22,16:12,Toys & Baby,Board Game,1,1719.58,1719.58,Net Banking,4
CUST02481,Harsh Chandra,58,Male,Chennai,2025-07-23,17:08,Sports & Fitness,Football,1,893.81,893.81,Walmart Gift Card,4
CUST02482,Seema Pandey,60,Female,Agra,2024-07-20,19:59,Home & Kitchen,Table Lamp,4,3902.86,15611.44,Debit Card,2
CUST02483,Neha Bose,60,Female,Vadodara,2025-02-26,14:20,Groceries,Eggs (12 pack),6,184.76,1108.56,Walmart Gift Card,5
CUST02484,Karan Thakur,26,Male,Bangalore,2024-05-23,09:26,Personal Care,Soap Bar Pack,5,174.42,872.1,Debit Card,2
CUST02485,Seema Das,36,Male,Patna,2025-02-27,13:48,Electronics,Laptop,1,7674.9,7674.9,Credit Card,5
CUST02486,Aditya Pillai,50,Male,Surat,2025-04-18,15:17,Furniture,Recliner,5,3053.76,15268.8,Credit Card,4
CUST02487,Ankit Rao,54,Male,Visakhapatnam,2024-12-17,11:50,Home & Kitchen,Curtains,6,1560.53,9363.18,Net Banking,3
CUST02488,Kiran Kulkarni,24,Male,Nagpur,2025-09-11,18:36,Furniture,Sofa Set,4,15204.57,60818.28,UPI,3
CUST02489,Swati Yadav,29,Female,Jaipur,2024-09-11,21:58,Electronics,Air Conditioner,3,34397.33,103191.99,Walmart Gift Card,5
CUST02490,Vandana Pillai,50,Male,Hyderabad,2024-09-20,09:38,Groceries,Sugar 1kg,2,75.48,150.96,Walmart Gift Card,1
CUST02491,Ishita Dutta,49,Female,Bangalore,2025-11-22,19:50,Toys & Baby,Stroller,6,1456.11,8736.66,Walmart Gift Card,1
CUST02492,Sunita Chopra,48,Female,Nashik,2024-06-04,09:45,Groceries,Milk 1L,5,103.88,519.4,Walmart Gift Card,4
CUST02493,Sunita Desai,47,Male,Hyderabad,2024-08-09,11:12,Clothing,Sports Shoes,4,2243.33,8973.32,UPI,4
CUST02494,Pooja Shetty,18,Male,Nashik,2025-05-16,16:49,Electronics,Smartwatch,5,25895.61,129478.05,Debit Card,5
CUST02495,Anita Thakur,40,Female,Agra,2025-10-20,11:16,Electronics,Washing Machine,1,25743.17,25743.17,Walmart Gift Card,5
CUST02496,Varun Patel,22,Male,Patna,2025-12-28,17:27,Personal Care,Sanitary Pads,4,69.95,279.8,Debit Card,5
CUST02497,Ravi Kulkarni,45,Male,Hyderabad,2024-06-13,12:13,Groceries,Tea Powder 500g,3,451.66,1354.98,Credit Card,1
CUST02498,Vandana Gupta,41,Female,Ahmedabad,2024-06-19,19:16,Groceries,Tea Powder 500g,6,130.38,782.28,Walmart Gift Card,3
CUST02499,Usha Kulkarni,32,Male,Hyderabad,2025-06-21,12:05,Groceries,Eggs (12 pack),6,443.86,2663.16,Debit Card,5
CUST02500,Simran Pillai,40,Female,Ludhiana,2024-01-07,10:39,Electronics,Smartphone,1,21659.58,21659.58,Cash,1
CUST02501,Aarti Nair,52,Female,Jaipur,2024-06-13,16:39,Toys & Baby,Baby Wipes,4,2759.33,11037.32,Walmart Gift Card,5
CUST02502,Nikhil Das,38,Male,Kolkata,2025-12-01,20:01,Home & Kitchen,Water Bottle,3,2756.33,8268.99,Credit Card,5
CUST02503,Arjun Gupta,50,Male,Nashik,2024-05-11,15:56,Electronics,Air Conditioner,3,32182.23,96546.69,Debit Card,4
CUST02504,Rohan Sharma,31,Female,Mumbai,2024-02-09,11:47,Sports & Fitness,Cricket Bat,2,3761.28,7522.56,Walmart Gift Card,4
CUST02505,Amit Kapoor,60,Female,Coimbatore,2024-12-04,21:13,Groceries,Toor Dal 1kg,2,597.67,1195.34,Net Banking,2
CUST02506,Rekha Ghosh,27,Male,Nashik,2024-05-06,15:53,Groceries,Bread Loaf,6,268.02,1608.12,Cash,5
CUST02507,Tarun Pandey,18,Male,Pune,2024-09-15,10:01,Toys & Baby,Feeding Bottle,3,1185.95,3557.85,Cash,2
CUST02508,Rekha Das,34,Female,Mumbai,2024-12-05,17:01,Groceries,Tea Powder 500g,3,209.58,628.74,Credit Card,5
CUST02509,Sanjay Trivedi,44,Female,Chennai,2024-01-04,18:08,Home & Kitchen,Storage Containers,6,1484.16,8904.96,UPI,2
CUST02510,Ritu Tiwari,18,Female,Mumbai,2025-12-23,15:06,Home & Kitchen,Storage Containers,5,4649.19,23245.95,Walmart Gift Card,4
CUST02511,Ritu Mishra,28,Female,Kanpur,2025-11-07,21:35,Groceries,Sugar 1kg,6,139.45,836.7,Credit Card,5
CUST02512,Rajendra Dutta,30,Female,Chandigarh,2024-10-04,20:03,Clothing,Formal Shirt,2,1212.06,2424.12,Walmart Gift Card,4
CUST02513,Jyoti Das,29,Female,Kochi,2024-04-19,10:07,Toys & Baby,Building Blocks,5,1520.12,7600.6,UPI,3
CUST02514,Ishita Yadav,50,Female,Kolkata,2025-02-15,09:14,Clothing,School Uniform,5,1730.33,8651.65,Credit Card,5
CUST02515,Shalini Shetty,55,Male,Ahmedabad,2025-06-03,09:45,Groceries,Milk 1L,5,539.99,2699.95,Net Banking,5
CUST02516,Ritu Shetty,45,Male,Lucknow,2024-08-13,14:44,Toys & Baby,Toy Car,2,2475.69,4951.38,UPI,4
CUST02517,Abhishek Thakur,29,Male,Surat,2024-11-24,16:31,Personal Care,Deodorant,5,401.68,2008.4,Net Banking,2
CUST02518,Kavita Kapoor,46,Male,Mumbai,2024-05-26,16:55,Personal Care,Deodorant,4,405.81,1623.24,UPI,5
CUST02519,Kavita Patel,42,Male,Ludhiana,2024-02-09,21:48,Home & Kitchen,Water Bottle,5,4627.96,23139.8,Credit Card,5
CUST02520,Nisha Malhotra,25,Male,Pune,2024-03-03,09:58,Electronics,Air Conditioner,5,35136.87,175684.35,Net Banking,4
CUST02521,Varun Kulkarni,45,Male,Chennai,2024-08-20,09:43,Personal Care,Sunscreen,5,552.84,2764.2,Cash,4
CUST02522,Sunita Mehta,65,Male,Kochi,2025-05-05,18:56,Groceries,Coffee 200g,5,465.31,2326.55,Net Banking,3
CUST02523,Alka Mehta,58,Female,Visakhapatnam,2025-11-24,16:47,Electronics,LED TV 43-inch,2,10136.97,20273.94,Net Banking,5
CUST02524,Ankit Nagar,41,Female,Vadodara,2025-08-12,16:25,Home & Kitchen,Table Lamp,3,6241.15,18723.45,Walmart Gift Card,4
CUST02525,Rohan Ghosh,18,Male,Patna,2025-09-18,21:46,Groceries,Coffee 200g,3,388.51,1165.53,Walmart Gift Card,4
CUST02526,Shalini Yadav,47,Female,Lucknow,2024-06-23,20:27,Electronics,LED TV 43-inch,4,18612.25,74449.0,Debit Card,5
CUST02527,Tanvi Bhatt,59,Male,Lucknow,2025-02-04,09:59,Personal Care,Deodorant,5,151.67,758.35,Walmart Gift Card,4
CUST02528,Kritika Mishra,55,Male,Nashik,2025-09-12,20:50,Clothing,Innerwear Pack,6,399.02,2394.12,Net Banking,5
CUST02529,Abhishek Nagar,38,Female,Vadodara,2025-07-19,10:24,Personal Care,Razor Pack,3,409.98,1229.94,Cash,4
CUST02530,Preeti Pandey,61,Male,Patna,2025-10-29,19:06,Toys & Baby,Building Blocks,1,3984.71,3984.71,Walmart Gift Card,5
CUST02531,Alka Saxena,24,Male,Surat,2024-08-11,15:37,Home & Kitchen,Non-stick Pan,4,4136.71,16546.84,Debit Card,3
CUST02532,Rajesh Kapoor,63,Female,Lucknow,2025-09-10,14:08,Groceries,Sugar 1kg,4,369.9,1479.6,Net Banking,5
CUST02533,Anjali Malhotra,32,Male,Chennai,2025-04-14,12:20,Furniture,TV Unit,3,6095.83,18287.49,Walmart Gift Card,5
CUST02534,Ritu Bhatt,57,Female,Chennai,2024-05-11,12:17,Electronics,LED TV 43-inch,2,6972.71,13945.42,Cash,5
CUST02535,Pooja Bhatt,45,Female,Delhi,2025-12-12,16:02,Home & Kitchen,Water Bottle,3,3039.93,9119.79,Debit Card,1
CUST02536,Anjali Menon,25,Female,Jaipur,2025-01-04,18:17,Groceries,Bread Loaf,3,196.01,588.03,Cash,5
CUST02537,Manish Chopra,24,Male,Coimbatore,2024-01-15,15:20,Home & Kitchen,Bed Sheet Set,4,5464.46,21857.84,Credit Card,5
CUST02538,Kiran Mehta,27,Male,Chennai,2025-12-28,19:01,Furniture,Shoe Rack,6,7066.1,42396.6,UPI,5
CUST02539,Aarti Bhatt,44,Female,Ahmedabad,2024-12-14,18:21,Personal Care,Hair Oil,3,370.56,1111.68,Credit Card,3
CUST02540,Ajay Joshi,63,Female,Indore,2025-09-12,21:43,Groceries,Eggs (12 pack),4,472.49,1889.96,UPI,4
CUST02541,Simran Nair,49,Female,Pune,2025-02-24,09:01,Home & Kitchen,Wall Clock,1,2213.4,2213.4,Net Banking,3
CUST02542,Kritika Das,54,Female,Kochi,2025-07-30,09:11,Home & Kitchen,Bed Sheet Set,4,7134.87,28539.48,Walmart Gift Card,3
CUST02543,Shreya Singh,54,Female,Kanpur,2025-09-12,09:27,Sports & Fitness,Yoga Mat,4,1741.91,6967.64,Walmart Gift Card,5
CUST02544,Sneha Kumar,39,Male,Kolkata,2024-09-15,13:39,Groceries,Sugar 1kg,5,516.59,2582.95,Credit Card,5
CUST02545,Rekha Thakur,48,Male,Hyderabad,2025-12-03,12:48,Electronics,Bluetooth Headphones,5,29488.16,147440.8,Walmart Gift Card,4
CUST02546,Pooja Thakur,28,Female,Chandigarh,2024-08-17,09:30,Home & Kitchen,Pressure Cooker,1,6823.29,6823.29,Credit Card,3
CUST02547,Vivek Menon,20,Male,Ludhiana,2025-04-19,16:47,Groceries,Cooking Oil 1L,5,178.25,891.25,UPI,3
CUST02548,Vishal Singh,38,Female,Nashik,2025-03-31,21:10,Home & Kitchen,Vacuum Cleaner,6,4400.57,26403.42,Net Banking,3
CUST02549,Neha Das,30,Male,Kolkata,2024-01-27,10:10,Personal Care,Soap Bar Pack,6,687.72,4126.32,Cash,1
CUST02550,Aarti Bose,44,Female,Kanpur,2024-10-04,16:26,Clothing,Cotton Saree,2,2286.79,4573.58,Credit Card,5
CUST02551,Rahul Pillai,34,Female,Chennai,2025-04-17,12:28,Personal Care,Hair Oil,3,208.58,625.74,Net Banking,5
CUST02552,Harsh Bansal,49,Female,Mumbai,2025-05-05,16:29,Clothing,Innerwear Pack,3,1395.58,4186.74,Credit Card,5
CUST02553,Divya Iyer,57,Female,Chennai,2025-09-05,11:32,Clothing,Kids Jeans,4,1686.74,6746.96,Debit Card,5
CUST02554,Pooja Saxena,34,Male,Bhopal,2024-03-17,19:33,Groceries,Milk 1L,2,526.13,1052.26,Cash,1
CUST02555,Mohit Saxena,64,Female,Ludhiana,2025-10-18,15:24,Clothing,Winter Jacket,1,2147.43,2147.43,UPI,5
CUST02556,Komal Kumar,27,Female,Agra,2024-09-25,11:35,Clothing,Women's Kurti,2,2342.67,4685.34,Walmart Gift Card,5
CUST02557,Aditya Chauhan,61,Female,Bangalore,2024-03-28,18:35,Toys & Baby,Baby Diapers Pack,1,2349.52,2349.52,Walmart Gift Card,4
CUST02558,Rahul Sinha,46,Male,Visakhapatnam,2025-12-02,15:31,Groceries,Basmati Rice 5kg,6,332.94,1997.64,Credit Card,5
CUST02559,Nisha Gupta,48,Female,Chandigarh,2024-02-29,13:14,Groceries,Basmati Rice 5kg,4,504.86,2019.44,Debit Card,5
CUST02560,Komal Rathore,56,Female,Bhopal,2024-02-24,14:04,Personal Care,Hair Oil,4,129.92,519.68,Credit Card,1
CUST02561,Amit Singh,61,Female,Delhi,2024-01-29,20:11,Toys & Baby,Soft Toy,5,2973.95,14869.75,Credit Card,5
CUST02562,Rohan Iyer,40,Female,Agra,2024-06-28,09:05,Clothing,Winter Jacket,6,2127.36,12764.16,Credit Card,3
CUST02563,Tarun Chauhan,57,Female,Jaipur,2025-09-05,15:20,Home & Kitchen,Water Bottle,6,1956.04,11736.24,Net Banking,5
CUST02564,Bhavna Bose,28,Female,Chennai,2025-10-26,11:03,Electronics,Smartwatch,6,12199.85,73199.1,UPI,2
CUST02565,Kiran Bhatt,25,Female,Kochi,2025-11-27,14:05,Groceries,Toor Dal 1kg,1,567.64,567.64,Debit Card,4
CUST02566,Vishal Chandra,32,Female,Indore,2025-12-04,18:28,Personal Care,Sanitary Pads,6,541.68,3250.08,Cash,2
CUST02567,Rakesh Sharma,51,Female,Surat,2025-11-04,09:51,Clothing,Women's Kurti,4,1078.24,4312.96,UPI,4
CUST02568,Ravi Sinha,50,Male,Jaipur,2024-08-04,21:21,Electronics,Smartwatch,1,23585.46,23585.46,Net Banking,5
CUST02569,Nisha Bhatt,65,Male,Coimbatore,2025-08-01,18:36,Electronics,Microwave Oven,3,15416.98,46250.94,Net Banking,5
CUST02570,Nikhil Malhotra,34,Female,Ahmedabad,2024-04-09,10:05,Electronics,Mixer Grinder,6,26929.38,161576.28,Walmart Gift Card,1
CUST02571,Mahesh Chauhan,62,Male,Ludhiana,2025-11-15,20:20,Electronics,Refrigerator,5,27748.21,138741.05,Net Banking,4
CUST02572,Nisha Kumar,33,Female,Agra,2025-11-05,16:46,Clothing,School Uniform,6,826.52,4959.12,Walmart Gift Card,4
CUST02573,Shalini Shetty,18,Male,Chennai,2025-09-22,16:42,Groceries,Bread Loaf,3,135.17,405.51,Debit Card,1
CUST02574,Mohit Mishra,36,Male,Agra,2025-09-16,11:04,Clothing,Casual Sneakers,5,2627.27,13136.35,UPI,5
CUST02575,Harsh Thakur,64,Female,Bhopal,2024-09-10,16:06,Electronics,LED TV 43-inch,3,8513.12,25539.36,Cash,4
CUST02576,Tarun Malhotra,23,Female,Indore,2024-02-18,21:17,Groceries,Cooking Oil 1L,4,234.77,939.08,UPI,3
CUST02577,Swati Pillai,46,Female,Nashik,2025-08-26,17:33,Furniture,Shoe Rack,6,16038.49,96230.94,Cash,5
CUST02578,Mohit Bhatt,35,Female,Vadodara,2024-08-29,13:00,Electronics,Mixer Grinder,3,43518.25,130554.75,Credit Card,3
CUST02579,Preeti Menon,18,Female,Nashik,2024-03-06,20:37,Clothing,Casual Sneakers,3,2074.59,6223.77,Debit Card,4
CUST02580,Rakesh Desai,51,Male,Hyderabad,2024-10-28,16:38,Groceries,Toor Dal 1kg,5,207.49,1037.45,Debit Card,5
CUST02581,Yash Menon,25,Male,Kanpur,2025-12-19,12:55,Clothing,Sports Shoes,2,2189.44,4378.88,Credit Card,5
CUST02582,Sneha Menon,39,Female,Vadodara,2024-02-05,11:45,Groceries,Milk 1L,2,106.18,212.36,Debit Card,5
CUST02583,Naveen Desai,33,Male,Pune,2025-05-18,10:34,Toys & Baby,Toy Car,6,2890.35,17342.1,Cash,3
CUST02584,Rajat Pandey,47,Female,Indore,2024-03-19,12:34,Groceries,Wheat Flour 10kg,1,121.53,121.53,Walmart Gift Card,1
CUST02585,Ashish Shetty,29,Female,Ludhiana,2024-11-22,20:56,Personal Care,Shampoo 340ml,4,409.6,1638.4,UPI,5
CUST02586,Usha Mishra,50,Female,Nagpur,2024-10-30,10:33,Groceries,Bread Loaf,3,439.76,1319.28,Credit Card,3
CUST02587,Mahesh Malhotra,39,Male,Bangalore,2025-03-19,18:02,Furniture,Shoe Rack,6,14196.92,85181.52,UPI,4
CUST02588,Sunita Kaur,63,Female,Kolkata,2024-10-20,16:56,Clothing,Kids Jeans,6,2561.92,15371.52,Credit Card,5
CUST02589,Shreya Gupta,33,Male,Coimbatore,2025-04-16,10:50,Groceries,Cooking Oil 1L,5,347.22,1736.1,Walmart Gift Card,3
CUST02590,Nikhil Chopra,19,Male,Indore,2024-05-09,21:28,Sports & Fitness,Cycling Helmet,4,14706.41,58825.64,Walmart Gift Card,5
CUST02591,Vandana Saxena,26,Female,Ludhiana,2025-06-25,16:47,Personal Care,Deodorant,2,455.81,911.62,Cash,1
CUST02592,Kritika Iyer,18,Female,Bhopal,2024-01-08,15:11,Home & Kitchen,Dinner Set,4,7764.1,31056.4,Walmart Gift Card,4
CUST02593,Gaurav Agarwal,58,Female,Chandigarh,2025-03-11,11:12,Personal Care,Razor Pack,2,347.38,694.76,Walmart Gift Card,3
CUST02594,Madhuri Trivedi,59,Male,Delhi,2025-12-23,18:30,Electronics,Laptop,3,24258.73,72776.19,Debit Card,1
CUST02595,Suresh Kulkarni,32,Male,Kolkata,2024-06-16,21:16,Home & Kitchen,Vacuum Cleaner,1,2600.55,2600.55,Credit Card,3
CUST02596,Mohit Mishra,39,Female,Indore,2025-04-14,19:02,Clothing,Winter Jacket,5,2438.35,12191.75,UPI,2
CUST02597,Kavita Menon,48,Male,Kanpur,2024-10-19,15:55,Personal Care,Sanitary Pads,6,718.85,4313.1,Walmart Gift Card,5
CUST02598,Simran Sinha,43,Female,Nagpur,2024-09-27,20:42,Home & Kitchen,Dinner Set,3,4191.96,12575.88,Cash,5
CUST02599,Simran Joshi,29,Male,Nashik,2024-12-04,14:34,Toys & Baby,Toy Car,3,2223.02,6669.06,Cash,5
CUST02600,Sneha Sharma,60,Female,Kolkata,2025-08-19,18:43,Groceries,Coffee 200g,3,567.01,1701.03,UPI,3
CUST02601,Neelam Agarwal,20,Female,Indore,2024-03-01,10:08,Groceries,Tea Powder 500g,5,227.67,1138.35,Walmart Gift Card,1
CUST02602,Gaurav Desai,54,Male,Visakhapatnam,2025-01-19,11:34,Groceries,Tea Powder 500g,4,100.11,400.44,Debit Card,4
CUST02603,Radhika Pillai,53,Male,Surat,2025-11-20,09:07,Furniture,Shoe Rack,1,2397.49,2397.49,UPI,4
CUST02604,Nikhil Kulkarni,35,Male,Surat,2025-04-05,16:10,Clothing,Men's T-Shirt,2,1998.69,3997.38,Net Banking,5
CUST02605,Pooja Yadav,42,Female,Nashik,2025-08-18,19:57,Clothing,Innerwear Pack,3,1522.37,4567.11,UPI,5
CUST02606,Jyoti Mishra,54,Female,Nashik,2024-11-27,19:15,Home & Kitchen,Water Bottle,1,7144.6,7144.6,Walmart Gift Card,5
CUST02607,Meera Ghosh,63,Male,Bhopal,2024-10-20,10:35,Groceries,Tea Powder 500g,3,531.43,1594.29,Debit Card,5
CUST02608,Deepak Yadav,26,Female,Chennai,2025-06-26,19:32,Toys & Baby,Baby Diapers Pack,4,3587.46,14349.84,Debit Card,2
CUST02609,Ravi Yadav,24,Male,Nashik,2025-01-18,16:18,Home & Kitchen,Bed Sheet Set,1,2500.05,2500.05,Walmart Gift Card,4
CUST02610,Siddharth Iyer,21,Male,Delhi,2025-09-29,13:29,Personal Care,Face Wash,4,589.77,2359.08,Debit Card,1
CUST02611,Usha Dutta,27,Female,Delhi,2024-06-25,20:59,Groceries,Milk 1L,6,522.03,3132.18,Credit Card,3
CUST02612,Rajat Bhatt,18,Male,Agra,2024-01-23,18:16,Groceries,Bread Loaf,2,209.26,418.52,Credit Card,3
CUST02613,Divya Dutta,20,Female,Visakhapatnam,2024-11-20,18:36,Toys & Baby,Toy Car,3,1964.96,5894.88,Credit Card,1
CUST02614,Rajat Bansal,56,Female,Bangalore,2025-02-20,09:05,Groceries,Sugar 1kg,2,228.7,457.4,Net Banking,2
CUST02615,Manish Joshi,37,Male,Jaipur,2024-08-07,18:49,Toys & Baby,Stroller,4,367.76,1471.04,Walmart Gift Card,5
CUST02616,Vivek Kulkarni,45,Female,Bangalore,2024-04-28,21:07,Groceries,Sugar 1kg,3,500.66,1501.98,Debit Card,1
CUST02617,Nisha Chandra,23,Male,Vadodara,2025-08-29,13:35,Groceries,Sugar 1kg,1,100.75,100.75,Credit Card,3
CUST02618,Seema Thakur,21,Male,Agra,2024-06-10,12:07,Electronics,Refrigerator,3,36582.97,109748.91,Net Banking,2
CUST02619,Vikram Nagar,27,Male,Coimbatore,2025-12-13,12:06,Groceries,Milk 1L,4,580.32,2321.28,Cash,3
CUST02620,Simran Pillai,58,Female,Patna,2024-03-11,16:05,Groceries,Toor Dal 1kg,6,534.0,3204.0,Credit Card,4
CUST02621,Divya Chandra,25,Female,Lucknow,2024-07-29,21:10,Groceries,Basmati Rice 5kg,1,181.55,181.55,Credit Card,4
CUST02622,Varun Bose,55,Female,Indore,2025-06-15,16:49,Groceries,Eggs (12 pack),1,190.86,190.86,Cash,5
CUST02623,Neha Trivedi,47,Female,Visakhapatnam,2025-01-21,21:47,Groceries,Eggs (12 pack),2,174.35,348.7,Debit Card,2
CUST02624,Ravi Verma,30,Female,Chandigarh,2025-11-18,20:49,Clothing,Women's Kurti,1,2043.89,2043.89,Credit Card,5
CUST02625,Pankaj Verma,30,Female,Pune,2024-12-19,18:38,Groceries,Bread Loaf,4,62.49,249.96,UPI,5
CUST02626,Ravi Das,61,Male,Visakhapatnam,2024-03-01,09:31,Groceries,Sugar 1kg,2,429.51,859.02,Credit Card,5
CUST02627,Mahesh Sharma,19,Female,Bangalore,2024-09-12,11:13,Electronics,LED TV 43-inch,5,19401.84,97009.2,UPI,4
CUST02628,Sneha Das,39,Female,Lucknow,2024-07-16,18:56,Electronics,Air Conditioner,6,24055.07,144330.42,Walmart Gift Card,3
CUST02629,Kritika Kulkarni,39,Male,Agra,2024-11-28,17:53,Clothing,Kids Jeans,5,2590.02,12950.1,Walmart Gift Card,3
CUST02630,Komal Dutta,39,Female,Kanpur,2024-04-27,18:26,Electronics,Bluetooth Headphones,2,28213.11,56426.22,Credit Card,4
CUST02631,Bhavna Sinha,28,Male,Indore,2025-05-15,12:25,Clothing,School Uniform,2,1756.46,3512.92,Net Banking,4
CUST02632,Ankit Desai,52,Male,Delhi,2025-01-07,17:19,Electronics,Laptop,4,12085.86,48343.44,Cash,5
CUST02633,Shalini Sinha,45,Female,Visakhapatnam,2024-03-31,11:02,Electronics,Refrigerator,2,22506.35,45012.7,Cash,4
CUST02634,Kavita Kulkarni,39,Female,Kolkata,2024-09-23,14:32,Home & Kitchen,Vacuum Cleaner,4,442.93,1771.72,UPI,1
CUST02635,Usha Mehta,25,Female,Jaipur,2024-04-25,20:19,Personal Care,Deodorant,4,209.74,838.96,Walmart Gift Card,4
CUST02636,Rakesh Kumar,22,Female,Ludhiana,2024-02-01,12:56,Electronics,Bluetooth Headphones,3,17892.6,53677.8,Cash,2
CUST02637,Divya Sinha,56,Male,Nagpur,2025-12-27,19:17,Personal Care,Shampoo 340ml,3,347.02,1041.06,Cash,5
CUST02638,Pallavi Malhotra,65,Female,Vadodara,2024-08-25,16:28,Sports & Fitness,Skipping Rope,5,11345.28,56726.4,Credit Card,4
CUST02639,Sneha Kapoor,36,Female,Chandigarh,2024-12-28,19:26,Personal Care,Hair Oil,3,771.98,2315.94,Cash,1
CUST02640,Priya Rao,18,Male,Bangalore,2024-06-04,16:49,Home & Kitchen,Storage Containers,6,7838.43,47030.58,Debit Card,4
CUST02641,Mahesh Saxena,55,Female,Jaipur,2025-03-31,20:55,Personal Care,Toothpaste,6,780.08,4680.48,Debit Card,5
CUST02642,Seema Rao,52,Female,Coimbatore,2025-11-26,19:28,Personal Care,Shampoo 340ml,5,332.87,1664.35,Credit Card,4
CUST02643,Pallavi Verma,63,Male,Indore,2024-03-12,12:26,Personal Care,Deodorant,1,516.62,516.62,Walmart Gift Card,4
CUST02644,Rahul Desai,35,Female,Ludhiana,2025-12-08,15:11,Electronics,Mixer Grinder,4,2299.54,9198.16,Cash,5
CUST02645,Mohit Reddy,37,Male,Nashik,2025-01-31,15:36,Sports & Fitness,Badminton Racket,3,9273.24,27819.72,UPI,4
CUST02646,Meera Patel,65,Female,Visakhapatnam,2024-12-17,11:32,Personal Care,Deodorant,4,169.56,678.24,Credit Card,1
CUST02647,Manish Menon,65,Male,Chandigarh,2025-08-16,19:50,Sports & Fitness,Football,3,4729.29,14187.87,UPI,5
CUST02648,Swati Rao,38,Male,Indore,2025-03-08,13:58,Personal Care,Soap Bar Pack,2,751.58,1503.16,Walmart Gift Card,5
CUST02649,Divya Gupta,21,Male,Bhopal,2025-12-30,18:18,Groceries,Tea Powder 500g,1,119.0,119.0,Walmart Gift Card,5
CUST02650,Madhuri Das,22,Male,Delhi,2024-04-02,20:58,Toys & Baby,Kids Bicycle,3,2281.81,6845.43,UPI,3
CUST02651,Kritika Yadav,63,Female,Chennai,2025-05-09,11:43,Personal Care,Soap Bar Pack,2,597.52,1195.04,Net Banking,5
CUST02652,Radhika Das,60,Female,Agra,2024-05-21,15:56,Sports & Fitness,Dumbbells Set,6,3280.16,19680.96,UPI,5
CUST02653,Shalini Kulkarni,63,Female,Hyderabad,2024-03-07,17:55,Toys & Baby,Stroller,5,2285.43,11427.15,Cash,1
CUST02654,Mahesh Thakur,35,Male,Kochi,2024-04-28,15:07,Furniture,Wardrobe,6,15056.16,90336.96,Credit Card,4
CUST02655,Kiran Bose,34,Female,Visakhapatnam,2024-09-03,09:48,Home & Kitchen,Pressure Cooker,5,6871.63,34358.15,Net Banking,5
CUST02656,Abhishek Pandey,29,Female,Patna,2024-12-10,20:11,Groceries,Tea Powder 500g,5,521.89,2609.45,Debit Card,5
CUST02657,Payal Bhatt,53,Female,Bhopal,2024-05-03,19:09,Groceries,Eggs (12 pack),5,358.28,1791.4,UPI,4
CUST02658,Vivek Mishra,24,Male,Bangalore,2024-06-16,21:10,Personal Care,Soap Bar Pack,1,522.51,522.51,Cash,5
CUST02659,Neha Chandra,44,Female,Indore,2024-07-27,17:13,Personal Care,Face Wash,5,421.52,2107.6,Net Banking,5
CUST02660,Vishal Kumar,44,Female,Nagpur,2024-01-02,09:12,Personal Care,Soap Bar Pack,2,879.08,1758.16,Walmart Gift Card,5
CUST02661,Priya Kaur,19,Female,Delhi,2025-06-24,19:32,Toys & Baby,Soft Toy,5,3129.18,15645.9,Walmart Gift Card,5
CUST02662,Rekha Kaur,32,Male,Delhi,2025-06-11,12:17,Clothing,Men's T-Shirt,5,2900.73,14503.65,Net Banking,4
CUST02663,Shreya Pillai,49,Female,Ludhiana,2025-02-23,14:03,Clothing,Sports Shoes,6,734.01,4404.06,Cash,4
CUST02664,Varun Mishra,43,Female,Bhopal,2024-10-09,10:49,Groceries,Eggs (12 pack),4,248.25,993.0,Net Banking,3
CUST02665,Rajendra Mehta,46,Female,Patna,2024-02-11,12:19,Clothing,Cotton Saree,1,2612.54,2612.54,UPI,3
CUST02666,Shreya Singh,29,Female,Kolkata,2025-02-02,19:57,Electronics,Laptop,1,10378.43,10378.43,UPI,5
CUST02667,Nisha Chauhan,46,Male,Ahmedabad,2024-09-21,21:48,Groceries,Basmati Rice 5kg,4,464.42,1857.68,Credit Card,5
CUST02668,Simran Mishra,23,Female,Vadodara,2025-05-05,14:07,Electronics,Smartphone,3,21352.31,64056.93,Debit Card,5
CUST02669,Anita Bansal,58,Male,Delhi,2025-02-21,18:59,Personal Care,Deodorant,2,395.53,791.06,Debit Card,4
CUST02670,Meera Trivedi,45,Male,Pune,2024-12-29,20:25,Sports & Fitness,Cricket Bat,2,8085.3,16170.6,Debit Card,4
CUST02671,Alka Nair,32,Female,Coimbatore,2024-02-06,12:51,Groceries,Milk 1L,5,164.34,821.7,Debit Card,5
CUST02672,Rohan Sharma,52,Female,Chennai,2025-04-01,09:17,Home & Kitchen,Dinner Set,1,1754.65,1754.65,Debit Card,4
CUST02673,Simran Kapoor,61,Male,Chandigarh,2025-01-10,15:40,Home & Kitchen,Table Lamp,2,4337.0,8674.0,Credit Card,3
CUST02674,Abhishek Trivedi,53,Male,Jaipur,2025-12-28,19:40,Clothing,Casual Sneakers,1,1879.21,1879.21,UPI,2
CUST02675,Payal Menon,54,Female,Ludhiana,2025-12-23,14:19,Groceries,Bread Loaf,3,253.24,759.72,UPI,3
CUST02676,Sanjay Chauhan,49,Male,Bhopal,2024-11-26,12:45,Home & Kitchen,Bed Sheet Set,4,2421.52,9686.08,Debit Card,5
CUST02677,Anita Thakur,45,Female,Nashik,2024-08-06,19:51,Groceries,Cooking Oil 1L,5,595.62,2978.1,Net Banking,1
CUST02678,Gaurav Thakur,47,Female,Coimbatore,2025-12-11,14:01,Personal Care,Body Lotion,6,237.43,1424.58,Debit Card,3
CUST02679,Sanjay Thakur,50,Female,Agra,2024-03-23,19:43,Toys & Baby,Board Game,3,3211.68,9635.04,Walmart Gift Card,1
CUST02680,Suresh Mishra,18,Female,Indore,2024-02-07,15:41,Clothing,School Uniform,4,2004.22,8016.88,Cash,4
CUST02681,Naveen Trivedi,44,Female,Bangalore,2025-03-14,12:09,Toys & Baby,Kids Bicycle,5,2746.31,13731.55,Net Banking,5
CUST02682,Divya Sharma,32,Female,Kolkata,2024-04-15,14:22,Electronics,Mixer Grinder,4,8265.22,33060.88,Net Banking,5
CUST02683,Aditya Rathore,36,Male,Agra,2024-09-20,18:21,Personal Care,Sanitary Pads,2,561.12,1122.24,Net Banking,4
CUST02684,Amit Kapoor,53,Female,Surat,2025-11-09,19:23,Personal Care,Hair Oil,4,364.33,1457.32,Debit Card,2
CUST02685,Tarun Singh,50,Female,Pune,2024-01-17,19:09,Groceries,Cooking Oil 1L,6,518.69,3112.14,Walmart Gift Card,5
CUST02686,Nikhil Saxena,60,Female,Ahmedabad,2025-11-03,21:29,Personal Care,Face Wash,3,678.1,2034.3,Debit Card,3
CUST02687,Nisha Joshi,36,Female,Jaipur,2025-02-04,09:51,Home & Kitchen,Wall Clock,1,3494.76,3494.76,Credit Card,2
CUST02688,Vikram Thakur,18,Female,Ludhiana,2024-01-24,20:28,Clothing,Sports Shoes,6,2918.01,17508.06,Debit Card,3
CUST02689,Ajay Pandey,37,Female,Ludhiana,2024-12-31,18:23,Furniture,Sofa Set,6,12522.17,75133.02,Walmart Gift Card,4
CUST02690,Divya Bansal,45,Male,Nashik,2025-02-28,13:58,Personal Care,Sunscreen,2,476.35,952.7,Walmart Gift Card,5
CUST02691,Kavita Sharma,36,Female,Patna,2025-08-11,13:16,Toys & Baby,Feeding Bottle,4,1797.78,7191.12,Cash,4
CUST02692,Simran Shetty,46,Male,Kochi,2025-08-09,09:42,Personal Care,Deodorant,2,480.99,961.98,UPI,5
CUST02693,Rekha Tiwari,23,Male,Bhopal,2024-04-02,18:33,Clothing,Formal Shirt,6,1485.74,8914.44,Net Banking,4
CUST02694,Pankaj Agarwal,33,Female,Kanpur,2024-08-07,17:02,Groceries,Bread Loaf,5,225.4,1127.0,Cash,3
CUST02695,Ishita Singh,27,Male,Delhi,2025-11-20,15:17,Clothing,Innerwear Pack,6,1877.15,11262.9,Cash,3
CUST02696,Pallavi Rao,37,Male,Kanpur,2024-04-24,11:52,Electronics,Refrigerator,5,15384.97,76924.85,Credit Card,5
CUST02697,Sunita Gupta,33,Female,Bangalore,2024-11-13,15:39,Groceries,Tea Powder 500g,1,165.27,165.27,UPI,5
CUST02698,Sandeep Sharma,37,Male,Pune,2025-03-16,20:58,Clothing,Formal Shirt,4,1009.56,4038.24,Net Banking,2
CUST02699,Arjun Pillai,23,Male,Kolkata,2024-08-31,20:36,Groceries,Milk 1L,1,591.76,591.76,Walmart Gift Card,5
CUST02700,Siddharth Tiwari,53,Female,Visakhapatnam,2025-10-16,09:02,Clothing,Women's Kurti,6,1798.33,10789.98,UPI,2
CUST02701,Siddharth Sinha,56,Male,Pune,2025-11-08,15:00,Groceries,Cooking Oil 1L,5,278.79,1393.95,Credit Card,4
CUST02702,Usha Yadav,38,Male,Mumbai,2025-06-15,09:06,Groceries,Milk 1L,4,156.16,624.64,Credit Card,2
CUST02703,Swati Bhatt,40,Female,Hyderabad,2025-01-29,20:58,Sports & Fitness,Dumbbells Set,3,8472.26,25416.78,Walmart Gift Card,2
CUST02704,Aarti Thakur,54,Male,Pune,2024-12-10,10:36,Furniture,Dining Table,1,22111.55,22111.55,Credit Card,4
CUST02705,Ajay Shetty,46,Male,Vadodara,2025-07-03,09:41,Clothing,Casual Sneakers,1,1578.32,1578.32,UPI,3
CUST02706,Nikhil Chopra,53,Female,Mumbai,2024-06-06,18:14,Clothing,Women's Kurti,5,1412.05,7060.25,Debit Card,3
CUST02707,Pooja Kapoor,35,Female,Kolkata,2024-09-28,09:42,Sports & Fitness,Yoga Mat,5,13098.7,65493.5,Credit Card,4
CUST02708,Payal Kumar,48,Female,Kanpur,2025-04-04,13:34,Clothing,Cotton Saree,4,674.87,2699.48,Credit Card,5
CUST02709,Kiran Mehta,22,Male,Indore,2024-08-23,09:24,Personal Care,Face Wash,6,87.57,525.42,Net Banking,5
CUST02710,Pooja Pillai,38,Female,Coimbatore,2024-02-19,19:04,Groceries,Wheat Flour 10kg,1,354.9,354.9,Net Banking,2
CUST02711,Ritu Nair,60,Male,Coimbatore,2024-07-05,14:22,Home & Kitchen,Wall Clock,2,1685.99,3371.98,Net Banking,5
CUST02712,Meera Singh,45,Male,Ahmedabad,2025-03-16,17:42,Groceries,Toor Dal 1kg,6,237.46,1424.76,Walmart Gift Card,2
CUST02713,Rahul Kaur,63,Female,Chandigarh,2024-10-22,14:01,Groceries,Bread Loaf,5,76.62,383.1,UPI,3
CUST02714,Divya Kumar,27,Male,Pune,2024-10-07,21:06,Personal Care,Shampoo 340ml,5,162.86,814.3,Walmart Gift Card,1
CUST02715,Harsh Bose,65,Female,Delhi,2024-04-14,13:02,Toys & Baby,Baby Wipes,6,2483.62,14901.72,Net Banking,4
CUST02716,Varun Pillai,54,Female,Jaipur,2024-01-12,18:43,Electronics,Washing Machine,1,37054.03,37054.03,Walmart Gift Card,5
CUST02717,Rajendra Gupta,44,Male,Visakhapatnam,2025-08-31,17:14,Sports & Fitness,Badminton Racket,3,6095.95,18287.85,Walmart Gift Card,5
CUST02718,Anjali Trivedi,34,Male,Nashik,2025-09-25,19:01,Sports & Fitness,Dumbbells Set,3,2317.51,6952.53,UPI,5
CUST02719,Vishal Rathore,45,Male,Surat,2025-02-03,18:05,Toys & Baby,Baby Powder,3,1871.14,5613.42,Net Banking,5
CUST02720,Rajesh Gupta,24,Female,Lucknow,2025-04-25,13:43,Clothing,School Uniform,6,1352.35,8114.1,Walmart Gift Card,5
CUST02721,Mahesh Yadav,55,Male,Chennai,2025-04-01,15:05,Sports & Fitness,Skipping Rope,2,9209.5,18419.0,Credit Card,5
CUST02722,Sunita Nair,64,Female,Indore,2024-05-10,13:51,Groceries,Sugar 1kg,3,378.22,1134.66,Cash,5
CUST02723,Payal Gupta,25,Female,Kanpur,2025-12-01,13:02,Electronics,Mixer Grinder,6,22505.36,135032.16,Debit Card,2
CUST02724,Abhishek Trivedi,26,Male,Bangalore,2024-07-02,12:21,Personal Care,Face Wash,3,184.29,552.87,Debit Card,5
CUST02725,Sunita Gupta,18,Female,Kochi,2024-03-05,16:11,Toys & Baby,Kids Bicycle,3,2440.79,7322.37,Credit Card,5
CUST02726,Neha Mishra,27,Male,Chandigarh,2024-03-30,12:46,Electronics,Laptop,3,9605.44,28816.32,Credit Card,4
CUST02727,Komal Menon,19,Female,Nashik,2024-06-01,12:09,Sports & Fitness,Water Bottle Sports,2,4464.69,8929.38,Debit Card,2
CUST02728,Amit Thakur,23,Male,Agra,2024-04-21,21:52,Electronics,Microwave Oven,6,10798.96,64793.76,UPI,2
CUST02729,Shalini Verma,52,Female,Vadodara,2025-04-21,16:37,Groceries,Sugar 1kg,6,513.56,3081.36,Net Banking,3
CUST02730,Naveen Gupta,27,Male,Hyderabad,2024-08-10,16:39,Clothing,School Uniform,2,877.24,1754.48,Net Banking,2
CUST02731,Rajendra Mehta,59,Male,Delhi,2024-11-14,11:26,Toys & Baby,Kids Bicycle,4,687.35,2749.4,UPI,5
CUST02732,Mahesh Chandra,45,Male,Coimbatore,2024-10-16,21:55,Electronics,Air Conditioner,4,20763.31,83053.24,UPI,3
CUST02733,Neelam Joshi,62,Female,Vadodara,2025-05-20,19:09,Clothing,School Uniform,2,787.41,1574.82,UPI,4
CUST02734,Aarti Malhotra,26,Female,Pune,2025-11-26,17:48,Electronics,Bluetooth Headphones,4,43673.88,174695.52,Debit Card,1
CUST02735,Mohit Gupta,33,Female,Surat,2025-06-07,16:10,Electronics,Air Conditioner,6,24105.22,144631.32,Credit Card,4
CUST02736,Pankaj Das,48,Female,Nagpur,2025-07-13,16:19,Furniture,Study Table,5,4519.85,22599.25,UPI,5
CUST02737,Arjun Nair,21,Female,Surat,2025-07-22,14:38,Groceries,Sugar 1kg,6,551.22,3307.32,Debit Card,2
CUST02738,Komal Nair,43,Male,Hyderabad,2025-12-29,10:16,Home & Kitchen,Non-stick Pan,4,6754.97,27019.88,UPI,4
CUST02739,Amit Reddy,18,Female,Bangalore,2025-09-03,15:59,Electronics,Microwave Oven,3,7091.28,21273.84,UPI,5
CUST02740,Alka Pandey,35,Male,Pune,2024-05-05,19:54,Groceries,Coffee 200g,4,103.18,412.72,UPI,4
CUST02741,Simran Desai,35,Female,Kolkata,2024-01-26,21:02,Home & Kitchen,Wall Clock,4,373.65,1494.6,Walmart Gift Card,4
CUST02742,Naveen Rao,36,Female,Nashik,2025-12-18,14:52,Home & Kitchen,Water Bottle,6,5734.8,34408.8,Net Banking,5
CUST02743,Karan Sinha,51,Male,Patna,2024-05-13,10:23,Clothing,Men's T-Shirt,6,2988.93,17933.58,Net Banking,3
CUST02744,Jyoti Thakur,34,Male,Bhopal,2024-10-22,18:55,Clothing,Winter Jacket,5,600.8,3004.0,Credit Card,4
CUST02745,Preeti Reddy,28,Male,Kolkata,2024-02-11,16:00,Groceries,Coffee 200g,3,195.22,585.66,UPI,5
CUST02746,Nikhil Reddy,37,Male,Nagpur,2025-05-23,13:00,Home & Kitchen,Dinner Set,4,3852.05,15408.2,Cash,1
CUST02747,Gaurav Das,42,Female,Kanpur,2025-01-21,20:08,Clothing,Men's T-Shirt,6,2909.19,17455.14,Debit Card,3
CUST02748,Ritu Malhotra,61,Male,Hyderabad,2025-07-04,11:30,Home & Kitchen,Curtains,5,3410.4,17052.0,Net Banking,4
CUST02749,Pankaj Nair,45,Female,Visakhapatnam,2024-01-12,13:46,Personal Care,Sunscreen,2,225.95,451.9,UPI,5
CUST02750,Nisha Gupta,43,Female,Coimbatore,2024-08-25,10:11,Sports & Fitness,Yoga Mat,3,8237.59,24712.77,Debit Card,4
CUST02751,Pallavi Joshi,39,Female,Agra,2025-06-17,19:19,Toys & Baby,Baby Powder,1,538.61,538.61,Cash,5
CUST02752,Sanjay Iyer,34,Male,Hyderabad,2025-07-24,19:05,Groceries,Bread Loaf,6,179.27,1075.62,Cash,1
CUST02753,Bhavna Dutta,63,Male,Nagpur,2025-02-24,20:21,Electronics,Air Conditioner,1,4475.82,4475.82,Net Banking,5
CUST02754,Abhishek Dutta,58,Female,Agra,2025-05-26,18:48,Furniture,Bookshelf,1,16132.62,16132.62,Debit Card,2
CUST02755,Nikhil Menon,30,Female,Surat,2025-03-13,17:31,Home & Kitchen,Bed Sheet Set,4,3288.03,13152.12,Cash,5
CUST02756,Abhishek Ghosh,31,Female,Ludhiana,2024-09-20,18:04,Clothing,Winter Jacket,3,495.57,1486.71,Net Banking,5
CUST02757,Gaurav Dutta,19,Female,Kolkata,2025-09-14,18:00,Clothing,Casual Sneakers,2,777.97,1555.94,Walmart Gift Card,5
CUST02758,Kiran Reddy,41,Male,Delhi,2024-12-08,13:33,Groceries,Wheat Flour 10kg,2,385.38,770.76,Credit Card,4
CUST02759,Rajat Malhotra,65,Male,Indore,2024-03-17,13:37,Sports & Fitness,Gym Gloves,5,2513.0,12565.0,Net Banking,1
CUST02760,Divya Sharma,64,Female,Hyderabad,2025-12-21,18:01,Toys & Baby,Board Game,3,3319.52,9958.56,UPI,2
CUST02761,Tanvi Bansal,32,Male,Nagpur,2024-08-24,15:28,Clothing,Innerwear Pack,4,1519.92,6079.68,Debit Card,1
CUST02762,Ravi Reddy,20,Male,Pune,2024-06-26,09:23,Clothing,Sports Shoes,3,865.23,2595.69,Net Banking,5
CUST02763,Pankaj Chopra,35,Female,Nashik,2025-10-23,14:23,Sports & Fitness,Dumbbells Set,6,12694.9,76169.4,Walmart Gift Card,5
CUST02764,Anita Chopra,49,Female,Mumbai,2024-04-08,16:43,Groceries,Milk 1L,3,422.81,1268.43,Cash,4
CUST02765,Swati Menon,18,Female,Vadodara,2025-10-18,19:35,Electronics,Air Conditioner,5,31203.41,156017.05,Cash,2
CUST02766,Vikram Sinha,39,Female,Pune,2025-05-05,18:18,Sports & Fitness,Cycling Helmet,4,14797.39,59189.56,Debit Card,4
CUST02767,Ajay Agarwal,35,Female,Delhi,2025-05-19,19:27,Groceries,Sugar 1kg,2,319.5,639.0,UPI,5
CUST02768,Pallavi Mishra,51,Female,Chandigarh,2025-08-20,19:16,Personal Care,Sanitary Pads,5,277.8,1389.0,Cash,2
CUST02769,Yash Tiwari,58,Male,Jaipur,2025-10-15,11:16,Toys & Baby,Feeding Bottle,3,2626.32,7878.96,Credit Card,5
CUST02770,Aditya Rathore,49,Male,Nashik,2025-06-20,18:25,Home & Kitchen,Table Lamp,6,2292.22,13753.32,UPI,4
CUST02771,Pallavi Mishra,19,Male,Bhopal,2024-02-03,21:30,Toys & Baby,Stroller,3,2260.47,6781.41,Net Banking,1
CUST02772,Komal Rao,52,Male,Pune,2024-07-10,20:38,Personal Care,Deodorant,4,547.49,2189.96,Credit Card,4
CUST02773,Ajay Thakur,42,Female,Kochi,2025-04-14,12:03,Clothing,Formal Shirt,1,1555.48,1555.48,UPI,2
CUST02774,Radhika Sharma,64,Female,Pune,2024-02-16,21:47,Groceries,Toor Dal 1kg,1,222.82,222.82,Debit Card,5
CUST02775,Abhishek Sinha,32,Female,Chandigarh,2025-02-08,16:17,Home & Kitchen,Curtains,2,7143.19,14286.38,Walmart Gift Card,5
CUST02776,Varun Das,45,Male,Ahmedabad,2025-08-07,18:30,Groceries,Cooking Oil 1L,4,158.11,632.44,UPI,2
CUST02777,Mohit Thakur,27,Male,Visakhapatnam,2024-03-12,09:56,Sports & Fitness,Water Bottle Sports,3,12308.79,36926.37,Credit Card,1
CUST02778,Vivek Trivedi,45,Male,Patna,2024-12-01,10:25,Toys & Baby,Baby Wipes,6,3508.02,21048.12,UPI,4
CUST02779,Alka Bansal,54,Female,Pune,2024-09-26,13:13,Clothing,Winter Jacket,1,1424.57,1424.57,UPI,5
CUST02780,Komal Agarwal,63,Female,Vadodara,2024-12-18,19:48,Home & Kitchen,Water Bottle,1,7574.82,7574.82,Walmart Gift Card,3
CUST02781,Ajay Gupta,29,Female,Mumbai,2025-04-26,09:30,Personal Care,Soap Bar Pack,4,340.66,1362.64,Credit Card,2
CUST02782,Deepak Thakur,29,Male,Kochi,2024-05-10,12:31,Electronics,Bluetooth Headphones,2,25993.35,51986.7,Cash,4
CUST02783,Abhishek Thakur,59,Female,Coimbatore,2025-05-27,16:00,Groceries,Sugar 1kg,2,324.03,648.06,UPI,1
CUST02784,Ashish Kaur,22,Male,Chandigarh,2024-01-31,15:17,Toys & Baby,Board Game,6,1517.12,9102.72,Credit Card,5
CUST02785,Vikram Kulkarni,51,Male,Ludhiana,2024-10-02,17:12,Personal Care,Hair Oil,4,505.96,2023.84,Credit Card,4
CUST02786,Harsh Sinha,40,Female,Pune,2025-11-25,09:55,Clothing,Cotton Saree,6,1033.06,6198.36,UPI,4
CUST02787,Suresh Bansal,29,Male,Nashik,2025-06-02,12:50,Groceries,Wheat Flour 10kg,4,354.74,1418.96,Walmart Gift Card,5
CUST02788,Harsh Desai,65,Male,Indore,2025-05-29,13:16,Clothing,School Uniform,3,2301.81,6905.43,UPI,1
CUST02789,Siddharth Kaur,31,Male,Pune,2025-01-15,15:00,Sports & Fitness,Yoga Mat,4,9469.73,37878.92,Walmart Gift Card,5
CUST02790,Shreya Pillai,57,Male,Hyderabad,2025-10-26,09:57,Personal Care,Face Wash,2,760.06,1520.12,Debit Card,5
CUST02791,Rakesh Kapoor,32,Male,Nashik,2025-02-13,14:16,Toys & Baby,Toy Car,2,1497.04,2994.08,Credit Card,4
CUST02792,Sneha Rathore,56,Male,Kanpur,2024-08-01,11:01,Electronics,LED TV 43-inch,2,30971.69,61943.38,Credit Card,3
CUST02793,Radhika Joshi,23,Female,Mumbai,2025-06-28,11:44,Groceries,Cooking Oil 1L,2,93.11,186.22,Credit Card,5
CUST02794,Mahesh Nair,21,Female,Vadodara,2024-02-27,14:19,Toys & Baby,Baby Diapers Pack,5,1026.3,5131.5,Net Banking,4
CUST02795,Madhuri Joshi,51,Female,Bhopal,2024-07-28,18:51,Personal Care,Razor Pack,5,435.54,2177.7,Net Banking,3
CUST02796,Varun Mishra,58,Female,Ahmedabad,2025-07-02,11:31,Clothing,Women's Kurti,3,2609.56,7828.68,Debit Card,4
CUST02797,Usha Nair,45,Female,Chennai,2025-01-06,14:41,Home & Kitchen,Pressure Cooker,5,2844.87,14224.35,Cash,5
CUST02798,Seema Sinha,60,Male,Surat,2025-06-09,10:36,Furniture,Recliner,1,7226.44,7226.44,Cash,5
CUST02799,Naveen Bose,65,Female,Nagpur,2024-10-28,17:35,Groceries,Milk 1L,1,503.51,503.51,UPI,2
CUST02800,Ishita Verma,50,Male,Chandigarh,2024-08-31,14:01,Electronics,Refrigerator,6,13639.25,81835.5,Cash,5
CUST02801,Abhishek Tiwari,40,Male,Kanpur,2024-03-04,17:48,Toys & Baby,Baby Powder,5,403.43,2017.15,Walmart Gift Card,3
CUST02802,Shreya Rathore,46,Female,Lucknow,2025-05-19,13:23,Clothing,Casual Sneakers,6,1615.8,9694.8,Net Banking,3
CUST02803,Komal Bhatt,63,Male,Chennai,2025-08-23,21:51,Groceries,Eggs (12 pack),2,518.34,1036.68,Debit Card,5
CUST02804,Tarun Chandra,20,Male,Patna,2025-09-06,13:35,Groceries,Toor Dal 1kg,3,540.99,1622.97,UPI,5
CUST02805,Alka Bose,64,Male,Indore,2025-03-07,19:54,Clothing,Winter Jacket,6,1800.01,10800.06,Cash,2
CUST02806,Shreya Mishra,41,Male,Surat,2024-09-26,18:46,Furniture,Bookshelf,4,11626.76,46507.04,Credit Card,5
CUST02807,Naveen Reddy,27,Male,Patna,2024-03-05,13:52,Groceries,Eggs (12 pack),4,248.25,993.0,UPI,2
CUST02808,Anita Agarwal,24,Female,Chandigarh,2025-01-08,14:35,Toys & Baby,Baby Diapers Pack,3,1203.38,3610.14,Debit Card,4
CUST02809,Radhika Tiwari,57,Female,Kanpur,2025-07-25,19:13,Furniture,Bookshelf,1,11463.12,11463.12,Debit Card,5
CUST02810,Payal Menon,44,Male,Ludhiana,2024-11-04,21:47,Toys & Baby,Kids Bicycle,3,3058.65,9175.95,Net Banking,2
CUST02811,Sneha Nagar,44,Male,Lucknow,2024-12-03,19:30,Groceries,Eggs (12 pack),1,253.81,253.81,Net Banking,5
CUST02812,Deepak Patel,58,Female,Agra,2024-02-17,21:39,Groceries,Bread Loaf,5,261.04,1305.2,Walmart Gift Card,4
CUST02813,Karan Menon,20,Female,Chandigarh,2025-07-19,12:38,Personal Care,Toothpaste,1,369.59,369.59,Credit Card,2
CUST02814,Kavita Chauhan,31,Male,Delhi,2025-12-26,12:43,Groceries,Toor Dal 1kg,1,68.14,68.14,Walmart Gift Card,4
CUST02815,Preeti Ghosh,45,Male,Patna,2024-08-29,17:35,Home & Kitchen,Bed Sheet Set,1,5375.66,5375.66,Walmart Gift Card,5
CUST02816,Mahesh Chopra,59,Male,Ludhiana,2025-04-05,17:06,Clothing,Winter Jacket,5,1067.17,5335.85,Cash,5
CUST02817,Rekha Das,33,Female,Chennai,2025-12-17,10:11,Personal Care,Soap Bar Pack,2,311.14,622.28,UPI,3
CUST02818,Kiran Pillai,36,Female,Jaipur,2024-01-31,13:29,Groceries,Bread Loaf,3,201.15,603.45,Walmart Gift Card,4
CUST02819,Nisha Trivedi,56,Female,Indore,2024-04-05,19:44,Groceries,Coffee 200g,6,229.99,1379.94,Net Banking,5
CUST02820,Pankaj Pandey,35,Male,Lucknow,2024-09-20,15:52,Electronics,Mixer Grinder,6,4703.39,28220.34,Net Banking,4
CUST02821,Mohit Desai,23,Female,Surat,2024-07-19,18:17,Toys & Baby,Board Game,3,2649.02,7947.06,Credit Card,3
CUST02822,Rakesh Kaur,18,Female,Jaipur,2025-11-14,21:33,Personal Care,Sunscreen,4,388.0,1552.0,Credit Card,2
CUST02823,Sunil Malhotra,26,Male,Ahmedabad,2025-05-17,11:11,Home & Kitchen,Bed Sheet Set,3,3162.11,9486.33,Credit Card,4
CUST02824,Alka Joshi,32,Female,Visakhapatnam,2025-11-22,20:04,Home & Kitchen,Dinner Set,1,7852.8,7852.8,Debit Card,5
CUST02825,Ashish Pandey,63,Female,Patna,2024-12-01,18:24,Clothing,Men's T-Shirt,3,2414.86,7244.58,Walmart Gift Card,5
CUST02826,Madhuri Das,59,Female,Bhopal,2024-12-27,14:04,Clothing,School Uniform,6,255.85,1535.1,Walmart Gift Card,3
CUST02827,Ravi Bansal,59,Female,Jaipur,2025-02-28,12:10,Home & Kitchen,Wall Clock,3,1836.46,5509.38,Cash,1
CUST02828,Komal Menon,24,Female,Indore,2024-03-03,13:09,Electronics,Microwave Oven,3,8648.66,25945.98,Credit Card,5
CUST02829,Pankaj Bose,47,Male,Kanpur,2025-08-11,10:36,Groceries,Sugar 1kg,3,95.55,286.65,Net Banking,5
CUST02830,Rahul Mishra,44,Female,Chandigarh,2025-07-14,14:03,Groceries,Sugar 1kg,3,533.52,1600.56,Net Banking,2
CUST02831,Pallavi Kapoor,29,Male,Visakhapatnam,2024-07-28,11:54,Home & Kitchen,Vacuum Cleaner,4,3374.44,13497.76,Cash,1
CUST02832,Shalini Nair,31,Male,Ludhiana,2025-06-01,18:04,Groceries,Bread Loaf,1,556.05,556.05,Walmart Gift Card,5
CUST02833,Anjali Gupta,41,Male,Chennai,2025-11-01,21:53,Home & Kitchen,Table Lamp,3,2894.14,8682.42,UPI,5
CUST02834,Abhishek Chandra,56,Male,Surat,2024-12-25,18:39,Toys & Baby,Soft Toy,1,2842.83,2842.83,Cash,2
CUST02835,Manish Bhatt,31,Female,Vadodara,2024-01-07,19:30,Toys & Baby,Baby Diapers Pack,3,3774.49,11323.47,Cash,5
CUST02836,Ritu Rao,20,Female,Bangalore,2025-07-16,18:29,Groceries,Cooking Oil 1L,2,109.8,219.6,UPI,5
CUST02837,Anita Kulkarni,25,Female,Bhopal,2024-03-25,18:08,Groceries,Cooking Oil 1L,1,205.88,205.88,Cash,4
CUST02838,Kritika Patel,29,Female,Indore,2024-07-25,15:05,Clothing,Sports Shoes,1,732.72,732.72,Cash,5
CUST02839,Tanvi Nagar,19,Female,Chennai,2025-03-07,16:08,Electronics,Washing Machine,3,15756.05,47268.15,Credit Card,4
CUST02840,Kiran Bansal,65,Male,Chennai,2024-12-30,20:54,Clothing,Cotton Saree,1,271.22,271.22,Walmart Gift Card,5
CUST02841,Ashish Gupta,45,Male,Surat,2024-03-26,20:33,Clothing,Women's Kurti,1,2921.55,2921.55,Credit Card,5
CUST02842,Vishal Thakur,30,Male,Ahmedabad,2025-12-13,12:01,Electronics,Laptop,5,36313.06,181565.3,Walmart Gift Card,5
CUST02843,Varun Sinha,36,Female,Bangalore,2024-02-27,16:37,Toys & Baby,Board Game,3,1945.01,5835.03,UPI,4
CUST02844,Ankit Mehta,63,Male,Delhi,2025-02-26,20:33,Groceries,Cooking Oil 1L,4,425.87,1703.48,UPI,5
CUST02845,Manish Ghosh,19,Male,Kochi,2024-11-26,20:19,Groceries,Wheat Flour 10kg,6,548.26,3289.56,Net Banking,1
CUST02846,Siddharth Mehta,21,Male,Pune,2025-03-02,12:48,Electronics,Washing Machine,6,11753.33,70519.98,Debit Card,1
CUST02847,Siddharth Bansal,63,Female,Visakhapatnam,2024-01-03,18:52,Electronics,Mixer Grinder,6,39276.56,235659.36,Net Banking,4
CUST02848,Ritu Das,34,Male,Bhopal,2024-04-08,21:29,Furniture,Study Table,6,16698.85,100193.1,Credit Card,4
CUST02849,Pankaj Singh,25,Male,Surat,2025-11-27,21:14,Personal Care,Sunscreen,2,523.51,1047.02,Debit Card,5
CUST02850,Divya Rathore,59,Female,Nagpur,2025-01-18,09:22,Clothing,Casual Sneakers,4,1914.11,7656.44,Net Banking,2
CUST02851,Jyoti Desai,62,Male,Mumbai,2025-01-06,18:05,Personal Care,Toothpaste,1,635.93,635.93,Cash,4
CUST02852,Kritika Kumar,49,Male,Nagpur,2025-12-31,13:46,Electronics,Mixer Grinder,1,23745.64,23745.64,UPI,1
CUST02853,Sunita Tiwari,63,Female,Kanpur,2025-01-12,16:01,Toys & Baby,Stroller,5,890.26,4451.3,Walmart Gift Card,5
CUST02854,Rakesh Chauhan,18,Female,Nagpur,2025-10-25,14:27,Groceries,Basmati Rice 5kg,4,345.89,1383.56,Debit Card,3
CUST02855,Madhuri Reddy,55,Male,Indore,2024-03-07,10:35,Groceries,Cooking Oil 1L,6,411.71,2470.26,Cash,1
CUST02856,Ritu Verma,56,Male,Indore,2024-10-12,18:00,Toys & Baby,Kids Bicycle,6,365.21,2191.26,Net Banking,2
CUST02857,Alka Singh,21,Male,Chennai,2024-01-25,14:59,Clothing,Sports Shoes,6,712.24,4273.44,Walmart Gift Card,5
CUST02858,Alka Trivedi,49,Male,Bangalore,2025-01-29,17:08,Electronics,Smartwatch,4,6728.62,26914.48,Credit Card,2
CUST02859,Mohit Pillai,59,Female,Lucknow,2024-11-21,18:23,Clothing,Casual Sneakers,4,806.27,3225.08,Cash,2
CUST02860,Nisha Iyer,20,Female,Hyderabad,2025-08-05,20:42,Sports & Fitness,Treadmill,4,3754.34,15017.36,Cash,4
CUST02861,Seema Chandra,29,Female,Delhi,2024-09-29,21:46,Groceries,Milk 1L,1,283.43,283.43,Net Banking,5
CUST02862,Tarun Kapoor,41,Male,Ludhiana,2024-09-25,17:28,Groceries,Wheat Flour 10kg,4,449.82,1799.28,UPI,5
CUST02863,Madhuri Thakur,33,Female,Nashik,2024-08-09,17:15,Furniture,Dining Table,6,14426.55,86559.3,UPI,5
CUST02864,Tarun Reddy,29,Female,Chennai,2025-12-14,15:57,Personal Care,Toothpaste,5,228.12,1140.6,UPI,5
CUST02865,Ritu Iyer,42,Female,Hyderabad,2025-08-12,12:13,Home & Kitchen,Wall Clock,4,7702.99,30811.96,UPI,4
CUST02866,Vikram Joshi,58,Male,Ahmedabad,2024-11-24,19:25,Personal Care,Razor Pack,5,242.07,1210.35,Net Banking,3
CUST02867,Usha Bansal,41,Male,Ahmedabad,2024-06-24,09:08,Electronics,Washing Machine,2,19519.84,39039.68,Net Banking,4
CUST02868,Ashish Bose,48,Male,Hyderabad,2025-11-11,18:12,Groceries,Cooking Oil 1L,4,374.99,1499.96,UPI,5
CUST02869,Ritu Rathore,32,Male,Chennai,2025-04-16,17:27,Groceries,Sugar 1kg,1,292.27,292.27,UPI,1
CUST02870,Kritika Ghosh,59,Female,Coimbatore,2025-10-21,19:03,Personal Care,Razor Pack,3,762.66,2287.98,UPI,5
CUST02871,Payal Trivedi,64,Female,Agra,2024-05-08,19:19,Groceries,Toor Dal 1kg,2,90.79,181.58,Debit Card,4
CUST02872,Siddharth Joshi,40,Male,Vadodara,2025-05-21,14:02,Furniture,Office Chair,1,17713.45,17713.45,Net Banking,3
CUST02873,Vishal Chopra,21,Female,Vadodara,2025-01-17,16:41,Groceries,Sugar 1kg,4,375.34,1501.36,UPI,5
CUST02874,Swati Chandra,34,Male,Pune,2025-04-16,09:51,Home & Kitchen,Storage Containers,5,3113.9,15569.5,Net Banking,5
CUST02875,Ishita Verma,43,Female,Ahmedabad,2024-09-29,21:06,Personal Care,Sunscreen,6,829.33,4975.98,Credit Card,2
CUST02876,Rahul Pandey,27,Female,Kochi,2024-10-12,18:09,Home & Kitchen,Dinner Set,5,1664.67,8323.35,Credit Card,1
CUST02877,Kavita Sinha,22,Female,Nashik,2024-06-08,21:54,Furniture,Recliner,6,4170.17,25021.02,Walmart Gift Card,4
CUST02878,Komal Rathore,38,Male,Vadodara,2024-04-01,14:45,Electronics,Air Conditioner,6,4228.32,25369.92,Cash,1
CUST02879,Rajesh Pandey,47,Female,Nagpur,2025-12-04,11:24,Groceries,Wheat Flour 10kg,4,207.46,829.84,Debit Card,4
CUST02880,Mohit Yadav,36,Female,Kolkata,2024-12-15,20:16,Groceries,Cooking Oil 1L,1,506.79,506.79,Cash,3
CUST02881,Ankit Desai,54,Female,Mumbai,2024-10-29,12:17,Clothing,Women's Kurti,4,926.83,3707.32,Cash,5
CUST02882,Neha Chandra,39,Female,Patna,2024-09-12,18:33,Personal Care,Shampoo 340ml,4,102.61,410.44,Credit Card,1
CUST02883,Pankaj Ghosh,40,Male,Nagpur,2024-03-28,20:11,Groceries,Cooking Oil 1L,1,192.87,192.87,Credit Card,3
CUST02884,Nisha Bhatt,58,Male,Patna,2025-09-13,14:27,Electronics,Bluetooth Headphones,4,23545.11,94180.44,UPI,2
CUST02885,Seema Mishra,35,Male,Pune,2024-01-13,11:33,Groceries,Sugar 1kg,4,265.64,1062.56,UPI,2
CUST02886,Mohit Pillai,62,Female,Ludhiana,2025-04-29,17:10,Groceries,Coffee 200g,1,416.84,416.84,Net Banking,1
CUST02887,Mohit Malhotra,65,Female,Agra,2025-10-20,19:06,Groceries,Wheat Flour 10kg,5,524.53,2622.65,Walmart Gift Card,4
CUST02888,Deepak Ghosh,55,Female,Vadodara,2024-03-27,12:52,Groceries,Wheat Flour 10kg,3,53.76,161.28,Net Banking,5
CUST02889,Ravi Ghosh,55,Male,Agra,2024-01-06,10:53,Groceries,Cooking Oil 1L,4,226.8,907.2,Debit Card,1
CUST02890,Kavita Rathore,37,Male,Chennai,2024-11-10,15:39,Groceries,Tea Powder 500g,6,216.5,1299.0,Net Banking,5
CUST02891,Kiran Chauhan,57,Female,Ludhiana,2025-09-06,10:15,Groceries,Tea Powder 500g,2,304.84,609.68,Walmart Gift Card,5
CUST02892,Vishal Yadav,56,Male,Indore,2024-05-06,14:12,Electronics,Microwave Oven,6,29055.48,174332.88,Debit Card,2
CUST02893,Sneha Mehta,24,Male,Delhi,2025-02-16,17:49,Clothing,Kids Jeans,2,531.44,1062.88,Debit Card,4
CUST02894,Aarti Malhotra,52,Female,Visakhapatnam,2024-09-14,15:11,Sports & Fitness,Cricket Bat,2,13244.84,26489.68,Cash,5
CUST02895,Arjun Desai,28,Male,Chennai,2025-03-10,16:51,Electronics,Microwave Oven,2,11484.98,22969.96,Credit Card,5
CUST02896,Tarun Saxena,19,Female,Chennai,2025-11-07,19:37,Home & Kitchen,Curtains,6,7943.91,47663.46,Net Banking,5
CUST02897,Sandeep Das,48,Female,Delhi,2024-03-17,09:28,Sports & Fitness,Gym Gloves,4,12976.22,51904.88,Walmart Gift Card,5
CUST02898,Vivek Bhatt,62,Male,Mumbai,2025-01-14,10:01,Groceries,Sugar 1kg,6,69.69,418.14,Walmart Gift Card,5
CUST02899,Ankit Bhatt,47,Male,Kanpur,2024-03-07,15:47,Electronics,Refrigerator,3,13588.81,40766.43,Walmart Gift Card,4
CUST02900,Vivek Trivedi,45,Male,Agra,2024-04-15,21:35,Home & Kitchen,Bed Sheet Set,2,4511.08,9022.16,Debit Card,4
CUST02901,Rakesh Kapoor,60,Male,Bhopal,2024-02-10,13:11,Clothing,Sports Shoes,5,308.69,1543.45,Walmart Gift Card,4
CUST02902,Radhika Kulkarni,59,Male,Bangalore,2024-03-13,10:46,Clothing,Innerwear Pack,3,1841.74,5525.22,Cash,3
CUST02903,Arjun Kapoor,38,Male,Lucknow,2025-04-25,19:00,Personal Care,Shampoo 340ml,3,65.74,197.22,Cash,5
CUST02904,Komal Sharma,64,Female,Agra,2025-02-13,12:50,Electronics,Smartwatch,5,27848.45,139242.25,UPI,5
CUST02905,Rakesh Nagar,44,Female,Chennai,2024-11-29,18:22,Personal Care,Body Lotion,5,844.87,4224.35,Credit Card,4
CUST02906,Shalini Tiwari,35,Male,Kolkata,2024-07-19,12:45,Furniture,Recliner,3,9411.2,28233.6,Credit Card,5
CUST02907,Karan Tiwari,36,Male,Agra,2025-12-21,10:01,Clothing,Cotton Saree,1,2781.98,2781.98,Net Banking,5
CUST02908,Jyoti Pandey,39,Male,Coimbatore,2024-12-30,20:38,Groceries,Bread Loaf,2,271.05,542.1,Credit Card,5
CUST02909,Sneha Bose,22,Female,Ahmedabad,2024-05-17,15:55,Clothing,Kids Jeans,2,902.46,1804.92,Walmart Gift Card,5
CUST02910,Rajendra Kulkarni,20,Male,Coimbatore,2024-03-23,16:04,Groceries,Tea Powder 500g,1,126.96,126.96,Net Banking,4
CUST02911,Radhika Pandey,61,Female,Kochi,2024-05-02,10:57,Personal Care,Deodorant,2,861.54,1723.08,Debit Card,5
CUST02912,Siddharth Kaur,45,Male,Patna,2025-09-12,12:15,Furniture,Sofa Set,1,3560.47,3560.47,Credit Card,1
CUST02913,Sunil Nagar,43,Male,Ahmedabad,2025-08-18,13:43,Groceries,Bread Loaf,6,471.77,2830.62,Credit Card,1
CUST02914,Aditya Shetty,24,Male,Ahmedabad,2024-04-04,19:02,Personal Care,Hair Oil,5,859.54,4297.7,Credit Card,3
CUST02915,Karan Nagar,27,Female,Bangalore,2024-02-16,11:33,Personal Care,Shampoo 340ml,5,133.28,666.4,UPI,5
CUST02916,Karan Pillai,58,Female,Ludhiana,2024-10-15,18:38,Clothing,Winter Jacket,2,2338.59,4677.18,Net Banking,5
CUST02917,Priya Joshi,60,Male,Mumbai,2024-08-06,20:13,Electronics,Microwave Oven,6,22704.44,136226.64,UPI,4
CUST02918,Suresh Mehta,20,Female,Kanpur,2025-02-08,09:04,Groceries,Basmati Rice 5kg,1,211.83,211.83,Credit Card,4
CUST02919,Manish Kapoor,25,Male,Surat,2024-02-18,20:30,Electronics,Mixer Grinder,5,14213.0,71065.0,Debit Card,3
CUST02920,Simran Thakur,40,Female,Visakhapatnam,2024-03-19,20:33,Clothing,Women's Kurti,4,1288.88,5155.52,Net Banking,5
CUST02921,Vishal Trivedi,45,Female,Kochi,2025-05-06,16:42,Clothing,Cotton Saree,1,848.78,848.78,Credit Card,3
CUST02922,Preeti Thakur,52,Male,Ludhiana,2025-10-13,21:10,Sports & Fitness,Football,5,6955.78,34778.9,Credit Card,4
CUST02923,Rajendra Bansal,32,Male,Jaipur,2025-05-28,15:59,Electronics,Smartwatch,3,14903.56,44710.68,Net Banking,2
CUST02924,Vishal Rao,35,Male,Ludhiana,2025-08-15,19:25,Home & Kitchen,Non-stick Pan,4,7700.45,30801.8,UPI,1
CUST02925,Kritika Mehta,40,Female,Surat,2024-04-18,21:34,Clothing,Innerwear Pack,2,2744.72,5489.44,Walmart Gift Card,5
CUST02926,Aditya Das,64,Male,Delhi,2024-08-29,18:11,Electronics,Microwave Oven,3,27362.02,82086.06,Cash,2
CUST02927,Siddharth Bose,19,Female,Ahmedabad,2024-02-25,20:29,Clothing,Sports Shoes,4,273.19,1092.76,Walmart Gift Card,2
CUST02928,Radhika Kapoor,47,Female,Kolkata,2024-12-22,20:21,Groceries,Milk 1L,3,425.34,1276.02,Debit Card,5
CUST02929,Varun Bhatt,20,Female,Vadodara,2025-05-30,17:34,Personal Care,Sanitary Pads,4,453.11,1812.44,Net Banking,3
CUST02930,Meera Mehta,20,Male,Bhopal,2025-09-25,13:31,Personal Care,Shampoo 340ml,3,78.2,234.6,Credit Card,2
CUST02931,Vivek Bhatt,43,Male,Visakhapatnam,2024-10-13,10:56,Clothing,Casual Sneakers,5,2155.34,10776.7,Credit Card,4
CUST02932,Sandeep Menon,48,Male,Vadodara,2024-05-09,21:18,Clothing,Formal Shirt,2,2889.8,5779.6,UPI,5
CUST02933,Neha Bose,54,Female,Patna,2025-04-22,21:00,Groceries,Basmati Rice 5kg,1,326.14,326.14,Debit Card,4
CUST02934,Deepak Yadav,47,Male,Visakhapatnam,2024-01-30,16:15,Electronics,Microwave Oven,2,35533.7,71067.4,Debit Card,4
CUST02935,Rakesh Pillai,51,Female,Coimbatore,2024-08-06,19:49,Furniture,Recliner,6,2906.28,17437.68,Credit Card,4
CUST02936,Simran Nagar,24,Female,Bhopal,2024-09-24,15:53,Home & Kitchen,Table Lamp,5,4651.31,23256.55,Net Banking,3
CUST02937,Rajat Kulkarni,19,Female,Vadodara,2025-03-12,21:18,Groceries,Sugar 1kg,1,101.28,101.28,Debit Card,3
CUST02938,Kritika Patel,34,Female,Visakhapatnam,2024-05-07,11:29,Electronics,Washing Machine,1,23346.62,23346.62,UPI,2
CUST02939,Tarun Singh,19,Male,Jaipur,2024-06-07,14:56,Groceries,Eggs (12 pack),3,158.8,476.4,Cash,5
CUST02940,Aarti Verma,62,Female,Pune,2025-11-18,11:13,Electronics,Washing Machine,1,39489.99,39489.99,Credit Card,2
CUST02941,Tanvi Bose,24,Male,Hyderabad,2025-01-23,09:31,Home & Kitchen,Non-stick Pan,6,1229.44,7376.64,Credit Card,4
CUST02942,Kiran Kaur,31,Male,Delhi,2025-11-22,13:16,Electronics,Smartphone,2,4132.12,8264.24,Debit Card,5
CUST02943,Pankaj Desai,65,Female,Pune,2024-05-02,10:53,Home & Kitchen,Bed Sheet Set,3,6233.4,18700.2,Cash,2
CUST02944,Siddharth Chandra,54,Female,Jaipur,2024-10-08,14:20,Personal Care,Sanitary Pads,6,131.63,789.78,Debit Card,5
CUST02945,Siddharth Shetty,27,Female,Vadodara,2024-04-19,13:54,Groceries,Coffee 200g,3,83.01,249.03,Net Banking,4
CUST02946,Vikram Malhotra,30,Male,Pune,2024-12-22,17:03,Electronics,Washing Machine,5,10965.55,54827.75,Walmart Gift Card,4
CUST02947,Mohit Chopra,50,Male,Surat,2025-05-24,20:42,Groceries,Eggs (12 pack),3,75.06,225.18,Net Banking,2
CUST02948,Madhuri Joshi,41,Female,Lucknow,2025-12-19,16:31,Furniture,Dining Table,2,8091.72,16183.44,Cash,5
CUST02949,Harsh Bhatt,35,Female,Jaipur,2024-10-16,21:03,Personal Care,Body Lotion,1,317.14,317.14,Credit Card,5
CUST02950,Priya Saxena,54,Male,Nagpur,2025-11-18,16:23,Electronics,Refrigerator,2,43244.47,86488.94,UPI,4
CUST02951,Jyoti Kulkarni,55,Male,Ludhiana,2024-01-22,18:06,Electronics,Microwave Oven,6,36357.23,218143.38,Debit Card,2
CUST02952,Rahul Bose,19,Female,Kolkata,2025-09-09,15:02,Toys & Baby,Feeding Bottle,3,2951.44,8854.32,Credit Card,5
CUST02953,Neha Ghosh,57,Male,Chennai,2025-07-31,11:25,Toys & Baby,Feeding Bottle,4,221.22,884.88,Debit Card,5
CUST02954,Kavita Bansal,36,Male,Hyderabad,2024-03-01,19:52,Personal Care,Shampoo 340ml,2,170.62,341.24,Debit Card,4
CUST02955,Kritika Thakur,50,Female,Jaipur,2024-06-08,19:59,Furniture,Wardrobe,5,14970.37,74851.85,Debit Card,5
CUST02956,Divya Trivedi,55,Female,Agra,2024-11-09,18:44,Clothing,Formal Shirt,3,2797.75,8393.25,Walmart Gift Card,5
CUST02957,Radhika Kulkarni,64,Male,Kolkata,2025-12-27,13:43,Clothing,Winter Jacket,6,550.29,3301.74,Walmart Gift Card,3
CUST02958,Pankaj Mehta,51,Male,Chennai,2025-09-06,12:25,Toys & Baby,Feeding Bottle,1,729.47,729.47,Walmart Gift Card,3
CUST02959,Tarun Saxena,24,Female,Indore,2025-11-13,13:02,Furniture,Bed Frame,6,2214.38,13286.28,UPI,5
CUST02960,Tanvi Chauhan,24,Male,Kolkata,2024-05-05,09:22,Home & Kitchen,Curtains,5,773.72,3868.6,Credit Card,3
CUST02961,Suresh Shetty,63,Male,Delhi,2025-08-24,14:10,Clothing,Formal Shirt,6,2000.19,12001.14,Net Banking,3
CUST02962,Pankaj Menon,49,Female,Jaipur,2024-09-28,12:58,Groceries,Coffee 200g,2,225.09,450.18,Debit Card,5
CUST02963,Rajesh Nair,63,Female,Vadodara,2025-08-15,11:05,Sports & Fitness,Water Bottle Sports,4,11592.1,46368.4,UPI,2
CUST02964,Anjali Sharma,26,Female,Mumbai,2025-10-05,19:16,Clothing,Kids Jeans,1,958.01,958.01,Walmart Gift Card,5
CUST02965,Rakesh Mishra,31,Female,Bangalore,2024-01-27,14:11,Electronics,Washing Machine,4,11789.29,47157.16,Credit Card,4
CUST02966,Karan Dutta,47,Male,Mumbai,2025-09-29,12:53,Home & Kitchen,Wall Clock,3,556.16,1668.48,Debit Card,5
CUST02967,Madhuri Rao,24,Male,Nashik,2024-11-14,17:21,Clothing,Winter Jacket,3,2838.69,8516.07,Credit Card,3
CUST02968,Vishal Chauhan,56,Male,Vadodara,2025-09-14,09:30,Groceries,Tea Powder 500g,6,60.2,361.2,Debit Card,3
CUST02969,Sneha Dutta,59,Female,Bangalore,2024-10-12,14:11,Toys & Baby,Baby Wipes,5,2378.94,11894.7,Debit Card,5
CUST02970,Ajay Gupta,26,Male,Pune,2025-09-30,17:46,Groceries,Milk 1L,5,548.81,2744.05,Cash,5
CUST02971,Manish Kulkarni,41,Female,Nashik,2025-07-18,17:34,Groceries,Cooking Oil 1L,2,57.57,115.14,Credit Card,5
CUST02972,Amit Thakur,36,Male,Bhopal,2024-08-14,09:03,Electronics,Smartphone,6,13161.67,78970.02,Cash,5
CUST02973,Jyoti Tiwari,51,Female,Surat,2024-01-06,18:21,Electronics,Air Conditioner,3,42767.59,128302.77,Net Banking,2
CUST02974,Naveen Mishra,20,Female,Nashik,2025-02-04,15:39,Toys & Baby,Soft Toy,2,3614.9,7229.8,UPI,5
CUST02975,Suresh Rathore,29,Female,Surat,2024-05-17,09:19,Groceries,Wheat Flour 10kg,3,471.94,1415.82,Debit Card,4
CUST02976,Ishita Gupta,61,Female,Nagpur,2024-07-17,13:38,Groceries,Eggs (12 pack),4,193.43,773.72,Debit Card,4
CUST02977,Kavita Pillai,63,Female,Bhopal,2025-11-26,17:43,Electronics,LED TV 43-inch,4,25371.34,101485.36,Walmart Gift Card,5
CUST02978,Usha Chauhan,52,Female,Bhopal,2025-10-23,21:59,Electronics,Bluetooth Headphones,1,3213.38,3213.38,Cash,5
CUST02979,Shreya Pillai,36,Male,Vadodara,2025-07-04,18:57,Clothing,Winter Jacket,6,1842.43,11054.58,UPI,4
CUST02980,Vishal Bansal,21,Male,Kolkata,2024-09-29,14:43,Electronics,Laptop,1,19857.28,19857.28,Walmart Gift Card,3
CUST02981,Pallavi Desai,46,Male,Jaipur,2025-08-26,12:24,Clothing,Formal Shirt,1,1576.8,1576.8,UPI,2
CUST02982,Usha Rathore,41,Female,Agra,2024-05-22,21:03,Groceries,Bread Loaf,6,546.52,3279.12,Debit Card,3
CUST02983,Tarun Joshi,39,Female,Hyderabad,2024-03-15,11:54,Groceries,Bread Loaf,4,594.62,2378.48,Debit Card,1
CUST02984,Sneha Dutta,39,Female,Coimbatore,2024-04-27,14:14,Clothing,Innerwear Pack,3,2416.1,7248.3,Debit Card,4
CUST02985,Swati Mishra,42,Female,Mumbai,2024-12-07,16:51,Groceries,Tea Powder 500g,6,519.74,3118.44,Net Banking,4
CUST02986,Ajay Thakur,20,Male,Mumbai,2024-09-08,19:25,Groceries,Toor Dal 1kg,1,501.63,501.63,UPI,4
CUST02987,Suresh Kaur,50,Female,Indore,2025-11-26,18:54,Personal Care,Soap Bar Pack,3,577.89,1733.67,Cash,5
CUST02988,Sneha Trivedi,20,Female,Delhi,2024-10-11,21:15,Groceries,Toor Dal 1kg,4,104.62,418.48,Debit Card,5
CUST02989,Vikram Singh,35,Male,Kochi,2024-10-17,12:24,Toys & Baby,Soft Toy,3,3577.77,10733.31,Net Banking,5
CUST02990,Arjun Saxena,33,Female,Indore,2025-12-25,16:51,Groceries,Wheat Flour 10kg,3,540.62,1621.86,UPI,1
CUST02991,Ishita Bose,41,Female,Indore,2025-05-26,13:04,Groceries,Cooking Oil 1L,3,468.17,1404.51,UPI,3
CUST02992,Ashish Nagar,41,Male,Chandigarh,2025-05-30,17:30,Groceries,Wheat Flour 10kg,6,453.71,2722.26,Debit Card,5
CUST02993,Nikhil Bose,61,Male,Bangalore,2025-08-13,18:53,Home & Kitchen,Bed Sheet Set,2,5752.99,11505.98,Net Banking,3
CUST02994,Ritu Yadav,54,Male,Mumbai,2024-05-21,19:44,Clothing,Women's Kurti,2,2618.21,5236.42,Credit Card,4
CUST02995,Varun Nagar,34,Female,Indore,2025-11-13,13:07,Clothing,Casual Sneakers,1,1249.29,1249.29,Walmart Gift Card,5
CUST02996,Rakesh Saxena,18,Female,Surat,2024-04-11,15:43,Clothing,Innerwear Pack,2,1836.01,3672.02,Walmart Gift Card,4
CUST02997,Komal Rathore,59,Female,Patna,2025-04-30,20:27,Furniture,Wardrobe,4,23407.01,93628.04,Cash,5
CUST02998,Harsh Bansal,43,Male,Ludhiana,2024-12-16,19:08,Electronics,LED TV 43-inch,5,30467.67,152338.35,Net Banking,5
CUST02999,Bhavna Mishra,38,Male,Bangalore,2025-07-04,17:31,Clothing,Men's T-Shirt,3,1826.37,5479.11,Net Banking,3
CUST03000,Rajendra Trivedi,27,Female,Kanpur,2025-03-17,10:43,Electronics,Microwave Oven,2,8164.22,16328.44,Walmart Gift Card,5
